step,time,id,mass,x,y,z,vx,vy,vz,radius
0,0,0,1,-0.5,0,0,0,-0.5,0,1
0,0,1,1,0.5,0,0,0,0.5,0,1
1,0.0001,0,1,-0.5,-5.0000000000000002e-05,0,9.9999999985e-05,-0.5,0,1
1,0.0001,1,1,0.5,5.0000000000000002e-05,0,-9.9999999985e-05,0.5,0,1
2,0.00020000000000000001,0,1,-0.49999999000000001,-0.0001,0,0.00019999999847000001,-0.49999999000000017,0,1
2,0.00020000000000000001,1,1,0.49999999000000001,0.0001,0,-0.00019999999847000001,0.49999999000000017,0,1
3,0.00030000000000000003,0,1,-0.49999997000000018,-0.00014999999900000002,0,0.00029999999645499996,-0.49999997000000018,0,1
3,0.00030000000000000003,1,1,0.49999997000000018,0.00014999999900000002,0,-0.00029999999645499996,0.49999997000000018,0,1
4,0.00040000000000000002,0,1,-0.49999994000000053,-0.00019999999600000003,0,0.00039999999493999942,-0.49999993999999903,0,1
4,0.00040000000000000002,1,1,0.49999994000000053,0.00019999999600000003,0,-0.00039999999493999942,0.49999993999999903,0,1
5,0.00050000000000000001,0,1,-0.49999990000000105,-0.00024999998999999994,0,0.00049999999492499774,-0.49999989999999506,0,1
5,0.00050000000000000001,1,1,0.49999990000000105,0.00024999998999999994,0,-0.00049999999492499774,0.49999989999999506,0,1
6,0.00060000000000000006,0,1,-0.49999985000000158,-0.00029999997999999946,0,0.00059999999740999405,-0.49999984999998581,0,1
6,0.00060000000000000006,1,1,0.49999985000000158,0.00029999997999999946,0,-0.00059999999740999405,0.49999984999998581,0,1
7,0.0007000000000000001,0,1,-0.49999979000000183,-0.00034999996499999802,0,0.00070000000339498719,-0.49999978999996825,0,1
7,0.0007000000000000001,1,1,0.49999979000000183,0.00034999996499999802,0,-0.00070000000339498719,0.49999978999996825,0,1
8,0.00080000000000000015,0,1,-0.49999972000000148,-0.00039999994399999488,0,0.00080000001387997555,-0.49999971999993853,0,1
8,0.00080000000000000015,1,1,0.49999972000000148,0.00039999994399999488,0,-0.00080000001387997555,0.49999971999993853,0,1
9,0.00090000000000000019,0,1,-0.49999964000000008,-0.00044999991599998872,0,0.0009000000298649576,-0.49999963999989216,0,1
9,0.00090000000000000019,1,1,0.49999964000000008,0.00044999991599998872,0,-0.0009000000298649576,0.49999963999989216,0,1
10,0.0010000000000000002,0,1,-0.49999954999999707,-0.00049999987999997794,0,0.0010000000523499315,-0.49999954999982393,0,1
10,0.0010000000000000002,1,1,0.49999954999999707,0.00049999987999997794,0,-0.0010000000523499315,0.49999954999982393,0,1
11,0.0011000000000000003,0,1,-0.49999944999999185,-0.00054999983499996036,0,0.0011000000823348953,-0.49999944999972795,0,1
11,0.0011000000000000003,1,1,0.49999944999999185,0.00054999983499996036,0,-0.0011000000823348953,0.49999944999972795,0,1
12,0.0012000000000000003,0,1,-0.49999933999998364,-0.00059999977999993317,0,0.0012000001208198464,-0.49999933999959761,0,1
12,0.0012000000000000003,1,1,0.49999933999998364,0.00059999977999993317,0,-0.0012000001208198464,0.49999933999959761,0,1
13,0.0013000000000000004,0,1,-0.49999921999997154,-0.00064999971399989291,0,0.0013000001688047824,-0.49999921999942565,0,1
13,0.0013000000000000004,1,1,0.49999921999997154,0.00064999971399989291,0,-0.0013000001688047824,0.49999921999942565,0,1
14,0.0014000000000000004,0,1,-0.49999908999995468,-0.00069999963599983546,0,0.0014000002272897005,-0.499999089999204,0,1
14,0.0014000000000000004,1,1,0.49999908999995468,0.00069999963599983546,0,-0.0014000002272897005,0.499999089999204,0,1
15,0.0015000000000000005,0,1,-0.49999894999993194,-0.00074999954499975583,0,0.001500000297274598,-0.49999894999892402,0,1
15,0.0015000000000000005,1,1,0.49999894999993194,0.00074999954499975583,0,-0.001500000297274598,0.49999894999892402,0,1
16,0.0016000000000000005,0,1,-0.49999879999990221,-0.00079999943999964828,0,0.001600000379759472,-0.49999879999857627,0,1
16,0.0016000000000000005,1,1,0.49999879999990221,0.00079999943999964828,0,-0.001600000379759472,0.49999879999857627,0,1
17,0.0017000000000000006,0,1,-0.49999863999986421,-0.00084999931999950589,0,0.0017000004757443191,-0.4999986399981507,0,1
17,0.0017000000000000006,1,1,0.49999863999986421,0.00084999931999950589,0,-0.0017000004757443191,0.4999986399981507,0,1
18,0.0018000000000000006,0,1,-0.49999846999981662,-0.00089999918399932095,0,0.0018000005862291359,-0.49999846999763647,0,1
18,0.0018000000000000006,1,1,0.49999846999981662,0.00089999918399932095,0,-0.0018000005862291359,0.49999846999763647,0,1
19,0.0019000000000000006,0,1,-0.49999828999975798,-0.00094999903099908458,0,0.0019000007122139191,-0.49999828999702212,0,1
19,0.0019000000000000006,1,1,0.49999828999975798,0.00094999903099908458,0,-0.0019000007122139191,0.49999828999702212,0,1
20,0.0020000000000000005,0,1,-0.49999809999968675,-0.0009999988599987868,0,0.0020000008546986652,-0.49999809999629541,0,1
20,0.0020000000000000005,1,1,0.49999809999968675,0.0009999988599987868,0,-0.0020000008546986652,0.49999809999629541,0,1
21,0.0021000000000000003,0,1,-0.49999789999960126,-0.0010499986699984162,0,0.0021000010146833702,-0.49999789999544342,0,1
21,0.0021000000000000003,1,1,0.49999789999960126,0.0010499986699984162,0,-0.0021000010146833702,0.49999789999544342,0,1
22,0.0022000000000000001,0,1,-0.49999768999949978,-0.0010999984599979605,0,0.0022000011931680307,-0.4999976899944526,0,1
22,0.0022000000000000001,1,1,0.49999768999949978,0.0010999984599979605,0,-0.0022000011931680307,0.4999976899944526,0,1
23,0.0023,0,1,-0.49999746999938044,-0.0011499982289974058,0,0.0023000013911526427,-0.49999746999330863,0,1
23,0.0023,1,1,0.49999746999938044,0.0011499982289974058,0,-0.0023000013911526427,0.49999746999330863,0,1
24,0.0023999999999999998,0,1,-0.49999723999924134,-0.0011999979759967367,0,0.002400001609637202,-0.49999723999199652,0,1
24,0.0023999999999999998,1,1,0.49999723999924134,0.0011999979759967367,0,-0.002400001609637202,0.49999723999199652,0,1
25,0.0024999999999999996,0,1,-0.49999699999908037,-0.0012499976999959363,0,0.0025000018496217045,-0.49999699999050057,0,1
25,0.0024999999999999996,1,1,0.49999699999908037,0.0012499976999959363,0,-0.0025000018496217045,0.49999699999050057,0,1
26,0.0025999999999999994,0,1,-0.49999674999889543,-0.0012999973999949864,0,0.0026000021121061465,-0.49999674998880433,0,1
26,0.0025999999999999994,1,1,0.49999674999889543,0.0012999973999949864,0,-0.0026000021121061465,0.49999674998880433,0,1
27,0.0026999999999999993,0,1,-0.49999648999868423,-0.0013499970749938667,0,0.0027000023980905236,-0.49999648998689078,0,1
27,0.0026999999999999993,1,1,0.49999648999868423,0.0013499970749938667,0,-0.0027000023980905236,0.49999648998689078,0,1
28,0.0027999999999999991,0,1,-0.4999962199984444,-0.0013999967239925557,0,0.0028000027085748314,-0.49999621998474209,0,1
28,0.0027999999999999991,1,1,0.4999962199984444,0.0013999967239925557,0,-0.0028000027085748314,0.49999621998474209,0,1
29,0.0028999999999999989,0,1,-0.49999593999817354,-0.0014499963459910299,0,0.0029000030445590656,-0.49999593998233971,0,1
29,0.0028999999999999989,1,1,0.49999593999817354,0.0014499963459910299,0,-0.0029000030445590656,0.49999593998233971,0,1
30,0.0029999999999999988,0,1,-0.49999564999786911,-0.001499995939989264,0,0.0030000034070432223,-0.4999956499796645,0,1
30,0.0029999999999999988,1,1,0.49999564999786911,0.001499995939989264,0,-0.0030000034070432223,0.4999956499796645,0,1
31,0.0030999999999999986,0,1,-0.49999534999752843,-0.0015499955049872304,0,0.0031000037970272971,-0.49999534997669653,0,1
31,0.0030999999999999986,1,1,0.49999534999752843,0.0015499955049872304,0,-0.0031000037970272971,0.49999534997669653,0,1
32,0.0031999999999999984,0,1,-0.49999503999714873,-0.0015999950399849,0,0.0032000042155112852,-0.49999503997341521,0,1
32,0.0031999999999999984,1,1,0.49999503999714873,0.0015999950399849,0,-0.0032000042155112852,0.49999503997341521,0,1
33,0.0032999999999999982,0,1,-0.49999471999672718,-0.0016499945439822415,0,0.0033000046634951829,-0.49999471996979922,0,1
33,0.0032999999999999982,1,1,0.49999471999672718,0.0016499945439822415,0,-0.0033000046634951829,0.49999471996979922,0,1
34,0.0033999999999999981,0,1,-0.49999438999626084,-0.0016999940159792214,0,0.0034000051419789856,-0.49999438996582657,0,1
34,0.0033999999999999981,1,1,0.49999438999626084,0.0016999940159792214,0,-0.0034000051419789856,0.49999438996582657,0,1
35,0.0034999999999999979,0,1,-0.49999404999574665,-0.001749993454975804,0,0.0035000056519626892,-0.49999404996147456,0,1
35,0.0034999999999999979,1,1,0.49999404999574665,0.001749993454975804,0,-0.0035000056519626892,0.49999404996147456,0,1
36,0.0035999999999999977,0,1,-0.49999369999518145,-0.0017999928599719515,0,0.0036000061944462896,-0.49999369995671983,0,1
36,0.0035999999999999977,1,1,0.49999369999518145,0.0017999928599719515,0,-0.0036000061944462896,0.49999369995671983,0,1
37,0.0036999999999999976,0,1,-0.49999333999456202,-0.0018499922299676235,0,0.0037000067704297821,-0.49999333995153822,0,1
37,0.0036999999999999976,1,1,0.49999333999456202,0.0018499922299676235,0,-0.0037000067704297821,0.49999333995153822,0,1
38,0.0037999999999999974,0,1,-0.49999296999388498,-0.0018999915639627773,0,0.0038000073809131632,-0.49999296994590497,0,1
38,0.0037999999999999974,1,1,0.49999296999388498,0.0018999915639627773,0,-0.0038000073809131632,0.49999296994590497,0,1
39,0.0038999999999999972,0,1,-0.49999258999314689,-0.0019499908609573679,0,0.0039000080268964286,-0.49999258993979456,0,1
39,0.0038999999999999972,1,1,0.49999258999314689,0.0019499908609573679,0,-0.0039000080268964286,0.49999258993979456,0,1
40,0.0039999999999999975,0,1,-0.49999219999234418,-0.0019999901199513471,0,0.0040000087093795744,-0.49999219993318078,0,1
40,0.0039999999999999975,1,1,0.49999219999234418,0.0019999901199513471,0,-0.0040000087093795744,0.49999219993318078,0,1
41,0.0040999999999999977,0,1,-0.49999179999147325,-0.0020499893399446652,0,0.0041000094293625966,-0.49999179992603676,0,1
41,0.0040999999999999977,1,1,0.49999179999147325,0.0020499893399446652,0,-0.0041000094293625966,0.49999179992603676,0,1
42,0.004199999999999998,0,1,-0.49999138999053033,-0.0020999885199372687,0,0.0042000101878454914,-0.49999138991833486,0,1
42,0.004199999999999998,1,1,0.49999138999053033,0.0020999885199372687,0,-0.0042000101878454914,0.49999138991833486,0,1
43,0.0042999999999999983,0,1,-0.49999096998951154,-0.0021499876589291022,0,0.0043000109858282549,-0.49999096991004682,0,1
43,0.0042999999999999983,1,1,0.49999096998951154,0.0021499876589291022,0,-0.0043000109858282549,0.49999096991004682,0,1
44,0.0043999999999999985,0,1,-0.49999053998841297,-0.002199986755920107,0,0.0044000118243108831,-0.49999053990114362,0,1
44,0.0043999999999999985,1,1,0.49999053998841297,0.002199986755920107,0,-0.0044000118243108831,0.49999053990114362,0,1
45,0.0044999999999999988,0,1,-0.49999009998723054,-0.0022499858099102213,0,0.004500012704293373,-0.49999009989159554,0,1
45,0.0044999999999999988,1,1,0.49999009998723054,0.0022499858099102213,0,-0.004500012704293373,0.49999009989159554,0,1
46,0.0045999999999999991,0,1,-0.49998964998596013,-0.0022999848198993807,0,0.0046000136267757216,-0.49998964988137218,0,1
46,0.0045999999999999991,1,1,0.49998964998596013,0.0022999848198993807,0,-0.0046000136267757216,0.49998964988137218,0,1
47,0.0046999999999999993,0,1,-0.49998918998459746,-0.0023499837848875178,0,0.0047000145927579258,-0.4999891898704425,0,1
47,0.0046999999999999993,1,1,0.49998918998459746,0.0023499837848875178,0,-0.0047000145927579258,0.4999891898704425,0,1
48,0.0047999999999999996,0,1,-0.49998871998313821,-0.0023999827038745621,0,0.0048000156032399826,-0.49998871985877463,0,1
48,0.0047999999999999996,1,1,0.49998871998313821,0.0023999827038745621,0,-0.0048000156032399826,0.49998871985877463,0,1
49,0.0048999999999999998,0,1,-0.49998823998157788,-0.0024499815758604396,0,0.0049000166592218881,-0.49998823984633606,0,1
49,0.0048999999999999998,1,1,0.49998823998157788,0.0024499815758604396,0,-0.0049000166592218881,0.49998823984633606,0,1
50,0.0050000000000000001,0,1,-0.49998774997991197,-0.002499980399845073,0,0.005000017761703641,-0.49998774983309363,0,1
50,0.0050000000000000001,1,1,0.49998774997991197,0.002499980399845073,0,-0.005000017761703641,0.49998774983309363,0,1
51,0.0051000000000000004,0,1,-0.49998724997813582,-0.0025499791748283822,0,0.0051000189116852373,-0.49998724981901344,0,1
51,0.0051000000000000004,1,1,0.49998724997813582,0.0025499791748283822,0,-0.0051000189116852373,0.49998724981901344,0,1
52,0.0052000000000000006,0,1,-0.49998673997624465,-0.0025999778998102834,0,0.0052000201101666758,-0.49998673980406089,0,1
52,0.0052000000000000006,1,1,0.49998673997624465,0.0025999778998102834,0,-0.0052000201101666758,0.49998673980406089,0,1
53,0.0053000000000000009,0,1,-0.49998621997423365,-0.0026499765737906895,0,0.0053000213581479542,-0.49998621978820063,0,1
53,0.0053000000000000009,1,1,0.49998621997423365,0.0026499765737906895,0,-0.0053000213581479542,0.49998621978820063,0,1
54,0.0054000000000000012,0,1,-0.49998568997209786,-0.0026999751957695094,0,0.0054000226566290705,-0.49998568977139668,0,1
54,0.0054000000000000012,1,1,0.49998568997209786,0.0026999751957695094,0,-0.0054000226566290705,0.49998568977139668,0,1
55,0.0055000000000000014,0,1,-0.49998514996983218,-0.002749973764746649,0,0.0055000240066100234,-0.49998514975361236,0,1
55,0.0055000000000000014,1,1,0.49998514996983218,0.002749973764746649,0,-0.0055000240066100234,0.49998514975361236,0,1
56,0.0056000000000000017,0,1,-0.4999845999674315,-0.0027999722797220103,0,0.0056000254090908105,-0.49998459973481024,0,1
56,0.0056000000000000017,1,1,0.4999845999674315,0.0027999722797220103,0,-0.0056000254090908105,0.49998459973481024,0,1
57,0.0057000000000000019,0,1,-0.4999840399648906,-0.0028499707396954913,0,0.0057000268650714316,-0.49998403971495226,0,1
57,0.0057000000000000019,1,1,0.4999840399648906,0.0028499707396954913,0,-0.0057000268650714316,0.49998403971495226,0,1
58,0.0058000000000000022,0,1,-0.49998346996220411,-0.0028999691436669864,0,0.0058000283755518852,-0.49998346969399954,0,1
58,0.0058000000000000022,1,1,0.49998346996220411,0.0028999691436669864,0,-0.0058000283755518852,0.49998346969399954,0,1
59,0.0059000000000000025,0,1,-0.49998288995936657,-0.0029499674906363865,0,0.005900029941532171,-0.49998288967191262,0,1
59,0.0059000000000000025,1,1,0.49998288995936657,0.0029499674906363865,0,-0.005900029941532171,0.49998288967191262,0,1
60,0.0060000000000000027,0,1,-0.49998229995637244,-0.0029999657796035777,0,0.0060000315640122885,-0.49998229964865132,0,1
60,0.0060000000000000027,1,1,0.49998229995637244,0.0029999657796035777,0,-0.0060000315640122885,0.49998229964865132,0,1
61,0.006100000000000003,0,1,-0.49998169995321606,-0.0030499640095684429,0,0.0061000332439922374,-0.49998169962417471,0,1
61,0.006100000000000003,1,1,0.49998169995321606,0.0030499640095684429,0,-0.0061000332439922374,0.49998169962417471,0,1
62,0.0062000000000000033,0,1,-0.49998108994989165,-0.0030999621795308602,0,0.0062000349824720179,-0.49998108959844118,0,1
62,0.0062000000000000033,1,1,0.49998108994989165,0.0030999621795308602,0,-0.0062000349824720179,0.49998108959844118,0,1
63,0.0063000000000000035,0,1,-0.49998046994639339,-0.0031499602884907042,0,0.0063000367804516306,-0.49998046957140846,0,1
63,0.0063000000000000035,1,1,0.49998046994639339,0.0031499602884907042,0,-0.0063000367804516306,0.49998046957140846,0,1
64,0.0064000000000000038,0,1,-0.49997983994271533,-0.003199958335447845,0,0.0064000386389310758,-0.49997983954303349,0,1
64,0.0064000000000000038,1,1,0.49997983994271533,0.003199958335447845,0,-0.0064000386389310758,0.49997983954303349,0,1
65,0.006500000000000004,0,1,-0.49997919993885143,-0.0032499563194021484,0,0.0065000405589103558,-0.49997919951327263,0,1
65,0.006500000000000004,1,1,0.49997919993885143,0.0032499563194021484,0,-0.0065000405589103558,0.49997919951327263,0,1
66,0.0066000000000000043,0,1,-0.49997854993479551,-0.0032999542393534757,0,0.006600042541389471,-0.49997854948208142,0,1
66,0.0066000000000000043,1,1,0.49997854993479551,0.0032999542393534757,0,-0.006600042541389471,0.49997854948208142,0,1
67,0.0067000000000000046,0,1,-0.49997788993054137,-0.0033499520943016839,0,0.0067000445873684235,-0.49997788944941479,0,1
67,0.0067000000000000046,1,1,0.49997788993054137,0.0033499520943016839,0,-0.0067000445873684235,0.49997788944941479,0,1
68,0.0068000000000000048,0,1,-0.49997721992608263,-0.0033999498832466253,0,0.0068000466978472155,-0.49997721941522694,0,1
68,0.0068000000000000048,1,1,0.49997721992608263,0.0033999498832466253,0,-0.0068000466978472155,0.49997721941522694,0,1
69,0.0069000000000000051,0,1,-0.49997653992141283,-0.0034499476051881479,0,0.00690004887382585,-0.49997653937947134,0,1
69,0.0069000000000000051,1,1,0.49997653992141283,0.0034499476051881479,0,-0.00690004887382585,0.49997653937947134,0,1
70,0.0070000000000000053,0,1,-0.49997584991652544,-0.0034999452591260951,0,0.0070000511163043292,-0.49997584934210076,0,1
70,0.0070000000000000053,1,1,0.49997584991652544,0.0034999452591260951,0,-0.0070000511163043292,0.49997584934210076,0,1
71,0.0071000000000000056,0,1,-0.49997514991141379,-0.0035499428440603051,0,0.007100053426282657,-0.49997514930306736,0,1
71,0.0071000000000000056,1,1,0.49997514991141379,0.0035499428440603051,0,-0.007100053426282657,0.49997514930306736,0,1
72,0.0072000000000000059,0,1,-0.49997443990607116,-0.0035999403589906118,0,0.0072000558047608364,-0.49997443926232249,0,1
72,0.0072000000000000059,1,1,0.49997443990607116,0.0035999403589906118,0,-0.0072000558047608364,0.49997443926232249,0,1
73,0.0073000000000000061,0,1,-0.49997371990049067,-0.0036499378029168439,0,0.0073000582527388723,-0.49997371921981681,0,1
73,0.0073000000000000061,1,1,0.49997371990049067,0.0036499378029168439,0,-0.0073000582527388723,0.49997371921981681,0,1
74,0.0074000000000000064,0,1,-0.49997298989466538,-0.0036999351748388254,0,0.0074000607712167684,-0.49997298917550037,0,1
74,0.0074000000000000064,1,1,0.49997298989466538,0.0036999351748388254,0,-0.0074000607712167684,0.49997298917550037,0,1
75,0.0075000000000000067,0,1,-0.49997224988858824,-0.0037499324737563754,0,0.0075000633611945295,-0.49997224912932248,0,1
75,0.0075000000000000067,1,1,0.49997224988858824,0.0037499324737563754,0,-0.0075000633611945295,0.49997224912932248,0,1
76,0.0076000000000000069,0,1,-0.49997149988225215,-0.0037999296986693078,0,0.0076000660236721614,-0.49997149908123167,0,1
76,0.0076000000000000069,1,1,0.49997149988225215,0.0037999296986693078,0,-0.0076000660236721614,0.49997149908123167,0,1
77,0.0077000000000000072,0,1,-0.49997073987564977,-0.003849926848577431,0,0.0077000687596496704,-0.49997073903117584,0,1
77,0.0077000000000000072,1,1,0.49997073987564977,0.003849926848577431,0,-0.0077000687596496704,0.49997073903117584,0,1
78,0.0078000000000000074,0,1,-0.49996996986877379,-0.0038999239224805486,0,0.0078000715701270623,-0.49996996897910223,0,1
78,0.0078000000000000074,1,1,0.49996996986877379,0.0038999239224805486,0,-0.0078000715701270623,0.49996996897910223,0,1
79,0.0079000000000000077,0,1,-0.49996918986161676,-0.0039499209193784588,0,0.0079000744561043435,-0.49996918892495729,0,1
79,0.0079000000000000077,1,1,0.49996918986161676,0.0039499209193784588,0,-0.0079000744561043435,0.49996918892495729,0,1
80,0.0080000000000000071,0,1,-0.49996839985417113,-0.0039999178382709548,0,0.0080000774185815214,-0.49996839886868683,0,1
80,0.0080000000000000071,1,1,0.49996839985417113,0.0039999178382709548,0,-0.0080000774185815214,0.49996839886868683,0,1
81,0.0081000000000000065,0,1,-0.49996759984642924,-0.0040499146781578232,0,0.0081000804585586034,-0.49996759881023595,0,1
81,0.0081000000000000065,1,1,0.49996759984642924,0.0040499146781578232,0,-0.0081000804585586034,0.49996759881023595,0,1
82,0.0082000000000000059,0,1,-0.49996678983838339,-0.0040999114380388469,0,0.0082000835770355985,-0.49996678874954903,0,1
82,0.0082000000000000059,1,1,0.49996678983838339,0.0040999114380388469,0,-0.0082000835770355985,0.49996678874954903,0,1
83,0.0083000000000000053,0,1,-0.49996596983002567,-0.0041499081169138015,0,0.0083000867750125142,-0.49996596868656973,0,1
83,0.0083000000000000053,1,1,0.49996596983002567,0.0041499081169138015,0,-0.0083000867750125142,0.49996596868656973,0,1
84,0.0084000000000000047,0,1,-0.49996513982134816,-0.0041999047137824584,0,0.0084000900534893612,-0.49996513862124103,0,1
84,0.0084000000000000047,1,1,0.49996513982134816,0.0041999047137824584,0,-0.0084000900534893612,0.49996513862124103,0,1
85,0.0085000000000000041,0,1,-0.49996429981234281,-0.0042499012276445824,0,0.008500093413466147,-0.49996429855350527,0,1
85,0.0085000000000000041,1,1,0.49996429981234281,0.0042499012276445824,0,-0.008500093413466147,0.49996429855350527,0,1
86,0.0086000000000000035,0,1,-0.49996344980300145,-0.0042998976574999325,0,0.0086000968559428841,-0.49996344848330404,0,1
86,0.0086000000000000035,1,1,0.49996344980300145,0.0042998976574999325,0,-0.0086000968559428841,0.49996344848330404,0,1
87,0.0087000000000000029,0,1,-0.49996258979331587,-0.0043498940023482631,0,0.0087001003819195816,-0.49996258841057822,0,1
87,0.0087000000000000029,1,1,0.49996258979331587,0.0043498940023482631,0,-0.0087001003819195816,0.49996258841057822,0,1
88,0.0088000000000000023,0,1,-0.49996171978327769,-0.0043998902611893211,0,0.0088001039923962521,-0.49996171833526798,0,1
88,0.0088000000000000023,1,1,0.49996171978327769,0.0043998902611893211,0,-0.0088001039923962521,0.49996171833526798,0,1
89,0.0089000000000000017,0,1,-0.49996083977287847,-0.0044498864330228477,0,0.0089001076883729064,-0.4999608382573128,0,1
89,0.0089000000000000017,1,1,0.49996083977287847,0.0044498864330228477,0,-0.0089001076883729064,0.4999608382573128,0,1
90,0.0090000000000000011,0,1,-0.49995994976210961,-0.0044998825168485789,0,0.0090001114708495571,-0.49995994817665151,0,1
90,0.0090000000000000011,1,1,0.49995994976210961,0.0044998825168485789,0,-0.0090001114708495571,0.49995994817665151,0,1
91,0.0091000000000000004,0,1,-0.4999590497509625,-0.0045498785116662444,0,0.0091001153408262186,-0.49995904809322217,0,1
91,0.0091000000000000004,1,1,0.4999590497509625,0.0045498785116662444,0,-0.0091001153408262186,0.49995904809322217,0,1
92,0.0091999999999999998,0,1,-0.49995813973942843,-0.0045998744164755662,0,0.0092001192993029033,-0.49995813800696215,0,1
92,0.0091999999999999998,1,1,0.49995813973942843,0.0045998744164755662,0,-0.0092001192993029033,0.49995813800696215,0,1
93,0.0092999999999999992,0,1,-0.49995721972749851,-0.004649870230276262,0,0.0093001233472796256,-0.49995721791780812,0,1
93,0.0092999999999999992,1,1,0.49995721972749851,0.004649870230276262,0,-0.0093001233472796256,0.49995721791780812,0,1
94,0.0093999999999999986,0,1,-0.49995628971516376,-0.0046998659520680426,0,0.0094001274857563998,-0.49995628782569612,0,1
94,0.0093999999999999986,1,1,0.49995628971516376,0.0046998659520680426,0,-0.0094001274857563998,0.49995628782569612,0,1
95,0.009499999999999998,0,1,-0.49995534970241517,-0.0047498615808506126,0,0.009500131715733242,-0.49995534773056138,0,1
95,0.009499999999999998,1,1,0.49995534970241517,0.0047498615808506126,0,-0.009500131715733242,0.49995534773056138,0,1
96,0.0095999999999999974,0,1,-0.4999543996892436,-0.0047998571156236689,0,0.0096001360382101698,-0.49995439763233857,0,1
96,0.0095999999999999974,1,1,0.4999543996892436,0.0047998571156236689,0,-0.0096001360382101698,0.49995439763233857,0,1
97,0.0096999999999999968,0,1,-0.49995343967563977,-0.0048498525553869031,0,0.0097001404541871977,-0.4999534375309615,0,1
97,0.0096999999999999968,1,1,0.49995343967563977,0.0048498525553869031,0,-0.0097001404541871977,0.4999534375309615,0,1
98,0.0097999999999999962,0,1,-0.49995246966159435,-0.0048998478991399991,0,0.0098001449646643434,-0.49995246742636335,0,1
98,0.0097999999999999962,1,1,0.49995246966159435,0.0048998478991399991,0,-0.0098001449646643434,0.49995246742636335,0,1
99,0.0098999999999999956,0,1,-0.4999514896470979,-0.0049498431458826356,0,0.0099001495706416264,-0.49995148731847661,0,1
99,0.0098999999999999956,1,1,0.4999514896470979,0.0049498431458826356,0,-0.0099001495706416264,0.49995148731847661,0,1
100,0.009999999999999995,0,1,-0.49995049963214083,-0.0049998382946144834,0,0.010000154273119065,-0.49995049720723311,0,1
100,0.009999999999999995,1,1,0.49995049963214083,0.0049998382946144834,0,-0.010000154273119065,0.49995049720723311,0,1
101,0.010099999999999994,0,1,-0.49994949961671353,-0.0050498333443352063,0,0.010100159073096677,-0.49994949709256387,0,1
101,0.010099999999999994,1,1,0.49994949961671353,0.0050498333443352063,0,-0.010100159073096677,0.49994949709256387,0,1
102,0.010199999999999994,0,1,-0.49994848960080623,-0.0050998282940444631,0,0.010200163971574484,-0.49994848697439931,0,1
102,0.010199999999999994,1,1,0.49994848960080623,0.0050998282940444631,0,-0.010200163971574484,0.49994848697439931,0,1
103,0.010299999999999993,0,1,-0.49994746958440905,-0.0051498231427419029,0,0.010300168969552506,-0.49994746685266911,0,1
103,0.010299999999999993,1,1,0.49994746958440905,0.0051498231427419029,0,-0.010300168969552506,0.49994746685266911,0,1
104,0.010399999999999993,0,1,-0.49994643956751211,-0.0051998178894271697,0,0.010400174068030765,-0.49994643672730221,0,1
104,0.010399999999999993,1,1,0.49994643956751211,0.0051998178894271697,0,-0.010400174068030765,0.49994643672730221,0,1
105,0.010499999999999992,0,1,-0.49994539955010531,-0.0052498125330998997,0,0.010500179268009283,-0.4999453965982269,0,1
105,0.010499999999999992,1,1,0.49994539955010531,0.0052498125330998997,0,-0.010500179268009283,0.4999453965982269,0,1
106,0.010599999999999991,0,1,-0.49994434953217853,-0.005299807072759722,0,0.010600184570488084,-0.49994434646537078,0,1
106,0.010599999999999991,1,1,0.49994434953217853,0.005299807072759722,0,-0.010600184570488084,0.49994434646537078,0,1
107,0.010699999999999991,0,1,-0.49994328951372147,-0.0053498015074062589,0,0.010700189976467191,-0.49994328632866075,0,1
107,0.010699999999999991,1,1,0.49994328951372147,0.0053498015074062589,0,-0.010700189976467191,0.49994328632866075,0,1
108,0.01079999999999999,0,1,-0.49994221949472384,-0.0053997958360391249,0,0.010800195486946627,-0.49994221618802293,0,1
108,0.01079999999999999,1,1,0.49994221949472384,0.0053997958360391249,0,-0.010800195486946627,0.49994221618802293,0,1
109,0.01089999999999999,0,1,-0.49994113947517516,-0.0054497900576579274,0,0.010900201102926421,-0.49994113604338281,0,1
109,0.01089999999999999,1,1,0.49994113947517516,0.0054497900576579274,0,-0.010900201102926421,0.49994113604338281,0,1
110,0.010999999999999989,0,1,-0.49994004945506487,-0.0054997841712622654,0,0.011000206825406596,-0.49994004589466517,0,1
110,0.010999999999999989,1,1,0.49994004945506487,0.0054997841712622654,0,-0.011000206825406596,0.49994004589466517,0,1
111,0.011099999999999988,0,1,-0.49993894943438233,-0.0055497781758517316,0,0.011100212655387178,-0.49993894574179415,0,1
111,0.011099999999999988,1,1,0.49993894943438233,0.0055497781758517316,0,-0.011100212655387178,0.49993894574179415,0,1
112,0.011199999999999988,0,1,-0.49993783941311681,-0.005599772070425911,0,0.011200218593868197,-0.49993783558469301,0,1
112,0.011199999999999988,1,1,0.49993783941311681,0.005599772070425911,0,-0.011200218593868197,0.49993783558469301,0,1
113,0.011299999999999987,0,1,-0.49993671939125744,-0.0056497658539843799,0,0.01130022464184968,-0.49993671542328449,0,1
113,0.011299999999999987,1,1,0.49993671939125744,0.0056497658539843799,0,-0.01130022464184968,0.49993671542328449,0,1
114,0.011399999999999987,0,1,-0.49993558936879329,-0.0056997595255267085,0,0.011400230800331658,-0.4999355852574906,0,1
114,0.011399999999999987,1,1,0.49993558936879329,0.0056997595255267085,0,-0.011400230800331658,0.4999355852574906,0,1
115,0.011499999999999986,0,1,-0.49993444934571324,-0.0057497530840524575,0,0.011500237070314157,-0.49993444508723256,0,1
115,0.011499999999999986,1,1,0.49993444934571324,0.0057497530840524575,0,-0.011500237070314157,0.49993444508723256,0,1
116,0.011599999999999985,0,1,-0.4999332993220062,-0.0057997465285611807,0,0.011600243452797213,-0.49993329491243094,0,1
116,0.011599999999999985,1,1,0.4999332993220062,0.0057997465285611807,0,-0.011600243452797213,0.49993329491243094,0,1
117,0.011699999999999985,0,1,-0.49993213929766089,-0.0058497398580524239,0,0.011700249948780854,-0.49993213473300557,0,1
117,0.011699999999999985,1,1,0.49993213929766089,0.0058497398580524239,0,-0.011700249948780854,0.49993213473300557,0,1
118,0.011799999999999984,0,1,-0.499930969272666,-0.0058997330715257245,0,0.011800256559265114,-0.4999309645488757,0,1
118,0.011799999999999984,1,1,0.499930969272666,0.0058997330715257245,0,-0.011800256559265114,0.4999309645488757,0,1
119,0.011899999999999984,0,1,-0.49992978924701009,-0.0059497261679806119,0,0.011900263285250024,-0.49992978435995977,0,1
119,0.011899999999999984,1,1,0.49992978924701009,0.0059497261679806119,0,-0.011900263285250024,0.49992978435995977,0,1
120,0.011999999999999983,0,1,-0.49992859922068156,-0.0059997191464166077,0,0.012000270127735621,-0.49992859416617552,0,1
120,0.011999999999999983,1,1,0.49992859922068156,0.0059997191464166077,0,-0.012000270127735621,0.49992859416617552,0,1
121,0.012099999999999982,0,1,-0.4999273991936688,-0.006049712005833225,0,0.01210027708772194,-0.49992739396744007,0,1
121,0.012099999999999982,1,1,0.4999273991936688,0.006049712005833225,0,-0.01210027708772194,0.49992739396744007,0,1
122,0.012199999999999982,0,1,-0.49992618916596004,-0.0060997047452299689,0,0.012200284166209016,-0.49992618376366976,0,1
122,0.012199999999999982,1,1,0.49992618916596004,0.0060997047452299689,0,-0.012200284166209016,0.49992618376366976,0,1
123,0.012299999999999981,0,1,-0.49992496913754342,-0.006149697363606336,0,0.012300291364196886,-0.49992496355478022,0,1
123,0.012299999999999981,1,1,0.49992496913754342,0.006149697363606336,0,-0.012300291364196886,0.49992496355478022,0,1
124,0.01239999999999998,0,1,-0.49992373910840698,-0.006199689859961814,0,0.012400298682685589,-0.49992373334068646,0,1
124,0.01239999999999998,1,1,0.49992373910840698,0.006199689859961814,0,-0.012400298682685589,0.49992373334068646,0,1
125,0.01249999999999998,0,1,-0.4999224990785387,-0.0062496822332958829,0,0.012500306122675163,-0.49992249312130271,0,1
125,0.01249999999999998,1,1,0.4999224990785387,0.0062496822332958829,0,-0.012500306122675163,0.49992249312130271,0,1
126,0.012599999999999979,0,1,-0.49992124904792645,-0.0062996744826080133,0,0.012600313685165647,-0.49992124289654261,0,1
126,0.012599999999999979,1,1,0.49992124904792645,0.0062996744826080133,0,-0.012600313685165647,0.49992124289654261,0,1
127,0.012699999999999979,0,1,-0.49991998901655793,-0.0063496666068976679,0,0.012700321371157081,-0.49991998266631893,0,1
127,0.012699999999999979,1,1,0.49991998901655793,0.0063496666068976679,0,-0.012700321371157081,0.49991998266631893,0,1
128,0.012799999999999978,0,1,-0.49991871898442081,-0.0063996586051642997,0,0.012800329181649509,-0.49991871243054387,0,1
128,0.012799999999999978,1,1,0.49991871898442081,0.0063996586051642997,0,-0.012800329181649509,0.49991871243054387,0,1
129,0.012899999999999977,0,1,-0.49991743895150265,-0.006449650476407354,0,0.012900337117642973,-0.49991743218912887,0,1
129,0.012899999999999977,1,1,0.49991743895150265,0.006449650476407354,0,-0.012900337117642973,0.49991743218912887,0,1
130,0.012999999999999977,0,1,-0.4999161489177909,-0.0064996422196262667,0,0.013000345180137516,-0.49991614194198475,0,1
130,0.012999999999999977,1,1,0.4999161489177909,0.0064996422196262667,0,-0.013000345180137516,0.49991614194198475,0,1
131,0.013099999999999976,0,1,-0.49991484888327287,-0.0065496338338204649,0,0.013100353370133181,-0.49991484168902151,0,1
131,0.013099999999999976,1,1,0.49991484888327287,0.0065496338338204649,0,-0.013100353370133181,0.49991484168902151,0,1
132,0.013199999999999976,0,1,-0.49991353884793588,-0.0065996253179893671,0,0.013200361688630015,-0.49991353143014849,0,1
132,0.013199999999999976,1,1,0.49991353884793588,0.0065996253179893671,0,-0.013200361688630015,0.49991353143014849,0,1
133,0.013299999999999975,0,1,-0.49991221881176701,-0.006649616671132382,0,0.013300370136628064,-0.4999122111652744,0,1
133,0.013299999999999975,1,1,0.49991221881176701,0.006649616671132382,0,-0.013300370136628064,0.4999122111652744,0,1
134,0.013399999999999974,0,1,-0.49991088877475337,-0.0066996078922489091,0,0.013400378715127375,-0.49991088089430719,0,1
134,0.013399999999999974,1,1,0.49991088877475337,0.0066996078922489091,0,-0.013400378715127375,0.49991088089430719,0,1
135,0.013499999999999974,0,1,-0.49990954873688187,-0.0067495989803383399,0,0.013500387425127998,-0.49990954061715409,0,1
135,0.013499999999999974,1,1,0.49990954873688187,0.0067495989803383399,0,-0.013500387425127998,0.49990954061715409,0,1
136,0.013599999999999973,0,1,-0.49990819869813935,-0.0067995899344000556,0,0.013600396267629981,-0.49990819033372164,0,1
136,0.013599999999999973,1,1,0.49990819869813935,0.0067995899344000556,0,-0.013600396267629981,0.49990819033372164,0,1
137,0.013699999999999973,0,1,-0.4999068386585126,-0.0068495807534334277,0,0.013700405243633376,-0.49990683004391573,0,1
137,0.013699999999999973,1,1,0.4999068386585126,0.0068495807534334277,0,-0.013700405243633376,0.49990683004391573,0,1
138,0.013799999999999972,0,1,-0.49990546861798824,-0.0068995714364378192,0,0.013800414354138235,-0.4999054597476415,0,1
138,0.013799999999999972,1,1,0.49990546861798824,0.0068995714364378192,0,-0.013800414354138235,0.4999054597476415,0,1
139,0.013899999999999971,0,1,-0.49990408857655283,-0.0069495619824125835,0,0.013900423600144608,-0.49990407944480336,0,1
139,0.013899999999999971,1,1,0.49990408857655283,0.0069495619824125835,0,-0.013900423600144608,0.49990407944480336,0,1
140,0.013999999999999971,0,1,-0.49990269853419284,-0.0069995523903570635,0,0.01400043298265255,-0.49990268913530511,0,1
140,0.013999999999999971,1,1,0.49990269853419284,0.0069995523903570635,0,-0.01400043298265255,0.49990268913530511,0,1
141,0.01409999999999997,0,1,-0.4999012984908946,-0.0070495426592705936,0,0.014100442502662116,-0.49990128881904977,0,1
141,0.01409999999999997,1,1,0.4999012984908946,0.0070495426592705936,0,-0.014100442502662116,0.49990128881904977,0,1
142,0.01419999999999997,0,1,-0.49989988844664435,-0.0070995327881524985,0,0.014200452161173362,-0.4998998784959397,0,1
142,0.01419999999999997,1,1,0.49989988844664435,0.0070995327881524985,0,-0.014200452161173362,0.4998998784959397,0,1
143,0.014299999999999969,0,1,-0.49989846840142821,-0.0071495227760020926,0,0.014300461959186345,-0.49989845816587652,0,1
143,0.014299999999999969,1,1,0.49989846840142821,0.0071495227760020926,0,-0.014300461959186345,0.49989845816587652,0,1
144,0.014399999999999968,0,1,-0.4998970383552323,-0.0071995126218186807,0,0.014400471897701123,-0.49989702782876122,0,1
144,0.014399999999999968,1,1,0.4998970383552323,0.0071995126218186807,0,-0.014400471897701123,0.49989702782876122,0,1
145,0.014499999999999968,0,1,-0.49989559830804253,-0.0072495023246015571,0,0.014500481977717755,-0.49989558748449403,0,1
145,0.014499999999999968,1,1,0.49989559830804253,0.0072495023246015571,0,-0.014500481977717755,0.49989558748449403,0,1
146,0.014599999999999967,0,1,-0.49989414825984474,-0.0072994918833500068,0,0.014600492200236301,-0.49989413713297448,0,1
146,0.014599999999999967,1,1,0.49989414825984474,0.0072994918833500068,0,-0.014600492200236301,0.49989413713297448,0,1
147,0.014699999999999967,0,1,-0.49989268821062471,-0.0073494812970633042,0,0.014700502566256823,-0.49989267677410137,0,1
147,0.014699999999999967,1,1,0.49989268821062471,0.0073494812970633042,0,-0.014700502566256823,0.49989267677410137,0,1
148,0.014799999999999966,0,1,-0.49989121816036808,-0.0073994705647407143,0,0.014800513076779384,-0.4998912064077729,0,1
148,0.014799999999999966,1,1,0.49989121816036808,0.0073994705647407143,0,-0.014800513076779384,0.4998912064077729,0,1
149,0.014899999999999965,0,1,-0.4998897381090604,-0.0074494596853814914,0,0.014900523732804047,-0.49988972603388648,0,1
149,0.014899999999999965,1,1,0.4998897381090604,0.0074494596853814914,0,-0.014900523732804047,0.49988972603388648,0,1
150,0.014999999999999965,0,1,-0.49988824805668713,-0.0074994486579848798,0,0.015000534535330878,-0.49988823565233886,0,1
150,0.014999999999999965,1,1,0.49988824805668713,0.0074994486579848798,0,-0.015000534535330878,0.49988823565233886,0,1
151,0.015099999999999964,0,1,-0.49988674800323363,-0.007549437481550114,0,0.015100545485359941,-0.49988673526302607,0,1
151,0.015099999999999964,1,1,0.49988674800323363,0.007549437481550114,0,-0.015100545485359941,0.49988673526302607,0,1
152,0.015199999999999964,0,1,-0.49988523794868511,-0.0075994261550764164,0,0.015200556583891306,-0.49988522486584341,0,1
152,0.015199999999999964,1,1,0.49988523794868511,0.0075994261550764164,0,-0.015200556583891306,0.49988522486584341,0,1
153,0.015299999999999963,0,1,-0.49988371789302671,-0.0076494146775630007,0,0.015300567831925039,-0.49988370446068559,0,1
153,0.015299999999999963,1,1,0.49988371789302671,0.0076494146775630007,0,-0.015300567831925039,0.49988370446068559,0,1
154,0.015399999999999962,0,1,-0.4998821878362435,-0.0076994030480090694,0,0.01540057923046121,-0.49988217404744645,0,1
154,0.015399999999999962,1,1,0.4998821878362435,0.0076994030480090694,0,-0.01540057923046121,0.49988217404744645,0,1
155,0.015499999999999962,0,1,-0.49988064777832047,-0.0077493912654138138,0,0.015500590780499892,-0.49988063362601926,0,1
155,0.015499999999999962,1,1,0.49988064777832047,0.0077493912654138138,0,-0.015500590780499892,0.49988063362601926,0,1
156,0.015599999999999961,0,1,-0.49987909771924244,-0.0077993793287764153,0,0.015600602483041156,-0.49987908319629659,0,1
156,0.015599999999999961,1,1,0.49987909771924244,0.0077993793287764153,0,-0.015600602483041156,0.49987908319629659,0,1
157,0.015699999999999961,0,1,-0.49987753765899412,-0.0078493672370960454,0,0.015700614339085074,-0.49987752275817021,0,1
157,0.015699999999999961,1,1,0.49987753765899412,0.0078493672370960454,0,-0.015700614339085074,0.49987752275817021,0,1
158,0.01579999999999996,0,1,-0.4998759675975602,-0.007899354989371863,0,0.015800626349631721,-0.49987595231153126,0,1
158,0.01579999999999996,1,1,0.4998759675975602,0.007899354989371863,0,-0.015800626349631721,0.49987595231153126,0,1
159,0.015899999999999959,0,1,-0.49987438753492525,-0.0079493425846030169,0,0.015900638515681177,-0.49987437185627015,0,1
159,0.015899999999999959,1,1,0.49987438753492525,0.0079493425846030169,0,-0.015900638515681177,0.49987437185627015,0,1
160,0.015999999999999959,0,1,-0.49987279747107366,-0.0079993300217886445,0,0.016000650838233512,-0.49987278139227664,0,1
160,0.015999999999999959,1,1,0.49987279747107366,0.0079993300217886445,0,-0.016000650838233512,0.49987278139227664,0,1
161,0.016099999999999958,0,1,-0.49987119740598984,-0.0080493172999278727,0,0.01610066331828881,-0.49987118091943972,0,1
161,0.016099999999999958,1,1,0.49987119740598984,0.0080493172999278727,0,-0.01610066331828881,0.49987118091943972,0,1
162,0.016199999999999957,0,1,-0.49986958733965803,-0.0080993044180198166,0,0.016200675956847148,-0.49986957043764774,0,1
162,0.016199999999999957,1,1,0.49986958733965803,0.0080993044180198166,0,-0.016200675956847148,0.49986957043764774,0,1
163,0.016299999999999957,0,1,-0.49986796727206234,-0.0081492913750635821,0,0.016300688754908609,-0.49986794994678829,0,1
163,0.016299999999999957,1,1,0.49986796727206234,0.0081492913750635821,0,-0.016300688754908609,0.49986794994678829,0,1
164,0.016399999999999956,0,1,-0.49986633720318685,-0.0081992781700582617,0,0.016400701713473274,-0.49986631944674831,0,1
164,0.016399999999999956,1,1,0.49986633720318685,0.0081992781700582617,0,-0.016400701713473274,0.49986631944674831,0,1
165,0.016499999999999956,0,1,-0.49986469713301551,-0.0082492648020029372,0,0.016500714833541225,-0.49986467893741399,0,1
165,0.016499999999999956,1,1,0.49986469713301551,0.0082492648020029372,0,-0.016500714833541225,0.49986467893741399,0,1
166,0.016599999999999955,0,1,-0.49986304706153217,-0.0082992512698966785,0,0.016600728116112549,-0.49986302841867086,0,1
166,0.016599999999999955,1,1,0.49986304706153217,0.0082992512698966785,0,-0.016600728116112549,0.49986302841867086,0,1
167,0.016699999999999954,0,1,-0.49986138698872057,-0.0083492375727385448,0,0.016700741562187333,-0.49986136789040375,0,1
167,0.016699999999999954,1,1,0.49986138698872057,0.0083492375727385448,0,-0.016700741562187333,0.49986136789040375,0,1
168,0.016799999999999954,0,1,-0.49985971691456432,-0.0083992237095275851,0,0.016800755172765663,-0.49985969735249675,0,1
168,0.016799999999999954,1,1,0.49985971691456432,0.0083992237095275851,0,-0.016800755172765663,0.49985969735249675,0,1
169,0.016899999999999953,0,1,-0.49985803683904706,-0.0084492096792628344,0,0.016900768948847629,-0.49985801680483322,0,1
169,0.016899999999999953,1,1,0.49985803683904706,0.0084492096792628344,0,-0.016900768948847629,0.49985801680483322,0,1
170,0.016999999999999953,0,1,-0.49985634676215218,-0.0084991954809433175,0,0.017000782891433319,-0.49985632624729592,0,1
170,0.016999999999999953,1,1,0.49985634676215218,0.0084991954809433175,0,-0.017000782891433319,0.49985632624729592,0,1
171,0.017099999999999952,0,1,-0.49985464668386304,-0.0085491811135680468,0,0.017100797001522824,-0.49985462567976685,0,1
171,0.017099999999999952,1,1,0.49985464668386304,0.0085491811135680468,0,-0.017100797001522824,0.49985462567976685,0,1
172,0.017199999999999951,0,1,-0.49985293660416286,-0.0085991665761360227,0,0.017200811280116243,-0.49985291510212732,0,1
172,0.017199999999999951,1,1,0.49985293660416286,0.0085991665761360227,0,-0.017200811280116243,0.49985291510212732,0,1
173,0.017299999999999951,0,1,-0.49985121652303482,-0.0086491518676462351,0,0.017300825728213665,-0.49985119451425791,0,1
173,0.017299999999999951,1,1,0.49985121652303482,0.0086491518676462351,0,-0.017300825728213665,0.49985119451425791,0,1
174,0.01739999999999995,0,1,-0.49984948644046201,-0.0086991369870976602,0,0.017400840346815188,-0.49984946391603852,0,1
174,0.01739999999999995,1,1,0.49984948644046201,0.0086991369870976602,0,-0.017400840346815188,0.49984946391603852,0,1
175,0.01749999999999995,0,1,-0.49984774635642731,-0.0087491219334892636,0,0.017500855136920908,-0.49984772330734839,0,1
175,0.01749999999999995,1,1,0.49984774635642731,0.0087491219334892636,0,-0.017500855136920908,0.49984772330734839,0,1
176,0.017599999999999949,0,1,-0.49984599627091364,-0.0087991067058199989,0,0.017600870099530923,-0.49984597268806596,0,1
176,0.017599999999999949,1,1,0.49984599627091364,0.0087991067058199989,0,-0.017600870099530923,0.49984597268806596,0,1
177,0.017699999999999948,0,1,-0.49984423618390367,-0.0088490913030888057,0,0.017700885235645333,-0.49984421205806906,0,1
177,0.017699999999999948,1,1,0.49984423618390367,0.0088490913030888057,0,-0.017700885235645333,0.49984421205806906,0,1
178,0.017799999999999948,0,1,-0.49984246609538008,-0.0088990757242946132,0,0.01780090054626424,-0.49984244141723477,0,1
178,0.017799999999999948,1,1,0.49984246609538008,0.0088990757242946132,0,-0.01780090054626424,0.49984244141723477,0,1
179,0.017899999999999947,0,1,-0.49984068600532544,-0.0089490599684363369,0,0.017900916032387752,-0.49984066076543948,0,1
179,0.017899999999999947,1,1,0.49984068600532544,0.0089490599684363369,0,-0.017900916032387752,0.49984066076543948,0,1
180,0.017999999999999947,0,1,-0.49983889591372221,-0.0089990440345128816,0,0.018000931695015966,-0.4998388701025589,0,1
180,0.017999999999999947,1,1,0.49983889591372221,0.0089990440345128816,0,-0.018000931695015966,0.4998388701025589,0,1
181,0.018099999999999946,0,1,-0.49983709582055269,-0.0090490279215231367,0,0.01810094753514899,-0.49983706942846795,0,1
181,0.018099999999999946,1,1,0.49983709582055269,0.0090490279215231367,0,-0.01810094753514899,0.49983706942846795,0,1
182,0.018199999999999945,0,1,-0.49983528572579916,-0.009099011628465983,0,0.018200963553786934,-0.49983525874304102,0,1
182,0.018199999999999945,1,1,0.49983528572579916,0.009099011628465983,0,-0.018200963553786934,0.49983525874304102,0,1
183,0.018299999999999945,0,1,-0.49983346562944381,-0.0091489951543402871,0,0.018300979751929906,-0.4998334380461516,0,1
183,0.018299999999999945,1,1,0.49983346562944381,0.0091489951543402871,0,-0.018300979751929906,0.4998334380461516,0,1
184,0.018399999999999944,0,1,-0.49983163553146859,-0.0091989784981449021,0,0.018400996130578013,-0.49983160733767262,0,1
184,0.018399999999999944,1,1,0.49983163553146859,0.0091989784981449021,0,-0.018400996130578013,0.49983160733767262,0,1
185,0.018499999999999944,0,1,-0.49982979543185552,-0.0092489616588786686,0,0.018501012690731372,-0.49982976661747625,0,1
185,0.018499999999999944,1,1,0.49982979543185552,0.0092489616588786686,0,-0.018501012690731372,0.49982976661747625,0,1
186,0.018599999999999943,0,1,-0.49982794533058644,-0.0092989446355404154,0,0.018601029433390093,-0.49982791588543396,0,1
186,0.018599999999999943,1,1,0.49982794533058644,0.0092989446355404154,0,-0.018601029433390093,0.49982791588543396,0,1
187,0.018699999999999942,0,1,-0.4998260852276431,-0.0093489274271289589,0,0.018701046359554292,-0.49982605514141654,0,1
187,0.018699999999999942,1,1,0.4998260852276431,0.0093489274271289589,0,-0.018701046359554292,0.49982605514141654,0,1
188,0.018799999999999942,0,1,-0.49982421512300712,-0.0093989100326430999,0,0.018801063470224085,-0.49982418438529402,0,1
188,0.018799999999999942,1,1,0.49982421512300712,0.0093989100326430999,0,-0.018801063470224085,0.49982418438529402,0,1
189,0.018899999999999941,0,1,-0.49982233501666012,-0.009448892451081629,0,0.01890108076639959,-0.4998223036169358,0,1
189,0.018899999999999941,1,1,0.49982233501666012,0.009448892451081629,0,-0.01890108076639959,0.4998223036169358,0,1
190,0.018999999999999941,0,1,-0.49982044490858346,-0.0094988746814433228,0,0.019001098249080927,-0.49982041283621059,0,1
190,0.018999999999999941,1,1,0.49982044490858346,0.0094988746814433228,0,-0.019001098249080927,0.49982041283621059,0,1
191,0.01909999999999994,0,1,-0.49981854479875854,-0.0095488567227269439,0,0.019101115919268215,-0.49981851204298633,0,1
191,0.01909999999999994,1,1,0.49981854479875854,0.0095488567227269439,0,-0.019101115919268215,0.49981851204298633,0,1
192,0.019199999999999939,0,1,-0.49981663468716658,-0.009598838573931243,0,0.019201133777961579,-0.49981660123713023,0,1
192,0.019199999999999939,1,1,0.49981663468716658,0.009598838573931243,0,-0.019201133777961579,0.49981660123713023,0,1
193,0.019299999999999939,0,1,-0.49981471457378879,-0.0096488202340549566,0,0.019301151826161142,-0.49981468041850891,0,1
193,0.019299999999999939,1,1,0.49981471457378879,0.0096488202340549566,0,-0.019301151826161142,0.49981468041850891,0,1
194,0.019399999999999938,0,1,-0.49981278445860616,-0.0096988017020968077,0,0.019401170064867031,-0.49981274958698824,0,1
194,0.019399999999999938,1,1,0.49981278445860616,0.0096988017020968077,0,-0.019401170064867031,0.49981274958698824,0,1
195,0.019499999999999938,0,1,-0.49981084434159967,-0.0097487829770555069,0,0.019501188495079372,-0.49981080874243333,0,1
195,0.019499999999999938,1,1,0.49981084434159967,0.0097487829770555069,0,-0.019501188495079372,0.49981080874243333,0,1
196,0.019599999999999937,0,1,-0.49980889422275016,-0.009798764057929751,0,0.019601207117798294,-0.49980885788470869,0,1
196,0.019599999999999937,1,1,0.49980889422275016,0.009798764057929751,0,-0.019601207117798294,0.49980885788470869,0,1
197,0.019699999999999936,0,1,-0.49980693410203836,-0.0098487449437182212,0,0.01970122593402393,-0.49980689701367803,0,1
197,0.019699999999999936,1,1,0.49980693410203836,0.0098487449437182212,0,-0.01970122593402393,0.49980689701367803,0,1
198,0.019799999999999936,0,1,-0.49980496397944496,-0.0098987256334195882,0,0.019801244944756411,-0.49980492612920441,0,1
198,0.019799999999999936,1,1,0.49980496397944496,0.0098987256334195882,0,-0.019801244944756411,0.49980492612920441,0,1
199,0.019899999999999935,0,1,-0.49980298385495048,-0.009948706126032509,0,0.01990126415099587,-0.49980294523115021,0,1
199,0.019899999999999935,1,1,0.49980298385495048,0.009948706126032509,0,-0.01990126415099587,0.49980294523115021,0,1
200,0.019999999999999934,0,1,-0.49980099372853537,-0.0099986864205556247,0,0.020001283553742442,-0.49980095431937704,0,1
200,0.019999999999999934,1,1,0.49980099372853537,0.0099986864205556247,0,-0.020001283553742442,0.49980095431937704,0,1
201,0.020099999999999934,0,1,-0.49979899360017999,-0.010048666515987563,0,0.020101303153996268,-0.49979895339374586,0,1
201,0.020099999999999934,1,1,0.49979899360017999,0.010048666515987563,0,-0.020101303153996268,0.49979895339374586,0,1
202,0.020199999999999933,0,1,-0.49979698346986456,-0.010098646411326937,0,0.020201322952757485,-0.49979694245411688,0,1
202,0.020199999999999933,1,1,0.49979698346986456,0.010098646411326937,0,-0.020201322952757485,0.49979694245411688,0,1
203,0.020299999999999933,0,1,-0.49979496333756929,-0.010148626105572349,0,0.02030134295102623,-0.49979492150034965,0,1
203,0.020299999999999933,1,1,0.49979496333756929,0.010148626105572349,0,-0.02030134295102623,0.49979492150034965,0,1
204,0.020399999999999932,0,1,-0.49979293320327417,-0.010198605597722383,0,0.020401363149802648,-0.49979289053230308,0,1
204,0.020399999999999932,1,1,0.49979293320327417,0.010198605597722383,0,-0.020401363149802648,0.49979289053230308,0,1
205,0.020499999999999931,0,1,-0.49979089306695917,-0.010248584886775613,0,0.020501383550086884,-0.49979084954983521,0,1
205,0.020499999999999931,1,1,0.49979089306695917,0.010248584886775613,0,-0.020501383550086884,0.49979084954983521,0,1
206,0.020599999999999931,0,1,-0.49978884292860415,-0.010298563971730597,0,0.020601404152879085,-0.49978879855280356,0,1
206,0.020599999999999931,1,1,0.49978884292860415,0.010298563971730597,0,-0.020601404152879085,0.49978879855280356,0,1
207,0.02069999999999993,0,1,-0.49978678278818889,-0.010348542851585877,0,0.020701424959179395,-0.49978673754106478,0,1
207,0.02069999999999993,1,1,0.49978678278818889,0.010348542851585877,0,-0.020701424959179395,0.49978673754106478,0,1
208,0.02079999999999993,0,1,-0.49978471264569296,-0.010398521525339984,0,0.020801445969987967,-0.49978466651447495,0,1
208,0.02079999999999993,1,1,0.49978471264569296,0.010398521525339984,0,-0.020801445969987967,0.49978466651447495,0,1
209,0.020899999999999929,0,1,-0.49978263250109595,-0.010448499991991432,0,0.020901467186304947,-0.49978258547288934,0,1
209,0.020899999999999929,1,1,0.49978263250109595,0.010448499991991432,0,-0.020901467186304947,0.49978258547288934,0,1
210,0.020999999999999928,0,1,-0.4997805423543773,-0.01049847825053872,0,0.021001488609130491,-0.49978049441616262,0,1
210,0.020999999999999928,1,1,0.4997805423543773,0.01049847825053872,0,-0.021001488609130491,0.49978049441616262,0,1
211,0.021099999999999928,0,1,-0.49977844220551637,-0.010548456299980337,0,0.021101510239464754,-0.4997783933441487,0,1
211,0.021099999999999928,1,1,0.49977844220551637,0.010548456299980337,0,-0.021101510239464754,0.4997783933441487,0,1
212,0.021199999999999927,0,1,-0.4997763320544924,-0.010598434139314751,0,0.02120153207830789,-0.49977628225670079,0,1
212,0.021199999999999927,1,1,0.4997763320544924,0.010598434139314751,0,-0.02120153207830789,0.49977628225670079,0,1
213,0.021299999999999927,0,1,-0.49977421190128457,-0.010648411767540422,0,0.021301554126660058,-0.4997741611536714,0,1
213,0.021299999999999927,1,1,0.49977421190128457,0.010648411767540422,0,-0.021301554126660058,0.4997741611536714,0,1
214,0.021399999999999926,0,1,-0.4997720817458719,-0.010698389183655789,0,0.021401576385521415,-0.49977203003491233,0,1
214,0.021399999999999926,1,1,0.4997720817458719,0.010698389183655789,0,-0.021401576385521415,0.49977203003491233,0,1
215,0.021499999999999925,0,1,-0.49976994158823335,-0.01074836638665928,0,0.021501598855892125,-0.49976988890027474,0,1
215,0.021499999999999925,1,1,0.49976994158823335,0.01074836638665928,0,-0.021501598855892125,0.49976988890027474,0,1
216,0.021599999999999925,0,1,-0.49976779142834776,-0.010798343375549307,0,0.021601621538772351,-0.49976773774960898,0,1
216,0.021599999999999925,1,1,0.49976779142834776,0.010798343375549307,0,-0.021601621538772351,0.49976773774960898,0,1
217,0.021699999999999924,0,1,-0.49976563126619389,-0.010848320149324268,0,0.021701644435162259,-0.49976557658276477,0,1
217,0.021699999999999924,1,1,0.49976563126619389,0.010848320149324268,0,-0.021701644435162259,0.49976557658276477,0,1
218,0.021799999999999924,0,1,-0.49976346110175035,-0.010898296706982544,0,0.021801667546062015,-0.49976340539959113,0,1
218,0.021799999999999924,1,1,0.49976346110175035,0.010898296706982544,0,-0.021801667546062015,0.49976340539959113,0,1
219,0.021899999999999923,0,1,-0.49976128093499572,-0.010948273047522503,0,0.021901690872471787,-0.49976122419993635,0,1
219,0.021899999999999923,1,1,0.49976128093499572,0.010948273047522503,0,-0.021901690872471787,0.49976122419993635,0,1
220,0.021999999999999922,0,1,-0.49975909076590846,-0.010998249169942497,0,0.022001714415391747,-0.49975903298364799,0,1
220,0.021999999999999922,1,1,0.49975909076590846,0.010998249169942497,0,-0.022001714415391747,0.49975903298364799,0,1
221,0.022099999999999922,0,1,-0.49975689059446693,-0.011048225073240863,0,0.022101738175822068,-0.49975683175057301,0,1
221,0.022099999999999922,1,1,0.49975689059446693,0.011048225073240863,0,-0.022101738175822068,0.49975683175057301,0,1
222,0.022199999999999921,0,1,-0.49975468042064936,-0.01109820075641592,0,0.022201762154762925,-0.49975462050055752,0,1
222,0.022199999999999921,1,1,0.49975468042064936,0.01109820075641592,0,-0.022201762154762925,0.49975462050055752,0,1
223,0.022299999999999921,0,1,-0.49975246024443387,-0.011148176218465975,0,0.022301786353214489,-0.49975239923344705,0,1
223,0.022299999999999921,1,1,0.49975246024443387,0.011148176218465975,0,-0.022301786353214489,0.49975239923344705,0,1
224,0.02239999999999992,0,1,-0.49975023006579855,-0.011198151458389319,0,0.022401810772176945,-0.49975016794908639,0,1
224,0.02239999999999992,1,1,0.49975023006579855,0.011198151458389319,0,-0.022401810772176945,0.49975016794908639,0,1
225,0.022499999999999919,0,1,-0.49974798988472136,-0.011248126475184228,0,0.022501835412650467,-0.4997479266473196,0,1
225,0.022499999999999919,1,1,0.49974798988472136,0.011248126475184228,0,-0.022501835412650467,0.4997479266473196,0,1
226,0.022599999999999919,0,1,-0.49974573970118008,-0.01129810126784896,0,0.022601860275635242,-0.49974567532799008,0,1
226,0.022599999999999919,1,1,0.49974573970118008,0.01129810126784896,0,-0.022601860275635242,0.49974567532799008,0,1
227,0.022699999999999918,0,1,-0.49974347951515252,-0.011348075835381759,0,0.022701885362131451,-0.49974341399094047,0,1
227,0.022699999999999918,1,1,0.49974347951515252,0.011348075835381759,0,-0.022701885362131451,0.49974341399094047,0,1
228,0.022799999999999918,0,1,-0.49974120932661631,-0.011398050176780854,0,0.022801910673139279,-0.49974114263601277,0,1
228,0.022799999999999918,1,1,0.49974120932661631,0.011398050176780854,0,-0.022801910673139279,0.49974114263601277,0,1
229,0.022899999999999917,0,1,-0.49973892913554901,-0.011448024291044455,0,0.022901936209658916,-0.49973886126304828,0,1
229,0.022899999999999917,1,1,0.49973892913554901,0.011448024291044455,0,-0.022901936209658916,0.49973886126304828,0,1
230,0.022999999999999916,0,1,-0.49973663894192805,-0.01149799817717076,0,0.023001961972690551,-0.49973656987188753,0,1
230,0.022999999999999916,1,1,0.49973663894192805,0.01149799817717076,0,-0.023001961972690551,0.49973656987188753,0,1
231,0.023099999999999916,0,1,-0.49973433874573076,-0.011547971834157948,0,0.023101987963234375,-0.49973426846237035,0,1
231,0.023099999999999916,1,1,0.49973433874573076,0.011547971834157948,0,-0.023101987963234375,0.49973426846237035,0,1
232,0.023199999999999915,0,1,-0.49973202854693444,-0.011597945261004185,0,0.023202014182290582,-0.49973195703433593,0,1
232,0.023199999999999915,1,1,0.49973202854693444,0.011597945261004185,0,-0.023202014182290582,0.49973195703433593,0,1
233,0.023299999999999915,0,1,-0.49972970834551622,-0.01164791845670762,0,0.023302040630859364,-0.49972963558762273,0,1
233,0.023299999999999915,1,1,0.49972970834551622,0.01164791845670762,0,-0.023302040630859364,0.49972963558762273,0,1
234,0.023399999999999914,0,1,-0.49972737814145313,-0.011697891420266383,0,0.023402067309940922,-0.49972730412206851,0,1
234,0.023399999999999914,1,1,0.49972737814145313,0.011697891420266383,0,-0.023402067309940922,0.49972730412206851,0,1
235,0.023499999999999913,0,1,-0.49972503793472212,-0.01174786415067859,0,0.023502094220535456,-0.49972496263751026,0,1
235,0.023499999999999913,1,1,0.49972503793472212,0.01174786415067859,0,-0.023502094220535456,0.49972496263751026,0,1
236,0.023599999999999913,0,1,-0.49972268772530004,-0.011797836646942341,0,0.023602121363643164,-0.49972261113378441,0,1
236,0.023599999999999913,1,1,0.49972268772530004,0.011797836646942341,0,-0.023602121363643164,0.49972261113378441,0,1
237,0.023699999999999912,0,1,-0.4997203275131637,-0.011847808908055719,0,0.023702148740264252,-0.49972024961072653,0,1
237,0.023699999999999912,1,1,0.4997203275131637,0.011847808908055719,0,-0.023702148740264252,0.49972024961072653,0,1
238,0.023799999999999912,0,1,-0.49971795729828966,-0.011897780933016791,0,0.023802176351398925,-0.49971787806817164,0,1
238,0.023799999999999912,1,1,0.49971795729828966,0.011897780933016791,0,-0.023802176351398925,0.49971787806817164,0,1
239,0.023899999999999911,0,1,-0.4997155770806545,-0.011947752720823608,0,0.023902204198047391,-0.49971549650595393,0,1
239,0.023899999999999911,1,1,0.4997155770806545,0.011947752720823608,0,-0.023902204198047391,0.49971549650595393,0,1
240,0.02399999999999991,0,1,-0.49971318686023469,-0.011997724270474203,0,0.024002232281209859,-0.49971310492390691,0,1
240,0.02399999999999991,1,1,0.49971318686023469,0.011997724270474203,0,-0.024002232281209859,0.49971310492390691,0,1
241,0.02409999999999991,0,1,-0.49971078663700658,-0.012047695580966593,0,0.024102260601886541,-0.49971070332186346,0,1
241,0.02409999999999991,1,1,0.49971078663700658,0.012047695580966593,0,-0.024102260601886541,0.49971070332186346,0,1
242,0.024199999999999909,0,1,-0.4997083764109464,-0.012097666651298779,0,0.02420228916107765,-0.49970829169965564,0,1
242,0.024199999999999909,1,1,0.4997083764109464,0.012097666651298779,0,-0.02420228916107765,0.49970829169965564,0,1
243,0.024299999999999908,0,1,-0.49970595618203029,-0.012147637480468744,0,0.024302317959783399,-0.49970587005711492,0,1
243,0.024299999999999908,1,1,0.49970595618203029,0.012147637480468744,0,-0.024302317959783399,0.49970587005711492,0,1
244,0.024399999999999908,0,1,-0.49970352595023432,-0.012197608067474455,0,0.02440234699900401,-0.499703438394072,0,1
244,0.024399999999999908,1,1,0.49970352595023432,0.012197608067474455,0,-0.02440234699900401,0.499703438394072,0,1
245,0.024499999999999907,0,1,-0.4997010857155344,-0.012247578411313862,0,0.024502376279739699,-0.49970099671035689,0,1
245,0.024499999999999907,1,1,0.4997010857155344,0.012247578411313862,0,-0.024502376279739699,0.49970099671035689,0,1
246,0.024599999999999907,0,1,-0.49969863547790644,-0.012297548510984897,0,0.024602405802990692,-0.49969854500579897,0,1
246,0.024599999999999907,1,1,0.49969863547790644,0.012297548510984897,0,-0.024602405802990692,0.49969854500579897,0,1
247,0.024699999999999906,0,1,-0.49969617523732612,-0.012347518365485477,0,0.024702435569757212,-0.49969608328022674,0,1
247,0.024699999999999906,1,1,0.49969617523732612,0.012347518365485477,0,-0.024702435569757212,0.49969608328022674,0,1
248,0.024799999999999905,0,1,-0.49969370499376914,-0.012397487973813499,0,0.024802465581039483,-0.4996936115334682,0,1
248,0.024799999999999905,1,1,0.49969370499376914,0.012397487973813499,0,-0.024802465581039483,0.4996936115334682,0,1
249,0.024899999999999905,0,1,-0.49969122474721106,-0.012447457334966846,0,0.024902495837837733,-0.49969112976535046,0,1
249,0.024899999999999905,1,1,0.49969122474721106,0.012447457334966846,0,-0.024902495837837733,0.49969112976535046,0,1
250,0.024999999999999904,0,1,-0.4996887344976273,-0.012497426447943381,0,0.025002526341152194,-0.49968863797570012,0,1
250,0.024999999999999904,1,1,0.4996887344976273,0.012497426447943381,0,-0.025002526341152194,0.49968863797570012,0,1
251,0.025099999999999904,0,1,-0.4996862342449932,-0.012547395311740952,0,0.025102557091983099,-0.49968613616434288,0,1
251,0.025099999999999904,1,1,0.4996862342449932,0.012547395311740952,0,-0.025102557091983099,0.49968613616434288,0,1
252,0.025199999999999903,0,1,-0.49968372398928401,-0.012597363925357387,0,0.025202588091330681,-0.49968362433110386,0,1
252,0.025199999999999903,1,1,0.49968372398928401,0.012597363925357387,0,-0.025202588091330681,0.49968362433110386,0,1
253,0.025299999999999902,0,1,-0.49968120373047487,-0.012647332287790497,0,0.025302619340195176,-0.49968110247580749,0,1
253,0.025299999999999902,1,1,0.49968120373047487,0.012647332287790497,0,-0.025302619340195176,0.49968110247580749,0,1
254,0.025399999999999902,0,1,-0.49967867346854083,-0.012697300398038078,0,0.025402650839576827,-0.49967857059827742,0,1
254,0.025399999999999902,1,1,0.49967867346854083,0.012697300398038078,0,-0.025402650839576827,0.49967857059827742,0,1
255,0.025499999999999901,0,1,-0.49967613320345688,-0.012747268255097905,0,0.025502682590475872,-0.49967602869833661,0,1
255,0.025499999999999901,1,1,0.49967613320345688,0.012747268255097905,0,-0.025502682590475872,0.49967602869833661,0,1
256,0.025599999999999901,0,1,-0.49967358293519781,-0.012797235857967739,0,0.025602714593892555,-0.49967347677580737,0,1
256,0.025599999999999901,1,1,0.49967358293519781,0.012797235857967739,0,-0.025602714593892555,0.49967347677580737,0,1
257,0.0256999999999999,0,1,-0.49967102266373842,-0.01284720320564532,0,0.025702746850827123,-0.49967091483051124,0,1
257,0.0256999999999999,1,1,0.49967102266373842,0.01284720320564532,0,-0.025702746850827123,0.49967091483051124,0,1
258,0.025799999999999899,0,1,-0.49966845238905333,-0.012897170297128372,0,0.025802779362279819,-0.49966834286226913,0,1
258,0.025799999999999899,1,1,0.49966845238905333,0.012897170297128372,0,-0.025802779362279819,0.49966834286226913,0,1
259,0.025899999999999899,0,1,-0.49966587211111713,-0.012947137131414599,0,0.025902812129250895,-0.49966576087090114,0,1
259,0.025899999999999899,1,1,0.49966587211111713,0.012947137131414599,0,-0.025902812129250895,0.49966576087090114,0,1
260,0.025999999999999898,0,1,-0.49966328182990422,-0.012997103707501689,0,0.026002845152740605,-0.4996631688562268,0,1
260,0.025999999999999898,1,1,0.49966328182990422,0.012997103707501689,0,-0.026002845152740605,0.4996631688562268,0,1
261,0.026099999999999898,0,1,-0.49966068154538895,-0.013047070024387311,0,0.026102878433749203,-0.49966056681806481,0,1
261,0.026099999999999898,1,1,0.49966068154538895,0.013047070024387311,0,-0.026102878433749203,0.49966056681806481,0,1
262,0.026199999999999897,0,1,-0.49965807125754558,-0.013097036081069118,0,0.026202911973276944,-0.49965795475623326,0,1
262,0.026199999999999897,1,1,0.49965807125754558,0.013097036081069118,0,-0.026202911973276944,0.49965795475623326,0,1
263,0.026299999999999896,0,1,-0.49965545096634822,-0.013147001876544741,0,0.026302945772324091,-0.49965533267054946,0,1
263,0.026299999999999896,1,1,0.49965545096634822,0.013147001876544741,0,-0.026302945772324091,0.49965533267054946,0,1
264,0.026399999999999896,0,1,-0.49965282067177097,-0.013196967409811796,0,0.0264029798318909,-0.49965270056083005,0,1
264,0.026399999999999896,1,1,0.49965282067177097,0.013196967409811796,0,-0.0264029798318909,0.49965270056083005,0,1
265,0.026499999999999895,0,1,-0.49965018037378778,-0.013246932679867878,0,0.026503014152977636,-0.49965005842689098,0,1
265,0.026499999999999895,1,1,0.49965018037378778,0.013246932679867878,0,-0.026503014152977636,0.49965005842689098,0,1
266,0.026599999999999895,0,1,-0.4996475300723725,-0.013296897685710568,0,0.026603048736584565,-0.49964740626854748,0,1
266,0.026599999999999895,1,1,0.4996475300723725,0.013296897685710568,0,-0.026603048736584565,0.49964740626854748,0,1
267,0.026699999999999894,0,1,-0.49964486976749883,-0.013346862426337423,0,0.026703083583711956,-0.4996447440856141,0,1
267,0.026699999999999894,1,1,0.49964486976749883,0.013346862426337423,0,-0.026703083583711956,0.4996447440856141,0,1
268,0.026799999999999893,0,1,-0.49964219945914046,-0.013396826900745984,0,0.026803118695360079,-0.49964207187790466,0,1
268,0.026799999999999893,1,1,0.49964219945914046,0.013396826900745984,0,-0.026803118695360079,0.49964207187790466,0,1
269,0.026899999999999893,0,1,-0.49963951914727089,-0.013446791107933774,0,0.026903154072529207,-0.4996393896452323,0,1
269,0.026899999999999893,1,1,0.49963951914727089,0.013446791107933774,0,-0.026903154072529207,0.4996393896452323,0,1
270,0.026999999999999892,0,1,-0.49963682883186367,-0.013496755046898297,0,0.027003189716219612,-0.4996366973874094,0,1
270,0.026999999999999892,1,1,0.49963682883186367,0.013496755046898297,0,-0.027003189716219612,0.4996366973874094,0,1
271,0.027099999999999892,0,1,-0.49963412851289202,-0.013546718716637037,0,0.027103225627431574,-0.49963399510424772,0,1
271,0.027099999999999892,1,1,0.49963412851289202,0.013546718716637037,0,-0.027103225627431574,0.49963399510424772,0,1
272,0.027199999999999891,0,1,-0.4996314181903293,-0.013596682116147462,0,0.027203261807165369,-0.49963128279555818,0,1
272,0.027199999999999891,1,1,0.4996314181903293,0.013596682116147462,0,-0.027203261807165369,0.49963128279555818,0,1
273,0.02729999999999989,0,1,-0.4996286978641486,-0.013646645244427017,0,0.027303298256421284,-0.49962856046115117,0,1
273,0.02729999999999989,1,1,0.4996286978641486,0.013646645244427017,0,-0.027303298256421284,0.49962856046115117,0,1
274,0.02739999999999989,0,1,-0.49962596753432298,-0.013696608100473132,0,0.027403334976199598,-0.49962582810083628,0,1
274,0.02739999999999989,1,1,0.49962596753432298,0.013696608100473132,0,-0.027403334976199598,0.49962582810083628,0,1
275,0.027499999999999889,0,1,-0.49962322720082536,-0.013746570683283216,0,0.027503371967500603,-0.49962308571442238,0,1
275,0.027499999999999889,1,1,0.49962322720082536,0.013746570683283216,0,-0.027503371967500603,0.49962308571442238,0,1
276,0.027599999999999889,0,1,-0.49962047686362859,-0.013796532991854658,0,0.027603409231324583,-0.49962033330171768,0,1
276,0.027599999999999889,1,1,0.49962047686362859,0.013796532991854658,0,-0.027603409231324583,0.49962033330171768,0,1
277,0.027699999999999888,0,1,-0.49961771652270548,-0.01384649502518483,0,0.027703446768671834,-0.49961757086252961,0,1
277,0.027699999999999888,1,1,0.49961771652270548,0.01384649502518483,0,-0.027703446768671834,0.49961757086252961,0,1
278,0.027799999999999887,0,1,-0.4996149461780286,-0.013896456782271083,0,0.027803484580542645,-0.49961479839666501,0,1
278,0.027799999999999887,1,1,0.4996149461780286,0.013896456782271083,0,-0.027803484580542645,0.49961479839666501,0,1
279,0.027899999999999887,0,1,-0.49961216582957052,-0.013946418262110748,0,0.027903522667937313,-0.49961201590392995,0,1
279,0.027899999999999887,1,1,0.49961216582957052,0.013946418262110748,0,-0.027903522667937313,0.49961201590392995,0,1
280,0.027999999999999886,0,1,-0.49960937547730372,-0.013996379463701141,0,0.028003561031856139,-0.49960922338412983,0,1
280,0.027999999999999886,1,1,0.49960937547730372,0.013996379463701141,0,-0.028003561031856139,0.49960922338412983,0,1
281,0.028099999999999885,0,1,-0.49960657512120055,-0.014046340386039554,0,0.028103599673299423,-0.49960642083706924,0,1
281,0.028099999999999885,1,1,0.49960657512120055,0.014046340386039554,0,-0.028103599673299423,0.49960642083706924,0,1
282,0.028199999999999885,0,1,-0.49960376476123319,-0.014096301028123261,0,0.028203638593267469,-0.49960360826255223,0,1
282,0.028199999999999885,1,1,0.49960376476123319,0.014096301028123261,0,-0.028203638593267469,0.49960360826255223,0,1
283,0.028299999999999884,0,1,-0.49960094439737385,-0.014146261388949517,0,0.028303677792760582,-0.49960078566038202,0,1
283,0.028299999999999884,1,1,0.49960094439737385,0.014146261388949517,0,-0.028303677792760582,0.49960078566038202,0,1
284,0.028399999999999884,0,1,-0.49959811402959459,-0.014196221467515556,0,0.028403717272779069,-0.49959795303036114,0,1
284,0.028399999999999884,1,1,0.49959811402959459,0.014196221467515556,0,-0.028403717272779069,0.49959795303036114,0,1
285,0.028499999999999883,0,1,-0.49959527365786732,-0.014246181262818592,0,0.028503757034323243,-0.49959511037229148,0,1
285,0.028499999999999883,1,1,0.49959527365786732,0.014246181262818592,0,-0.028503757034323243,0.49959511037229148,0,1
286,0.028599999999999882,0,1,-0.49959242328216391,-0.01429614077385582,0,0.028603797078393417,-0.49959225768597415,0,1
286,0.028599999999999882,1,1,0.49959242328216391,0.01429614077385582,0,-0.028603797078393417,0.49959225768597415,0,1
287,0.028699999999999882,0,1,-0.4995895629024561,-0.014346099999624417,0,0.028703837405989904,-0.49958939497120963,0,1
287,0.028699999999999882,1,1,0.4995895629024561,0.014346099999624417,0,-0.028703837405989904,0.49958939497120963,0,1
288,0.028799999999999881,0,1,-0.49958669251871551,-0.014396058939121539,0,0.028803878018113023,-0.49958652222779759,0,1
288,0.028799999999999881,1,1,0.49958669251871551,0.014396058939121539,0,-0.028803878018113023,0.49958652222779759,0,1
289,0.028899999999999881,0,1,-0.49958381213091368,-0.014446017591344319,0,0.028903918915763098,-0.49958363945553713,0,1
289,0.028899999999999881,1,1,0.49958381213091368,0.014446017591344319,0,-0.028903918915763098,0.49958363945553713,0,1
290,0.02899999999999988,0,1,-0.49958092173902213,-0.014495975955289873,0,0.029003960099940447,-0.49958074665422653,0,1
290,0.02899999999999988,1,1,0.49958092173902213,0.014495975955289873,0,-0.029003960099940447,0.49958074665422653,0,1
291,0.029099999999999879,0,1,-0.49957802134301216,-0.014545934029955295,0,0.029104001571645399,-0.49957784382366344,0,1
291,0.029099999999999879,1,1,0.49957802134301216,0.014545934029955295,0,-0.029104001571645399,0.49957784382366344,0,1
292,0.029199999999999879,0,1,-0.49957511094285501,-0.014595891814337661,0,0.029204043331878281,-0.49957493096364475,0,1
292,0.029199999999999879,1,1,0.49957511094285501,0.014595891814337661,0,-0.029204043331878281,0.49957493096364475,0,1
293,0.029299999999999878,0,1,-0.49957219053852181,-0.014645849307434025,0,0.029304085381639425,-0.49957200807396668,0,1
293,0.029299999999999878,1,1,0.49957219053852181,0.014645849307434025,0,-0.029304085381639425,0.49957200807396668,0,1
294,0.029399999999999878,0,1,-0.49956926012998365,-0.014695806508241422,0,0.029404127721929164,-0.49956907515442472,0,1
294,0.029399999999999878,1,1,0.49956926012998365,0.014695806508241422,0,-0.029404127721929164,0.49956907515442472,0,1
295,0.029499999999999877,0,1,-0.49956631971721144,-0.014745763415756865,0,0.029504170353747833,-0.49956613220481372,0,1
295,0.029499999999999877,1,1,0.49956631971721144,0.014745763415756865,0,-0.029504170353747833,0.49956613220481372,0,1
296,0.029599999999999876,0,1,-0.49956336930017609,-0.014795720028977347,0,0.029604213278095769,-0.49956317922492771,0,1
296,0.029599999999999876,1,1,0.49956336930017609,0.014795720028977347,0,-0.029604213278095769,0.49956317922492771,0,1
297,0.029699999999999876,0,1,-0.49956040887884828,-0.014845676346899839,0,0.029704256495973316,-0.49956021621456009,0,1
297,0.029699999999999876,1,1,0.49956040887884828,0.014845676346899839,0,-0.029704256495973316,0.49956021621456009,0,1
298,0.029799999999999875,0,1,-0.49955743845319867,-0.014895632368521296,0,0.029804300008380816,-0.49955724317350358,0,1
298,0.029799999999999875,1,1,0.49955743845319867,0.014895632368521296,0,-0.029804300008380816,0.49955724317350358,0,1
299,0.029899999999999875,0,1,-0.49955445802319781,-0.014945588092838646,0,0.029904343816318617,-0.49955426010155013,0,1
299,0.029899999999999875,1,1,0.49955445802319781,0.014945588092838646,0,-0.029904343816318617,0.49955426010155013,0,1
300,0.029999999999999874,0,1,-0.49955146758881619,-0.014995543518848801,0,0.030004387920787065,-0.49955126699849101,0,1
300,0.029999999999999874,1,1,0.49955146758881619,0.014995543518848801,0,-0.030004387920787065,0.49955126699849101,0,1
301,0.030099999999999873,0,1,-0.4995484671500241,-0.01504549864554865,0,0.03010443232278651,-0.49954826386411683,0,1
301,0.030099999999999873,1,1,0.4995484671500241,0.01504549864554865,0,-0.03010443232278651,0.49954826386411683,0,1
302,0.030199999999999873,0,1,-0.49954545670679185,-0.015095453471935062,0,0.03020447702331731,-0.49954525069821737,0,1
302,0.030199999999999873,1,1,0.49954545670679185,0.015095453471935062,0,-0.03020447702331731,0.49954525069821737,0,1
303,0.030299999999999872,0,1,-0.49954243625908951,-0.015145407997004885,0,0.030304522023379819,-0.49954222750058186,0,1
303,0.030299999999999872,1,1,0.49954243625908951,0.015145407997004885,0,-0.030304522023379819,0.49954222750058186,0,1
304,0.030399999999999872,0,1,-0.49953940580688716,-0.015195362219754942,0,0.030404567323974396,-0.49953919427099874,0,1
304,0.030399999999999872,1,1,0.49953940580688716,0.015195362219754942,0,-0.030404567323974396,0.49953919427099874,0,1
305,0.030499999999999871,0,1,-0.49953636535015478,-0.015245316139182043,0,0.030504612926101404,-0.49953615100925575,0,1
305,0.030499999999999871,1,1,0.49953636535015478,0.015245316139182043,0,-0.030504612926101404,0.49953615100925575,0,1
306,0.03059999999999987,0,1,-0.49953331488886216,-0.015295269754282968,0,0.030604658830761206,-0.49953309771513993,0,1
306,0.03059999999999987,1,1,0.49953331488886216,0.015295269754282968,0,-0.030604658830761206,0.49953309771513993,0,1
307,0.03069999999999987,0,1,-0.4995302544229791,-0.015345223064054482,0,0.030704705038954169,-0.49953003438843757,0,1
307,0.03069999999999987,1,1,0.4995302544229791,0.015345223064054482,0,-0.030704705038954169,0.49953003438843757,0,1
308,0.030799999999999869,0,1,-0.4995271839524752,-0.015395176067493325,0,0.030804751551680665,-0.49952696102893435,0,1
308,0.030799999999999869,1,1,0.4995271839524752,0.015395176067493325,0,-0.030804751551680665,0.49952696102893435,0,1
309,0.030899999999999869,0,1,-0.49952410347732001,-0.015445128763596218,0,0.030904798369941065,-0.4995238776364152,0,1
309,0.030899999999999869,1,1,0.49952410347732001,0.015445128763596218,0,-0.030904798369941065,0.4995238776364152,0,1
310,0.030999999999999868,0,1,-0.49952101299748303,-0.01549508115135986,0,0.031004845494735742,-0.49952078421066431,0,1
310,0.030999999999999868,1,1,0.49952101299748303,0.01549508115135986,0,-0.031004845494735742,0.49952078421066431,0,1
311,0.031099999999999867,0,1,-0.49951791251293354,-0.015545033229780927,0,0.031104892927065076,-0.49951768075146524,0,1
311,0.031099999999999867,1,1,0.49951791251293354,0.015545033229780927,0,-0.031104892927065076,0.49951768075146524,0,1
312,0.031199999999999867,0,1,-0.49951480202364085,-0.015594984997856073,0,0.031204940667929448,-0.49951456725860072,0,1
312,0.031199999999999867,1,1,0.49951480202364085,0.015594984997856073,0,-0.031204940667929448,0.49951456725860072,0,1
313,0.03129999999999987,0,1,-0.49951168152957404,-0.015644936454581933,0,0.031304988718329242,-0.49951144373185291,0,1
313,0.03129999999999987,1,1,0.49951168152957404,0.015644936454581933,0,-0.031304988718329242,0.49951144373185291,0,1
314,0.031399999999999872,0,1,-0.49950855103070219,-0.015694887598955119,0,0.031405037079264841,-0.49950831017100317,0,1
314,0.031399999999999872,1,1,0.49950855103070219,0.015694887598955119,0,-0.031405037079264841,0.49950831017100317,0,1
315,0.031499999999999875,0,1,-0.49950541052699426,-0.015744838429972218,0,0.031505085751736633,-0.49950516657583222,0,1
315,0.031499999999999875,1,1,0.49950541052699426,0.015744838429972218,0,-0.031505085751736633,0.49950516657583222,0,1
316,0.031599999999999878,0,1,-0.49950226001841908,-0.015794788946629803,0,0.031605134736745012,-0.49950201294612001,0,1
316,0.031599999999999878,1,1,0.49950226001841908,0.015794788946629803,0,-0.031605134736745012,0.49950201294612001,0,1
317,0.031699999999999881,0,1,-0.49949909950494542,-0.015844739147924416,0,0.031705184035290372,-0.49949884928164584,0,1
317,0.031699999999999881,1,1,0.49949909950494542,0.015844739147924416,0,-0.031705184035290372,0.49949884928164584,0,1
318,0.031799999999999884,0,1,-0.49949592898654188,-0.015894689032852582,0,0.031805233648373107,-0.49949567558218827,0,1
318,0.031799999999999884,1,1,0.49949592898654188,0.015894689032852582,0,-0.031805233648373107,0.49949567558218827,0,1
319,0.031899999999999887,0,1,-0.49949274846317704,-0.015944638600410801,0,0.031905283576993619,-0.4994924918475252,0,1
319,0.031899999999999887,1,1,0.49949274846317704,0.015944638600410801,0,-0.031905283576993619,0.4994924918475252,0,1
320,0.03199999999999989,0,1,-0.49948955793481936,-0.015994587849595555,0,0.032005333822152315,-0.49948929807743375,0,1
320,0.03199999999999989,1,1,0.49948955793481936,0.015994587849595555,0,-0.032005333822152315,0.49948929807743375,0,1
321,0.032099999999999893,0,1,-0.49948635740143715,-0.016044536779403297,0,0.032105384384849597,-0.49948609427169038,0,1
321,0.032099999999999893,1,1,0.49948635740143715,0.016044536779403297,0,-0.032105384384849597,0.49948609427169038,0,1
322,0.032199999999999895,0,1,-0.49948314686299866,-0.016094485388830466,0,0.032205435266085866,-0.49948288043007083,0,1
322,0.032199999999999895,1,1,0.49948314686299866,0.016094485388830466,0,-0.032205435266085866,0.49948288043007083,0,1
323,0.032299999999999898,0,1,-0.49947992631947208,-0.016144433676873474,0,0.032305486466861544,-0.49947965655235016,0,1
323,0.032299999999999898,1,1,0.49947992631947208,0.016144433676873474,0,-0.032305486466861544,0.49947965655235016,0,1
324,0.032399999999999901,0,1,-0.49947669577082537,-0.016194381642528708,0,0.032405537988177038,-0.49947642263830272,0,1
324,0.032399999999999901,1,1,0.49947669577082537,0.016194381642528708,0,-0.032405537988177038,0.49947642263830272,0,1
325,0.032499999999999904,0,1,-0.49947345521702657,-0.016244329284792539,0,0.032505589831032765,-0.49947317868770208,0,1
325,0.032499999999999904,1,1,0.49947345521702657,0.016244329284792539,0,-0.032505589831032765,0.49947317868770208,0,1
326,0.032599999999999907,0,1,-0.49947020465804348,-0.01629427660266131,0,0.032605641996429145,-0.4994699247003212,0,1
326,0.032599999999999907,1,1,0.49947020465804348,0.01629427660266131,0,-0.032605641996429145,0.4994699247003212,0,1
327,0.03269999999999991,0,1,-0.49946694409384385,-0.016344223595131342,0,0.032705694485366602,-0.49946666067593232,0,1
327,0.03269999999999991,1,1,0.49946694409384385,0.016344223595131342,0,-0.032705694485366602,0.49946666067593232,0,1
328,0.032799999999999913,0,1,-0.4994636735243953,-0.016394170261198934,0,0.032805747298845556,-0.49946338661430689,0,1
328,0.032799999999999913,1,1,0.4994636735243953,0.016394170261198934,0,-0.032805747298845556,0.49946338661430689,0,1
329,0.032899999999999915,0,1,-0.49946039294966543,-0.016444116599860364,0,0.032905800437866436,-0.49946010251521578,0,1
329,0.032899999999999915,1,1,0.49946039294966543,0.016444116599860364,0,-0.032905800437866436,0.49946010251521578,0,1
330,0.032999999999999918,0,1,-0.49945710236962165,-0.016494062610111885,0,0.03300585390342968,-0.49945680837842904,0,1
330,0.032999999999999918,1,1,0.49945710236962165,0.016494062610111885,0,-0.03300585390342968,0.49945680837842904,0,1
331,0.033099999999999921,0,1,-0.49945380178423132,-0.016544008290949729,0,0.033105907696535715,-0.49945350420371604,0,1
331,0.033099999999999921,1,1,0.49945380178423132,0.016544008290949729,0,-0.033105907696535715,0.49945350420371604,0,1
332,0.033199999999999924,0,1,-0.49945049119346169,-0.016593953641370101,0,0.033205961818184977,-0.49945018999084551,0,1
332,0.033199999999999924,1,1,0.49945049119346169,0.016593953641370101,0,-0.033205961818184977,0.49945018999084551,0,1
333,0.033299999999999927,0,1,-0.49944717059727989,-0.016643898660369187,0,0.03330601626937791,-0.49944686573958541,0,1
333,0.033299999999999927,1,1,0.49944717059727989,0.016643898660369187,0,-0.03330601626937791,0.49944686573958541,0,1
334,0.03339999999999993,0,1,-0.49944383999565295,-0.016693843346943144,0,0.033406071051114948,-0.49944353144970299,0,1
334,0.03339999999999993,1,1,0.49944383999565295,0.016693843346943144,0,-0.033406071051114948,0.49944353144970299,0,1
335,0.033499999999999933,0,1,-0.49944049938854784,-0.016743787700088116,0,0.033506126164396542,-0.49944018712096483,0,1
335,0.033499999999999933,1,1,0.49944049938854784,0.016743787700088116,0,-0.033506126164396542,0.49944018712096483,0,1
336,0.033599999999999935,0,1,-0.49943714877593143,-0.016793731718800213,0,0.033606181610223142,-0.49943683275313683,0,1
336,0.033599999999999935,1,1,0.49943714877593143,0.016793731718800213,0,-0.033606181610223142,0.49943683275313683,0,1
337,0.033699999999999938,0,1,-0.4994337881577704,-0.016843675402075528,0,0.033706237389595196,-0.49943346834598407,0,1
337,0.033699999999999938,1,1,0.4994337881577704,0.016843675402075528,0,-0.033706237389595196,0.49943346834598407,0,1
338,0.033799999999999941,0,1,-0.49943041753403145,-0.016893618748910127,0,0.033806293503513163,-0.49943009389927101,0,1
338,0.033799999999999941,1,1,0.49943041753403145,0.016893618748910127,0,-0.033806293503513163,0.49943009389927101,0,1
339,0.033899999999999944,0,1,-0.4994270369046811,-0.016943561758300054,0,0.033906349952977491,-0.4994267094127614,0,1
339,0.033899999999999944,1,1,0.4994270369046811,0.016943561758300054,0,-0.033906349952977491,0.4994267094127614,0,1
340,0.033999999999999947,0,1,-0.49942364626968583,-0.01699350442924133,0,0.034006406738988644,-0.49942331488621833,0,1
340,0.033999999999999947,1,1,0.49942364626968583,0.01699350442924133,0,-0.034006406738988644,0.49942331488621833,0,1
341,0.03409999999999995,0,1,-0.49942024562901194,-0.017043446760729952,0,0.034106463862547086,-0.49941991031940403,0,1
341,0.03409999999999995,1,1,0.49942024562901194,0.017043446760729952,0,-0.034106463862547086,0.49941991031940403,0,1
342,0.034199999999999953,0,1,-0.49941683498262568,-0.017093388751761893,0,0.03420652132465328,-0.49941649571208013,0,1
342,0.034199999999999953,1,1,0.49941683498262568,0.017093388751761893,0,-0.03420652132465328,0.49941649571208013,0,1
343,0.034299999999999956,0,1,-0.49941341433049319,-0.0171433304013331,0,0.034306579126307697,-0.49941307106400756,0,1
343,0.034299999999999956,1,1,0.49941341433049319,0.0171433304013331,0,-0.034306579126307697,0.49941307106400756,0,1
344,0.034399999999999958,0,1,-0.49940998367258055,-0.017193271708439501,0,0.034406637268510808,-0.49940963637494651,0,1
344,0.034399999999999958,1,1,0.49940998367258055,0.017193271708439501,0,-0.034406637268510808,0.49940963637494651,0,1
345,0.034499999999999961,0,1,-0.49940654300885368,-0.017243212672076996,0,0.034506695752263089,-0.49940619164465649,0,1
345,0.034499999999999961,1,1,0.49940654300885368,0.017243212672076996,0,-0.034506695752263089,0.49940619164465649,0,1
346,0.034599999999999964,0,1,-0.49940309233927843,-0.01729315329124146,0,0.034606754578565019,-0.49940273687289632,0,1
346,0.034599999999999964,1,1,0.49940309233927843,0.01729315329124146,0,-0.034606754578565019,0.49940273687289632,0,1
347,0.034699999999999967,0,1,-0.49939963166382056,-0.01734309356492875,0,0.034706813748417074,-0.49939927205942403,0,1
347,0.034699999999999967,1,1,0.49939963166382056,0.01734309356492875,0,-0.034706813748417074,0.49939927205942403,0,1
348,0.03479999999999997,0,1,-0.49939616098244571,-0.017393033492134693,0,0.034806873262819747,-0.49939579720399702,0,1
348,0.03479999999999997,1,1,0.49939616098244571,0.017393033492134693,0,-0.034806873262819747,0.49939579720399702,0,1
349,0.034899999999999973,0,1,-0.49939268029511941,-0.017442973071855092,0,0.034906933122773515,-0.49939231230637193,0,1
349,0.034899999999999973,1,1,0.49939268029511941,0.017442973071855092,0,-0.034906933122773515,0.49939231230637193,0,1
350,0.034999999999999976,0,1,-0.49938918960180712,-0.017492912303085729,0,0.035006993329278875,-0.49938881736630469,0,1
350,0.034999999999999976,1,1,0.49938918960180712,0.017492912303085729,0,-0.035006993329278875,0.49938881736630469,0,1
351,0.035099999999999978,0,1,-0.4993856889024742,-0.01754285118482236,0,0.035107053883336313,-0.49938531238355061,0,1
351,0.035099999999999978,1,1,0.4993856889024742,0.01754285118482236,0,-0.035107053883336313,0.49938531238355061,0,1
352,0.035199999999999981,0,1,-0.49938217819708586,-0.017592789716060715,0,0.035207114785946327,-0.4993817973578642,0,1
352,0.035199999999999981,1,1,0.49938217819708586,0.017592789716060715,0,-0.035207114785946327,0.4993817973578642,0,1
353,0.035299999999999984,0,1,-0.49937865748560728,-0.017642727895796503,0,0.035307176038109421,-0.49937827228899934,0,1
353,0.035299999999999984,1,1,0.49937865748560728,0.017642727895796503,0,-0.035307176038109421,0.49937827228899934,0,1
354,0.035399999999999987,0,1,-0.4993751267680035,-0.017692665723025403,0,0.035407237640826095,-0.4993747371767091,0,1
354,0.035399999999999987,1,1,0.4993751267680035,0.017692665723025403,0,-0.035407237640826095,0.4993747371767091,0,1
355,0.03549999999999999,0,1,-0.49937158604423942,-0.017742603196743076,0,0.035507299595096853,-0.49937119202074598,0,1
355,0.03549999999999999,1,1,0.49937158604423942,0.017742603196743076,0,-0.035507299595096853,0.49937119202074598,0,1
356,0.035599999999999993,0,1,-0.49936803531427992,-0.017792540315945151,0,0.035607361901922201,-0.4993676368208616,0,1
356,0.035599999999999993,1,1,0.49936803531427992,0.017792540315945151,0,-0.035607361901922201,0.4993676368208616,0,1
357,0.035699999999999996,0,1,-0.49936447457808975,-0.017842477079627238,0,0.03570742456230265,-0.49936407157680707,0,1
357,0.035699999999999996,1,1,0.49936447457808975,0.017842477079627238,0,-0.03570742456230265,0.49936407157680707,0,1
358,0.035799999999999998,0,1,-0.49936090383563353,-0.017892413486784917,0,0.035807487577238721,-0.49936049628833262,0,1
358,0.035799999999999998,1,1,0.49936090383563353,0.017892413486784917,0,-0.035807487577238721,0.49936049628833262,0,1
359,0.035900000000000001,0,1,-0.4993573230868758,-0.01794234953641375,0,0.035907550947730932,-0.49935691095518786,0,1
359,0.035900000000000001,1,1,0.4993573230868758,0.01794234953641375,0,-0.035907550947730932,0.49935691095518786,0,1
360,0.036000000000000004,0,1,-0.49935373233178104,-0.017992285227509269,0,0.036007614674779795,-0.49935331557712165,0,1
360,0.036000000000000004,1,1,0.49935373233178104,0.017992285227509269,0,-0.036007614674779795,0.49935331557712165,0,1
361,0.036100000000000007,0,1,-0.49935013157031355,-0.018042220559066981,0,0.036107678759385843,-0.49934971015388219,0,1
361,0.036100000000000007,1,1,0.49935013157031355,0.018042220559066981,0,-0.036107678759385843,0.49934971015388219,0,1
362,0.03620000000000001,0,1,-0.49934652080243763,-0.018092155530082369,0,0.036207743202549596,-0.49934609468521696,0,1
362,0.03620000000000001,1,1,0.49934652080243763,0.018092155530082369,0,-0.036207743202549596,0.49934609468521696,0,1
363,0.036300000000000013,0,1,-0.49934290002811738,-0.018142090139550891,0,0.036307808005271593,-0.49934246917087266,0,1
363,0.036300000000000013,1,1,0.49934290002811738,0.018142090139550891,0,-0.036307808005271593,0.49934246917087266,0,1
364,0.036400000000000016,0,1,-0.49933926924731686,-0.01819202438646798,0,0.03640787316855236,-0.49933883361059539,0,1
364,0.036400000000000016,1,1,0.49933926924731686,0.01819202438646798,0,-0.03640787316855236,0.49933883361059539,0,1
365,0.036500000000000019,0,1,-0.49933562846000001,-0.01824195826982904,0,0.036507938693392437,-0.49933518800413051,0,1
365,0.036500000000000019,1,1,0.49933562846000001,0.01824195826982904,0,-0.036507938693392437,0.49933518800413051,0,1
366,0.036600000000000021,0,1,-0.49933197766613069,-0.018291891788629455,0,0.036608004580792358,-0.49933153235122263,0,1
366,0.036600000000000021,1,1,0.49933197766613069,0.018291891788629455,0,-0.036608004580792358,0.49933153235122263,0,1
367,0.036700000000000024,0,1,-0.49932831686567258,-0.018341824941864576,0,0.036708070831752676,-0.49932786665161571,0,1
367,0.036700000000000024,1,1,0.49932831686567258,0.018341824941864576,0,-0.036708070831752676,0.49932786665161571,0,1
368,0.036800000000000027,0,1,-0.49932464605858939,-0.018391757728529738,0,0.036808137447273931,-0.49932419090505292,0,1
368,0.036800000000000027,1,1,0.49932464605858939,0.018391757728529738,0,-0.036808137447273931,0.49932419090505292,0,1
369,0.03690000000000003,0,1,-0.49932096524484465,-0.018441690147620243,0,0.03690820442835667,-0.49932050511127679,0,1
369,0.03690000000000003,1,1,0.49932096524484465,0.018441690147620243,0,-0.03690820442835667,0.49932050511127679,0,1
370,0.037000000000000033,0,1,-0.49931727442440182,-0.018491622198131372,0,0.037008271776001453,-0.49931680927002914,0,1
370,0.037000000000000033,1,1,0.49931727442440182,0.018491622198131372,0,-0.037008271776001453,0.49931680927002914,0,1
371,0.037100000000000036,0,1,-0.49931357359722423,-0.018541553879058374,0,0.037108339491208828,-0.49931310338105106,0,1
371,0.037100000000000036,1,1,0.49931357359722423,0.018541553879058374,0,-0.037108339491208828,0.49931310338105106,0,1
372,0.037200000000000039,0,1,-0.4993098627632751,-0.018591485189396479,0,0.037208407574979362,-0.49930938744408293,0,1
372,0.037200000000000039,1,1,0.4993098627632751,0.018591485189396479,0,-0.037208407574979362,0.49930938744408293,0,1
373,0.037300000000000041,0,1,-0.4993061419225176,-0.018641416128140888,0,0.037308476028313609,-0.49930566145886446,0,1
373,0.037300000000000041,1,1,0.4993061419225176,0.018641416128140888,0,-0.037308476028313609,0.49930566145886446,0,1
374,0.037400000000000044,0,1,-0.49930241107491474,-0.018691346694286775,0,0.037408544852212143,-0.49930192542513463,0,1
374,0.037400000000000044,1,1,0.49930241107491474,0.018691346694286775,0,-0.037408544852212143,0.49930192542513463,0,1
375,0.037500000000000047,0,1,-0.49929867022042951,-0.018741276886829288,0,0.037508614047675526,-0.49929817934263165,0,1
375,0.037500000000000047,1,1,0.49929867022042951,0.018741276886829288,0,-0.037508614047675526,0.49929817934263165,0,1
376,0.03760000000000005,0,1,-0.49929491935902476,-0.018791206704763551,0,0.037608683615704339,-0.49929442321109307,0,1
376,0.03760000000000005,1,1,0.49929491935902476,0.018791206704763551,0,-0.037608683615704339,0.49929442321109307,0,1
377,0.037700000000000053,0,1,-0.49929115849066319,-0.018841136147084662,0,0.037708753557299149,-0.49929065703025577,0,1
377,0.037700000000000053,1,1,0.49929115849066319,0.018841136147084662,0,-0.037708753557299149,0.49929065703025577,0,1
378,0.037800000000000056,0,1,-0.49928738761530744,-0.018891065212787689,0,0.037808823873460538,-0.49928688079985589,0,1
378,0.037800000000000056,1,1,0.49928738761530744,0.018891065212787689,0,-0.037808823873460538,0.49928688079985589,0,1
379,0.037900000000000059,0,1,-0.4992836067329201,-0.018940993900867675,0,0.037908894565189089,-0.49928309451962888,0,1
379,0.037900000000000059,1,1,0.4992836067329201,0.018940993900867675,0,-0.037908894565189089,0.49928309451962888,0,1
380,0.038000000000000062,0,1,-0.49927981584346359,-0.018990922210319637,0,0.038008965633485388,-0.49927929818930938,0,1
380,0.038000000000000062,1,1,0.49927981584346359,0.018990922210319637,0,-0.038008965633485388,0.49927929818930938,0,1
381,0.038100000000000064,0,1,-0.49927601494690027,-0.019040850140138569,0,0.038109037079350018,-0.49927549180863151,0,1
381,0.038100000000000064,1,1,0.49927601494690027,0.019040850140138569,0,-0.038109037079350018,0.49927549180863151,0,1
382,0.038200000000000067,0,1,-0.49927220404319234,-0.019090777689319431,0,0.038209108903783574,-0.49927167537732847,0,1
382,0.038200000000000067,1,1,0.49927220404319234,0.019090777689319431,0,-0.038209108903783574,0.49927167537732847,0,1
383,0.03830000000000007,0,1,-0.49926838313230198,-0.019140704856857163,0,0.038309181107786652,-0.49926784889513293,0,1
383,0.03830000000000007,1,1,0.49926838313230198,0.019140704856857163,0,-0.038309181107786652,0.49926784889513293,0,1
384,0.038400000000000073,0,1,-0.49926455221419119,-0.019190631641746676,0,0.038409253692359854,-0.49926401236177675,0,1
384,0.038400000000000073,1,1,0.49926455221419119,0.019190631641746676,0,-0.038409253692359854,0.49926401236177675,0,1
385,0.038500000000000076,0,1,-0.49926071128882193,-0.019240558042982855,0,0.038509326658503776,-0.49926016577699112,0,1
385,0.038500000000000076,1,1,0.49926071128882193,0.019240558042982855,0,-0.038509326658503776,0.49926016577699112,0,1
386,0.038600000000000079,0,1,-0.49925686035615607,-0.019290484059560555,0,0.038609400007219026,-0.49925630914050645,0,1
386,0.038600000000000079,1,1,0.49925686035615607,0.019290484059560555,0,-0.038609400007219026,0.49925630914050645,0,1
387,0.038700000000000082,0,1,-0.49925299941615536,-0.019340409690474604,0,0.038709473739506214,-0.49925244245205258,0,1
387,0.038700000000000082,1,1,0.49925299941615536,0.019340409690474604,0,-0.038709473739506214,0.49925244245205258,0,1
388,0.038800000000000084,0,1,-0.49924912846878139,-0.019390334934719811,0,0.038809547856365957,-0.49924856571135851,0,1
388,0.038800000000000084,1,1,0.49924912846878139,0.019390334934719811,0,-0.038809547856365957,0.49924856571135851,0,1
389,0.038900000000000087,0,1,-0.49924524751399574,-0.019440259791290947,0,0.038909622358798863,-0.49924467891815255,0,1
389,0.038900000000000087,1,1,0.49924524751399574,0.019440259791290947,0,-0.038909622358798863,0.49924467891815255,0,1
390,0.03900000000000009,0,1,-0.49924135655175989,-0.019490184259182763,0,0.03900969724780555,-0.49924078207216238,0,1
390,0.03900000000000009,1,1,0.49924135655175989,0.019490184259182763,0,-0.03900969724780555,0.49924078207216238,0,1
391,0.039100000000000093,0,1,-0.49923745558203508,-0.019540108337389978,0,0.039109772524386646,-0.49923687517311494,0,1
391,0.039100000000000093,1,1,0.49923745558203508,0.019540108337389978,0,-0.039109772524386646,0.49923687517311494,0,1
392,0.039200000000000096,0,1,-0.49923354460478264,-0.019590032024907288,0,0.039209848189542776,-0.49923295822073643,0,1
392,0.039200000000000096,1,1,0.49923354460478264,0.019590032024907288,0,-0.039209848189542776,0.49923295822073643,0,1
393,0.039300000000000099,0,1,-0.4992296236199637,-0.01963995532072936,0,0.039309924244274562,-0.49922903121475232,0,1
393,0.039300000000000099,1,1,0.4992296236199637,0.01963995532072936,0,-0.039309924244274562,0.49922903121475232,0,1
394,0.039400000000000102,0,1,-0.4992256926275393,-0.019689878223850835,0,0.039410000689582642,-0.49922509415488747,0,1
394,0.039400000000000102,1,1,0.4992256926275393,0.019689878223850835,0,-0.039410000689582642,0.49922509415488747,0,1
395,0.039500000000000104,0,1,-0.49922175162747034,-0.019739800733266324,0,0.039510077526467652,-0.4992211470408659,0,1
395,0.039500000000000104,1,1,0.49922175162747034,0.019739800733266324,0,-0.039510077526467652,0.4992211470408659,0,1
396,0.039600000000000107,0,1,-0.49921780061971771,-0.019789722847970412,0,0.039610154755930237,-0.49921718987241104,0,1
396,0.039600000000000107,1,1,0.49921780061971771,0.019789722847970412,0,-0.039610154755930237,0.49921718987241104,0,1
397,0.03970000000000011,0,1,-0.49921383960424209,-0.019839644566957654,0,0.039710232378971033,-0.4992132226492455,0,1
397,0.03970000000000011,1,1,0.49921383960424209,0.019839644566957654,0,-0.039710232378971033,0.4992132226492455,0,1
398,0.039800000000000113,0,1,-0.49920986858100419,-0.019889565889222579,0,0.039810310396590685,-0.49920924537109129,0,1
398,0.039800000000000113,1,1,0.49920986858100419,0.019889565889222579,0,-0.039810310396590685,0.49920924537109129,0,1
399,0.039900000000000116,0,1,-0.49920588754996453,-0.019939486813759687,0,0.039910388809789844,-0.49920525803766963,0,1
399,0.039900000000000116,1,1,0.49920588754996453,0.019939486813759687,0,-0.039910388809789844,0.49920525803766963,0,1
400,0.040000000000000119,0,1,-0.49920189651108354,-0.019989407339563454,0,0.040010467619569168,-0.49920126064870107,0,1
400,0.040000000000000119,1,1,0.49920189651108354,0.019989407339563454,0,-0.040010467619569168,0.49920126064870107,0,1
401,0.040100000000000122,0,1,-0.49919789546432158,-0.020039327465628323,0,0.040110546826929314,-0.49919725320390546,0,1
401,0.040100000000000122,1,1,0.49919789546432158,0.020039327465628323,0,-0.040110546826929314,0.49919725320390546,0,1
402,0.040200000000000125,0,1,-0.49919388440963891,-0.020089247190948713,0,0.04021062643287094,-0.49919323570300189,0,1
402,0.040200000000000125,1,1,0.49919388440963891,0.020089247190948713,0,-0.04021062643287094,0.49919323570300189,0,1
403,0.040300000000000127,0,1,-0.49918986334699561,-0.020139166514519014,0,0.040310706438394704,-0.49918920814570877,0,1
403,0.040300000000000127,1,1,0.49918986334699561,0.020139166514519014,0,-0.040310706438394704,0.49918920814570877,0,1
404,0.04040000000000013,0,1,-0.49918583227635177,-0.020189085435333584,0,0.040410786844501279,-0.49918517053174383,0,1
404,0.04040000000000013,1,1,0.49918583227635177,0.020189085435333584,0,-0.040410786844501279,0.49918517053174383,0,1
405,0.040500000000000133,0,1,-0.49918179119766731,-0.020239003952386758,0,0.040510867652191335,-0.499181122860824,0,1
405,0.040500000000000133,1,1,0.49918179119766731,0.020239003952386758,0,-0.040510867652191335,0.499181122860824,0,1
406,0.040600000000000136,0,1,-0.4991777401109021,-0.020288922064672841,0,0.040610948862465551,-0.49917706513266563,0,1
406,0.040600000000000136,1,1,0.4991777401109021,0.020288922064672841,0,-0.040610948862465551,0.49917706513266563,0,1
407,0.040700000000000139,0,1,-0.49917367901601584,-0.020338839771186109,0,0.0407110304763246,-0.49917299734698423,0,1
407,0.040700000000000139,1,1,0.49917367901601584,0.020338839771186109,0,-0.0407110304763246,0.49917299734698423,0,1
408,0.040800000000000142,0,1,-0.49916960791296822,-0.020388757070920808,0,0.040811112494769167,-0.49916891950349468,0,1
408,0.040800000000000142,1,1,0.49916960791296822,0.020388757070920808,0,-0.040811112494769167,0.49916891950349468,0,1
409,0.040900000000000145,0,1,-0.49916552680171872,-0.020438673962871159,0,0.04091119491879993,-0.49916483160191116,0,1
409,0.040900000000000145,1,1,0.49916552680171872,0.020438673962871159,0,-0.04091119491879993,0.49916483160191116,0,1
410,0.041000000000000147,0,1,-0.49916143568222682,-0.020488590446031348,0,0.041011277749417582,-0.49916073364194707,0,1
410,0.041000000000000147,1,1,0.49916143568222682,0.020488590446031348,0,-0.041011277749417582,0.49916073364194707,0,1
411,0.04110000000000015,0,1,-0.49915733455445188,-0.020538506519395542,0,0.041111360987622816,-0.4991566256233152,0,1
411,0.04110000000000015,1,1,0.49915733455445188,0.020538506519395542,0,-0.041111360987622816,0.4991566256233152,0,1
412,0.041200000000000153,0,1,-0.49915322341835311,-0.020588422181957874,0,0.041211444634416332,-0.49915250754572754,0,1
412,0.041200000000000153,1,1,0.49915322341835311,0.020588422181957874,0,-0.041211444634416332,0.49915250754572754,0,1
413,0.041300000000000156,0,1,-0.49914910227388964,-0.020638337432712449,0,0.041311528690798821,-0.49914837940889539,0,1
413,0.041300000000000156,1,1,0.49914910227388964,0.020638337432712449,0,-0.041311528690798821,0.49914837940889539,0,1
414,0.041400000000000159,0,1,-0.49914497112102058,-0.020688252270653337,0,0.041411613157770991,-0.49914424121252937,0,1
414,0.041400000000000159,1,1,0.49914497112102058,0.020688252270653337,0,-0.041411613157770991,0.49914424121252937,0,1
415,0.041500000000000162,0,1,-0.49914082995970482,-0.020738166694774591,0,0.041511698036333547,-0.49914009295633932,0,1
415,0.041500000000000162,1,1,0.49914082995970482,0.020738166694774591,0,-0.041511698036333547,0.49914009295633932,0,1
416,0.041600000000000165,0,1,-0.4991366787899012,-0.020788080704070226,0,0.041611783327487203,-0.49913593464003447,0,1
416,0.041600000000000165,1,1,0.4991366787899012,0.020788080704070226,0,-0.041611783327487203,0.49913593464003447,0,1
417,0.041700000000000167,0,1,-0.49913251761156846,-0.020837994297534228,0,0.041711869032232667,-0.49913176626332328,0,1
417,0.041700000000000167,1,1,0.49913251761156846,0.020837994297534228,0,-0.041711869032232667,0.49913176626332328,0,1
418,0.04180000000000017,0,1,-0.49912834642466525,-0.020887907474160562,0,0.041811955151570664,-0.49912758782591349,0,1
418,0.04180000000000017,1,1,0.49912834642466525,0.020887907474160562,0,-0.041811955151570664,0.49912758782591349,0,1
419,0.041900000000000173,0,1,-0.4991241652291501,-0.020937820232943154,0,0.041912041686501908,-0.49912339932751215,0,1
419,0.041900000000000173,1,1,0.4991241652291501,0.020937820232943154,0,-0.041912041686501908,0.49912339932751215,0,1
420,0.042000000000000176,0,1,-0.49911997402498143,-0.020987732572875905,0,0.042012128638027127,-0.49911920076782562,0,1
420,0.042000000000000176,1,1,0.49911997402498143,0.020987732572875905,0,-0.042012128638027127,0.49911920076782562,0,1
421,0.042100000000000179,0,1,-0.49911577281211761,-0.021037644492952687,0,0.042112216007147048,-0.49911499214655952,0,1
421,0.042100000000000179,1,1,0.49911577281211761,0.021037644492952687,0,-0.042112216007147048,0.49911499214655952,0,1
422,0.042200000000000182,0,1,-0.49911156159051689,-0.021087555992167342,0,0.042212303794862405,-0.49911077346341876,0,1
422,0.042200000000000182,1,1,0.49911156159051689,0.021087555992167342,0,-0.042212303794862405,0.49911077346341876,0,1
423,0.042300000000000185,0,1,-0.49910734036013743,-0.021137467069513683,0,0.042312392002173932,-0.49910654471810756,0,1
423,0.042300000000000185,1,1,0.49910734036013743,0.021137467069513683,0,-0.042312392002173932,0.49910654471810756,0,1
424,0.042400000000000188,0,1,-0.49910310912093719,-0.021187377723985493,0,0.042412480630082371,-0.49910230591032939,0,1
424,0.042400000000000188,1,1,0.49910310912093719,0.021187377723985493,0,-0.042412480630082371,0.49910230591032939,0,1
425,0.04250000000000019,0,1,-0.49909886787287416,-0.021237287954576526,0,0.042512569679588462,-0.4990980570397871,0,1
425,0.04250000000000019,1,1,0.49909886787287416,0.021237287954576526,0,-0.042512569679588462,0.4990980570397871,0,1
426,0.042600000000000193,0,1,-0.49909461661590621,-0.021287197760280506,0,0.042612659151692954,-0.49909379810618271,0,1
426,0.042600000000000193,1,1,0.49909461661590621,0.021287197760280506,0,-0.042612659151692954,0.49909379810618271,0,1
427,0.042700000000000196,0,1,-0.49909035534999102,-0.021337107140091124,0,0.042712749047396595,-0.49908952910921756,0,1
427,0.042700000000000196,1,1,0.49909035534999102,0.021337107140091124,0,-0.042712749047396595,0.49908952910921756,0,1
428,0.042800000000000199,0,1,-0.49908608407508626,-0.021387016093002045,0,0.04281283936770014,-0.49908525004859233,0,1
428,0.042800000000000199,1,1,0.49908608407508626,0.021387016093002045,0,-0.04281283936770014,0.49908525004859233,0,1
429,0.042900000000000202,0,1,-0.4990818027911495,-0.021436924618006906,0,0.04291293011360435,-0.499080960924007,0,1
429,0.042900000000000202,1,1,0.4990818027911495,0.021436924618006906,0,-0.04291293011360435,0.499080960924007,0,1
430,0.043000000000000205,0,1,-0.49907751149813812,-0.021486832714099305,0,0.043013021286109981,-0.49907666173516074,0,1
430,0.043000000000000205,1,1,0.49907751149813812,0.021486832714099305,0,-0.043013021286109981,0.49907666173516074,0,1
431,0.043100000000000208,0,1,-0.49907321019600953,-0.021536740380272822,0,0.043113112886217803,-0.49907235248175208,0,1
431,0.043100000000000208,1,1,0.49907321019600953,0.021536740380272822,0,-0.043113112886217803,0.49907235248175208,0,1
432,0.04320000000000021,0,1,-0.49906889888472089,-0.021586647615520999,0,0.043213204914928582,-0.49906803316347886,0,1
432,0.04320000000000021,1,1,0.49906889888472089,0.021586647615520999,0,-0.043213204914928582,0.49906803316347886,0,1
433,0.043300000000000213,0,1,-0.49906457756422939,-0.021636554418837346,0,0.043313297373243097,-0.49906370378003817,0,1
433,0.043300000000000213,1,1,0.49906457756422939,0.021636554418837346,0,-0.043313297373243097,0.49906370378003817,0,1
434,0.043400000000000216,0,1,-0.49906024623449208,-0.02168646078921535,0,0.043413390262162121,-0.49905936433112635,0,1
434,0.043400000000000216,1,1,0.49906024623449208,0.02168646078921535,0,-0.043413390262162121,0.49905936433112635,0,1
435,0.043500000000000219,0,1,-0.49905590489546586,-0.021736366725648461,0,0.043513483582686439,-0.4990550148164391,0,1
435,0.043500000000000219,1,1,0.49905590489546586,0.021736366725648461,0,-0.043513483582686439,0.4990550148164391,0,1
436,0.043600000000000222,0,1,-0.49905155354710762,-0.021786272227130105,0,0.043613577335816826,-0.49905065523567138,0,1
436,0.043600000000000222,1,1,0.49905155354710762,0.021786272227130105,0,-0.043613577335816826,0.49905065523567138,0,1
437,0.043700000000000225,0,1,-0.49904719218937404,-0.021836177292653674,0,0.043713671522554079,-0.49904628558851749,0,1
437,0.043700000000000225,1,1,0.49904719218937404,0.021836177292653674,0,-0.043713671522554079,0.49904628558851749,0,1
438,0.043800000000000228,0,1,-0.49904282082222179,-0.021886081921212525,0,0.043813766143898987,-0.4990419058746709,0,1
438,0.043800000000000228,1,1,0.49904282082222179,0.021886081921212525,0,-0.043813766143898987,0.4990419058746709,0,1
439,0.043900000000000231,0,1,-0.49903843944560738,-0.02193598611179999,0,0.043913861200852347,-0.49903751609382446,0,1
439,0.043900000000000231,1,1,0.49903843944560738,0.02193598611179999,0,-0.043913861200852347,0.49903751609382446,0,1
440,0.044000000000000233,0,1,-0.49903404805948731,-0.021985889863409373,0,0.044013956694414956,-0.49903311624567032,0,1
440,0.044000000000000233,1,1,0.49903404805948731,0.021985889863409373,0,-0.044013956694414956,0.49903311624567032,0,1
441,0.044100000000000236,0,1,-0.49902964666381788,-0.02203579317503394,0,0.044114052625587617,-0.49902870632989987,0,1
441,0.044100000000000236,1,1,0.49902964666381788,0.02203579317503394,0,-0.044114052625587617,0.49902870632989987,0,1
442,0.044200000000000239,0,1,-0.4990252352585553,-0.02208569604566693,0,0.044214148995371141,-0.49902428634620377,0,1
442,0.044200000000000239,1,1,0.4990252352585553,0.02208569604566693,0,-0.044214148995371141,0.49902428634620377,0,1
443,0.044300000000000242,0,1,-0.49902081384365576,-0.022135598474301552,0,0.044314245804766332,-0.49901985629427204,0,1
443,0.044300000000000242,1,1,0.49902081384365576,0.022135598474301552,0,-0.044314245804766332,0.49901985629427204,0,1
444,0.044400000000000245,0,1,-0.49901638241907531,-0.022185500459930979,0,0.044414343054774014,-0.49901541617379391,0,1
444,0.044400000000000245,1,1,0.49901638241907531,0.022185500459930979,0,-0.044414343054774014,0.49901541617379391,0,1
445,0.044500000000000248,0,1,-0.49901194098476981,-0.02223540200154836,0,0.044514440746394997,-0.49901096598445799,0,1
445,0.044500000000000248,1,1,0.49901194098476981,0.02223540200154836,0,-0.044514440746394997,0.49901096598445799,0,1
446,0.044600000000000251,0,1,-0.49900748954069518,-0.022285303098146806,0,0.044614538880630106,-0.49900650572595207,0,1
446,0.044600000000000251,1,1,0.49900748954069518,0.022285303098146806,0,-0.044614538880630106,0.49900650572595207,0,1
447,0.044700000000000253,0,1,-0.49900302808680713,-0.0223352037487194,0,0.044714637458480172,-0.49900203539796334,0,1
447,0.044700000000000253,1,1,0.49900302808680713,0.0223352037487194,0,-0.044714637458480172,0.49900203539796334,0,1
448,0.044800000000000256,0,1,-0.49899855662306131,-0.022385103952259195,0,0.044814736480946027,-0.49899755500017817,0,1
448,0.044800000000000256,1,1,0.49899855662306131,0.022385103952259195,0,-0.044814736480946027,0.49899755500017817,0,1
449,0.044900000000000259,0,1,-0.49899407514941319,-0.022435003707759214,0,0.044914835949028495,-0.49899306453228232,0,1
449,0.044900000000000259,1,1,0.49899407514941319,0.022435003707759214,0,-0.044914835949028495,0.49899306453228232,0,1
450,0.045000000000000262,0,1,-0.4989895836658183,-0.022484903014212444,0,0.045014935863728421,-0.49898856399396074,0,1
450,0.045000000000000262,1,1,0.4989895836658183,0.022484903014212444,0,-0.045014935863728421,0.49898856399396074,0,1
451,0.045100000000000265,0,1,-0.49898508217223192,-0.02253480187061184,0,0.045115036226046651,-0.49898405338489776,0,1
451,0.045100000000000265,1,1,0.49898508217223192,0.02253480187061184,0,-0.045115036226046651,0.49898405338489776,0,1
452,0.045200000000000268,0,1,-0.49898057066860929,-0.022584700275950328,0,0.045215137036984022,-0.49897953270477696,0,1
452,0.045200000000000268,1,1,0.49898057066860929,0.022584700275950328,0,-0.045215137036984022,0.49897953270477696,0,1
453,0.045300000000000271,0,1,-0.49897604915490557,-0.022634598229220804,0,0.045315238297541388,-0.49897500195328115,0,1
453,0.045300000000000271,1,1,0.49897604915490557,0.022634598229220804,0,-0.045315238297541388,0.49897500195328115,0,1
454,0.045400000000000273,0,1,-0.49897151763107583,-0.022684495729416134,0,0.045415340008719607,-0.49897046113009252,0,1
454,0.045400000000000273,1,1,0.49897151763107583,0.022684495729416134,0,-0.045415340008719607,0.49897046113009252,0,1
455,0.045500000000000276,0,1,-0.49896697609707497,-0.022734392775529143,0,0.045515442171519531,-0.49896591023489251,0,1
455,0.045500000000000276,1,1,0.49896697609707497,0.022734392775529143,0,-0.045515442171519531,0.49896591023489251,0,1
456,0.045600000000000279,0,1,-0.49896242455285783,-0.022784289366552631,0,0.045615544786942026,-0.4989613492673618,0,1
456,0.045600000000000279,1,1,0.49896242455285783,0.022784289366552631,0,-0.045615544786942026,0.4989613492673618,0,1
457,0.045700000000000282,0,1,-0.49895786299837913,-0.022834185501479368,0,0.045715647855987952,-0.49895677822718043,0,1
457,0.045700000000000282,1,1,0.49895786299837913,0.022834185501479368,0,-0.045715647855987952,0.49895677822718043,0,1
458,0.045800000000000285,0,1,-0.49895329143359352,-0.022884081179302088,0,0.045815751379658189,-0.49895219711402772,0,1
458,0.045800000000000285,1,1,0.49895329143359352,0.022884081179302088,0,-0.045815751379658189,0.49895219711402772,0,1
459,0.045900000000000288,0,1,-0.49894870985845557,-0.022933976399013491,0,0.045915855358953601,-0.49894760592758219,0,1
459,0.045900000000000288,1,1,0.49894870985845557,0.022933976399013491,0,-0.045915855358953601,0.49894760592758219,0,1
460,0.046000000000000291,0,1,-0.49894411827291968,-0.022983871159606248,0,0.046015959794875071,-0.49894300466752178,0,1
460,0.046000000000000291,1,1,0.49894411827291968,0.022983871159606248,0,-0.046015959794875071,0.49894300466752178,0,1
461,0.046100000000000294,0,1,-0.4989395166769402,-0.023033765460073002,0,0.046116064688423476,-0.49893839333352363,0,1
461,0.046100000000000294,1,1,0.4989395166769402,0.023033765460073002,0,-0.046116064688423476,0.49893839333352363,0,1
462,0.046200000000000296,0,1,-0.49893490507047134,-0.023083659299406353,0,0.046216170040599705,-0.49893377192526422,0,1
462,0.046200000000000296,1,1,0.49893490507047134,0.023083659299406353,0,-0.046216170040599705,0.49893377192526422,0,1
463,0.046300000000000299,0,1,-0.49893028345346729,-0.023133552676598879,0,0.046316275852404644,-0.49892914044241926,0,1
463,0.046300000000000299,1,1,0.49893028345346729,0.023133552676598879,0,-0.046316275852404644,0.49892914044241926,0,1
464,0.046400000000000302,0,1,-0.49892565182588205,-0.023183445590643122,0,0.046416382124839187,-0.49892449888466373,0,1
464,0.046400000000000302,1,1,0.49892565182588205,0.023183445590643122,0,-0.046416382124839187,0.49892449888466373,0,1
465,0.046500000000000305,0,1,-0.49892101018766954,-0.023233338040531588,0,0.046516488858904234,-0.49891984725167199,0,1
465,0.046500000000000305,1,1,0.49892101018766954,0.023233338040531588,0,-0.046516488858904234,0.49891984725167199,0,1
466,0.046600000000000308,0,1,-0.49891635853878363,-0.023283230025256754,0,0.046616596055600687,-0.49891518554311765,0,1
466,0.046600000000000308,1,1,0.49891635853878363,0.023283230025256754,0,-0.046616596055600687,0.49891518554311765,0,1
467,0.046700000000000311,0,1,-0.49891169687917808,-0.023333121543811064,0,0.046716703715929453,-0.49891051375867357,0,1
467,0.046700000000000311,1,1,0.49891169687917808,0.023333121543811064,0,-0.046716703715929453,0.49891051375867357,0,1
468,0.046800000000000314,0,1,-0.49890702520880648,-0.023383012595186933,0,0.04681681184089144,-0.49890583189801191,0,1
468,0.046800000000000314,1,1,0.49890702520880648,0.023383012595186933,0,-0.04681681184089144,0.49890583189801191,0,1
469,0.046900000000000316,0,1,-0.49890234352762236,-0.023432903178376735,0,0.046916920431487562,-0.49890113996080415,0,1
469,0.046900000000000316,1,1,0.49890234352762236,0.023432903178376735,0,-0.046916920431487562,0.49890113996080415,0,1
470,0.047000000000000319,0,1,-0.49889765183557921,-0.023482793292372815,0,0.047017029488718734,-0.49889643794672101,0,1
470,0.047000000000000319,1,1,0.49889765183557921,0.023482793292372815,0,-0.047017029488718734,0.49889643794672101,0,1
471,0.047100000000000322,0,1,-0.49889295013263035,-0.023532682936167486,0,0.047117139013585885,-0.49889172585543251,0,1
471,0.047100000000000322,1,1,0.49889295013263035,0.023532682936167486,0,-0.047117139013585885,0.49889172585543251,0,1
472,0.047200000000000325,0,1,-0.49888823841872898,-0.02358257210875303,0,0.047217249007089936,-0.49888700368660804,0,1
472,0.047200000000000325,1,1,0.49888823841872898,0.02358257210875303,0,-0.047217249007089936,0.49888700368660804,0,1
473,0.047300000000000328,0,1,-0.49888351669382824,-0.023632460809121691,0,0.047317359470231815,-0.49888227143991615,0,1
473,0.047300000000000328,1,1,0.49888351669382824,0.023632460809121691,0,-0.047317359470231815,0.49888227143991615,0,1
474,0.047400000000000331,0,1,-0.49887878495788124,-0.023682349036265683,0,0.047417470404012459,-0.49887752911502475,0,1
474,0.047400000000000331,1,1,0.49887878495788124,0.023682349036265683,0,-0.047417470404012459,0.49887752911502475,0,1
475,0.047500000000000334,0,1,-0.49887404321084083,-0.023732236789177186,0,0.047517581809432809,-0.49887277671160102,0,1
475,0.047500000000000334,1,1,0.49887404321084083,0.023732236789177186,0,-0.047517581809432809,0.49887277671160102,0,1
476,0.047600000000000336,0,1,-0.4988692914526599,-0.023782124066848345,0,0.047617693687493801,-0.49886801422931137,0,1
476,0.047600000000000336,1,1,0.4988692914526599,0.023782124066848345,0,-0.047617693687493801,0.49886801422931137,0,1
477,0.047700000000000339,0,1,-0.49886452968329115,-0.023832010868271275,0,0.047717806039196391,-0.49886324166782159,0,1
477,0.047700000000000339,1,1,0.49886452968329115,0.023832010868271275,0,-0.047717806039196391,0.49886324166782159,0,1
478,0.047800000000000342,0,1,-0.49885975790268722,-0.023881897192438058,0,0.047817918865541521,-0.49885845902679671,0,1
478,0.047800000000000342,1,1,0.49885975790268722,0.023881897192438058,0,-0.047817918865541521,0.49885845902679671,0,1
479,0.047900000000000345,0,1,-0.49885497611080065,-0.023931783038340738,0,0.047918032167530149,-0.49885366630590106,0,1
479,0.047900000000000345,1,1,0.49885497611080065,0.023931783038340738,0,-0.047918032167530149,0.49885366630590106,0,1
480,0.048000000000000348,0,1,-0.49885018430758388,-0.023981668404971328,0,0.048018145946163236,-0.49884886350479829,0,1
480,0.048000000000000348,1,1,0.49885018430758388,0.023981668404971328,0,-0.048018145946163236,0.49884886350479829,0,1
481,0.048100000000000351,0,1,-0.49884538249298926,-0.024031553291321808,0,0.04811826020244174,-0.49884405062315124,0,1
481,0.048100000000000351,1,1,0.49884538249298926,0.024031553291321808,0,-0.04811826020244174,0.49884405062315124,0,1
482,0.048200000000000354,0,1,-0.49884057066696902,-0.024081437696384121,0,0.04821837493736663,-0.49883922766062211,0,1
482,0.048200000000000354,1,1,0.49884057066696902,0.024081437696384121,0,-0.04821837493736663,0.49883922766062211,0,1
483,0.048300000000000357,0,1,-0.49883574882947529,-0.024131321619150183,0,0.048318490151938884,-0.49883439461687235,0,1
483,0.048300000000000357,1,1,0.49883574882947529,0.024131321619150183,0,-0.048318490151938884,0.49883439461687235,0,1
484,0.048400000000000359,0,1,-0.49883091698046012,-0.02418120505861187,0,0.048418605847159471,-0.49882955149156272,0,1
484,0.048400000000000359,1,1,0.49883091698046012,0.02418120505861187,0,-0.048418605847159471,0.49882955149156272,0,1
485,0.048500000000000362,0,1,-0.49882607511987542,-0.024231088013761025,0,0.048518722024029369,-0.49882469828435327,0,1
485,0.048500000000000362,1,1,0.49882607511987542,0.024231088013761025,0,-0.048518722024029369,0.49882469828435327,0,1
486,0.048600000000000365,0,1,-0.49882122324767303,-0.024280970483589459,0,0.048618838683549562,-0.49881983499490334,0,1
486,0.048600000000000365,1,1,0.49882122324767303,0.024280970483589459,0,-0.048618838683549562,0.49881983499490334,0,1
487,0.048700000000000368,0,1,-0.49881636136380469,-0.024330852467088951,0,0.04871895582672104,-0.49881496162287153,0,1
487,0.048700000000000368,1,1,0.49881636136380469,0.024330852467088951,0,-0.04871895582672104,0.49881496162287153,0,1
488,0.048800000000000371,0,1,-0.49881148946822201,-0.024380733963251237,0,0.048819073454544802,-0.49881007816791573,0,1
488,0.048800000000000371,1,1,0.49881148946822201,0.024380733963251237,0,-0.048819073454544802,0.49881007816791573,0,1
489,0.048900000000000374,0,1,-0.49880660756087658,-0.024430614971068028,0,0.048919191568021839,-0.49880518462969314,0,1
489,0.048900000000000374,1,1,0.49880660756087658,0.024430614971068028,0,-0.048919191568021839,0.49880518462969314,0,1
490,0.049000000000000377,0,1,-0.49880171564171977,-0.024480495489530997,0,0.049019310168153148,-0.49880028100786022,0,1
490,0.049000000000000377,1,1,0.49880171564171977,0.024480495489530997,0,-0.049019310168153148,0.49880028100786022,0,1
491,0.049100000000000379,0,1,-0.49879681371070295,-0.024530375517631785,0,0.049119429255939741,-0.49879536730207269,0,1
491,0.049100000000000379,1,1,0.49879681371070295,0.024530375517631785,0,-0.049119429255939741,0.49879536730207269,0,1
492,0.049200000000000382,0,1,-0.49879190176777738,-0.024580255054361993,0,0.049219548832382623,-0.49879044351198565,0,1
492,0.049200000000000382,1,1,0.49879190176777738,0.024580255054361993,0,-0.049219548832382623,0.49879044351198565,0,1
493,0.049300000000000385,0,1,-0.49878697981289416,-0.024630134098713192,0,0.049319668898482806,-0.49878550963725338,0,1
493,0.049300000000000385,1,1,0.49878697981289416,0.024630134098713192,0,-0.049319668898482806,0.49878550963725338,0,1
494,0.049400000000000388,0,1,-0.49878204784600433,-0.024680012649676918,0,0.049419789455241309,-0.49878056567752949,0,1
494,0.049400000000000388,1,1,0.49878204784600433,0.024680012649676918,0,-0.049419789455241309,0.49878056567752949,0,1
495,0.049500000000000391,0,1,-0.49877710586705881,-0.024729890706244671,0,0.049519910503659156,-0.49877561163246686,0,1
495,0.049500000000000391,1,1,0.49877710586705881,0.024729890706244671,0,-0.049519910503659156,0.49877561163246686,0,1
496,0.049600000000000394,0,1,-0.49877215387600843,-0.024779768267407919,0,0.049620032044737375,-0.49877064750171773,0,1
496,0.049600000000000394,1,1,0.49877215387600843,0.024779768267407919,0,-0.049620032044737375,0.49877064750171773,0,1
497,0.049700000000000397,0,1,-0.49876719187280394,-0.02482964533215809,0,0.04972015407947699,-0.49876567328493354,0,1
497,0.049700000000000397,1,1,0.49876719187280394,0.02482964533215809,0,-0.04972015407947699,0.49876567328493354,0,1
498,0.0498000000000004,0,1,-0.49876221985739599,-0.024879521899486584,0,0.049820276608879041,-0.49876068898176501,0,1
498,0.0498000000000004,1,1,0.49876221985739599,0.024879521899486584,0,-0.049820276608879041,0.49876068898176501,0,1
499,0.049900000000000402,0,1,-0.49875723782973513,-0.02492939796838476,0,0.049920399633944568,-0.4987556945918622,0,1
499,0.049900000000000402,1,1,0.49875723782973513,0.02492939796838476,0,-0.049920399633944568,0.4987556945918622,0,1
500,0.050000000000000405,0,1,-0.49875224578977173,-0.024979273537843946,0,0.050020523155674609,-0.49875069011487444,0,1
500,0.050000000000000405,1,1,0.49875224578977173,0.024979273537843946,0,-0.050020523155674609,0.49875069011487444,0,1
501,0.050100000000000408,0,1,-0.49874724373745616,-0.025029148606855435,0,0.050120647175070213,-0.4987456755504503,0,1
501,0.050100000000000408,1,1,0.49874724373745616,0.025029148606855435,0,-0.050120647175070213,0.4987456755504503,0,1
502,0.050200000000000411,0,1,-0.49874223167273868,-0.025079023174410481,0,0.050220771693132431,-0.49874065089823771,0,1
502,0.050200000000000411,1,1,0.49874223167273868,0.025079023174410481,0,-0.050220771693132431,0.49874065089823771,0,1
503,0.050300000000000414,0,1,-0.49873720959556939,-0.025128897239500306,0,0.050320896710862324,-0.49873561615788381,0,1
503,0.050300000000000414,1,1,0.49873720959556939,0.025128897239500306,0,-0.050320896710862324,0.49873561615788381,0,1
504,0.050400000000000417,0,1,-0.49873217750589832,-0.025178770801116093,0,0.050421022229260953,-0.49873057132903509,0,1
504,0.050400000000000417,1,1,0.49873217750589832,0.025178770801116093,0,-0.050421022229260953,0.49873057132903509,0,1
505,0.05050000000000042,0,1,-0.49872713540367541,-0.025228643858248998,0,0.050521148249329378,-0.49872551641133728,0,1
505,0.05050000000000042,1,1,0.49872713540367541,0.025228643858248998,0,-0.050521148249329378,0.49872551641133728,0,1
506,0.050600000000000422,0,1,-0.49872208328885048,-0.025278516409890133,0,0.050621274772068674,-0.49872045140443544,0,1
506,0.050600000000000422,1,1,0.49872208328885048,0.025278516409890133,0,-0.050621274772068674,0.49872045140443544,0,1
507,0.050700000000000425,0,1,-0.49871702116137329,-0.025328388455030576,0,0.050721401798479906,-0.49871537630797386,0,1
507,0.050700000000000425,1,1,0.49871702116137329,0.025328388455030576,0,-0.050721401798479906,0.49871537630797386,0,1
508,0.050800000000000428,0,1,-0.49871194902119342,-0.025378259992661373,0,0.050821529329564158,-0.49871029112159615,0,1
508,0.050800000000000428,1,1,0.49871194902119342,0.025378259992661373,0,-0.050821529329564158,0.49871029112159615,0,1
509,0.050900000000000431,0,1,-0.49870686686826049,-0.025428131021773534,0,0.050921657366322516,-0.49870519584494516,0,1
509,0.050900000000000431,1,1,0.49870686686826049,0.025428131021773534,0,-0.050921657366322516,0.49870519584494516,0,1
510,0.051000000000000434,0,1,-0.49870177470252386,-0.025478001541358028,0,0.051021785909756062,-0.49870009047766312,0,1
510,0.051000000000000434,1,1,0.49870177470252386,0.025478001541358028,0,-0.051021785909756062,0.49870009047766312,0,1
511,0.051100000000000437,0,1,-0.4986966725239329,-0.025527871550405794,0,0.051121914960865884,-0.49869497501939142,0,1
511,0.051100000000000437,1,1,0.4986966725239329,0.025527871550405794,0,-0.051121914960865884,0.49869497501939142,0,1
512,0.05120000000000044,0,1,-0.49869156033243683,-0.025577741047907734,0,0.051222044520653084,-0.49868984946977085,0,1
512,0.05120000000000044,1,1,0.49869156033243683,0.025577741047907734,0,-0.051222044520653084,0.49868984946977085,0,1
513,0.051300000000000442,0,1,-0.49868643812798474,-0.025627610032854711,0,0.051322174590118758,-0.49868471382844137,0,1
513,0.051300000000000442,1,1,0.49868643812798474,0.025627610032854711,0,-0.051322174590118758,0.49868471382844137,0,1
514,0.051400000000000445,0,1,-0.49868130591052573,-0.025677478504237555,0,0.051422305170264013,-0.49867956809504232,0,1
514,0.051400000000000445,1,1,0.49868130591052573,0.025677478504237555,0,-0.051422305170264013,0.49867956809504232,0,1
515,0.051500000000000448,0,1,-0.49867616368000872,-0.02572734646104706,0,0.051522436262089959,-0.49867441226921227,0,1
515,0.051500000000000448,1,1,0.49867616368000872,0.02572734646104706,0,-0.051522436262089959,0.49867441226921227,0,1
516,0.051600000000000451,0,1,-0.49867101143638254,-0.025777213902273981,0,0.051622567866597704,-0.49866924635058912,0,1
516,0.051600000000000451,1,1,0.49867101143638254,0.025777213902273981,0,-0.051622567866597704,0.49866924635058912,0,1
517,0.051700000000000454,0,1,-0.49866584917959589,-0.02582708082690904,0,0.051722699984788366,-0.49866407033881005,0,1
517,0.051700000000000454,1,1,0.49866584917959589,0.02582708082690904,0,-0.051722699984788366,0.49866407033881005,0,1
518,0.051800000000000457,0,1,-0.49866067690959742,-0.025876947233942921,0,0.051822832617663073,-0.49865888423351146,0,1
518,0.051800000000000457,1,1,0.49866067690959742,0.025876947233942921,0,-0.051822832617663073,0.49865888423351146,0,1
519,0.05190000000000046,0,1,-0.49865549462633568,-0.025926813122366273,0,0.051922965766222948,-0.49865368803432908,0,1
519,0.05190000000000046,1,1,0.49865549462633568,0.025926813122366273,0,-0.051922965766222948,0.49865368803432908,0,1
520,0.052000000000000463,0,1,-0.49865030232975904,-0.025976678491169705,0,0.052023099431469121,-0.49864848174089788,0,1
520,0.052000000000000463,1,1,0.49865030232975904,0.025976678491169705,0,-0.052023099431469121,0.49864848174089788,0,1
521,0.052100000000000465,0,1,-0.49864510001981588,-0.026026543339343795,0,0.052123233614402728,-0.49864326535285219,0,1
521,0.052100000000000465,1,1,0.49864510001981588,0.026026543339343795,0,-0.052123233614402728,0.49864326535285219,0,1
522,0.052200000000000468,0,1,-0.49863988769645445,-0.02607640766587908,0,0.052223368316024907,-0.49863803886982561,0,1
522,0.052200000000000468,1,1,0.49863988769645445,0.02607640766587908,0,-0.052223368316024907,0.49863803886982561,0,1
523,0.052300000000000471,0,1,-0.49863466535962286,-0.026126271469766062,0,0.0523235035373368,-0.49863280229145096,0,1
523,0.052300000000000471,1,1,0.49863466535962286,0.026126271469766062,0,-0.0523235035373368,0.49863280229145096,0,1
524,0.052400000000000474,0,1,-0.49862943300926915,-0.026176134749995209,0,0.052423639279339566,-0.49862755561736044,0,1
524,0.052400000000000474,1,1,0.49862943300926915,0.026176134749995209,0,-0.052423639279339566,0.49862755561736044,0,1
525,0.052500000000000477,0,1,-0.49862419064534119,-0.026225997505556944,0,0.052523775543034348,-0.4986222988471854,0,1
525,0.052500000000000477,1,1,0.49862419064534119,0.026225997505556944,0,-0.052523775543034348,0.4986222988471854,0,1
526,0.05260000000000048,0,1,-0.49861893826778692,-0.026275859735441665,0,0.052623912329422311,-0.49861703198055657,0,1
526,0.05260000000000048,1,1,0.49861893826778692,0.026275859735441665,0,-0.052623912329422311,0.49861703198055657,0,1
527,0.052700000000000483,0,1,-0.49861367587655397,-0.026325721438639722,0,0.052724049639504611,-0.49861175501710397,0,1
527,0.052700000000000483,1,1,0.49861367587655397,0.026325721438639722,0,-0.052724049639504611,0.49861175501710397,0,1
528,0.052800000000000485,0,1,-0.49860840347159002,-0.026375582614141434,0,0.052824187474282421,-0.49860646795645686,0,1
528,0.052800000000000485,1,1,0.49860840347159002,0.026375582614141434,0,-0.052824187474282421,0.49860646795645686,0,1
529,0.052900000000000488,0,1,-0.4986031210528426,-0.026425443260937081,0,0.052924325834756904,-0.49860117079824384,0,1
529,0.052900000000000488,1,1,0.4986031210528426,0.026425443260937081,0,-0.052924325834756904,0.49860117079824384,0,1
530,0.053000000000000491,0,1,-0.49859782862025914,-0.026475303378016905,0,0.053024464721929246,-0.49859586354209268,0,1
530,0.053000000000000491,1,1,0.49859782862025914,0.026475303378016905,0,-0.053024464721929246,0.49859586354209268,0,1
531,0.053100000000000494,0,1,-0.49859252617378697,-0.026525162964371112,0,0.053124604136800618,-0.49859054618763055,0,1
531,0.053100000000000494,1,1,0.49859252617378697,0.026525162964371112,0,-0.053124604136800618,0.49859054618763055,0,1
532,0.053200000000000497,0,1,-0.49858721371337328,-0.026575022018989876,0,0.053224744080372213,-0.49858521873448386,0,1
532,0.053200000000000497,1,1,0.49858721371337328,0.026575022018989876,0,-0.053224744080372213,0.49858521873448386,0,1
533,0.0533000000000005,0,1,-0.49858189123896524,-0.026624880540863323,0,0.053324884553645216,-0.49857988118227831,0,1
533,0.0533000000000005,1,1,0.49858189123896524,0.026624880540863323,0,-0.053324884553645216,0.49857988118227831,0,1
534,0.053400000000000503,0,1,-0.49857655875050988,-0.026674738528981549,0,0.053425025557620819,-0.49857453353063885,0,1
534,0.053400000000000503,1,1,0.49857655875050988,0.026674738528981549,0,-0.053425025557620819,0.49857453353063885,0,1
535,0.053500000000000505,0,1,-0.49857121624795414,-0.026724595982334613,0,0.053525167093300227,-0.49856917577918974,0,1
535,0.053500000000000505,1,1,0.49857121624795414,0.026724595982334613,0,-0.053525167093300227,0.49856917577918974,0,1
536,0.053600000000000508,0,1,-0.49856586373124478,-0.026774452899912531,0,0.053625309161684641,-0.4985638079275545,0,1
536,0.053600000000000508,1,1,0.49856586373124478,0.026774452899912531,0,-0.053625309161684641,0.4985638079275545,0,1
537,0.053700000000000511,0,1,-0.49856050120032863,-0.026824309280705286,0,0.053725451763775266,-0.49855842997535599,0,1
537,0.053700000000000511,1,1,0.49856050120032863,0.026824309280705286,0,-0.053725451763775266,0.49855842997535599,0,1
538,0.053800000000000514,0,1,-0.49855512865515228,-0.026874165123702821,0,0.053825594900573315,-0.49855304192221633,0,1
538,0.053800000000000514,1,1,0.49855512865515228,0.026874165123702821,0,-0.053825594900573315,0.49855304192221633,0,1
539,0.053900000000000517,0,1,-0.49854974609566222,-0.026924020427895042,0,0.053925738573080001,-0.49854764376775684,0,1
539,0.053900000000000517,1,1,0.49854974609566222,0.026924020427895042,0,-0.053925738573080001,0.49854764376775684,0,1
540,0.05400000000000052,0,1,-0.49854435352180493,-0.026973875192271818,0,0.054025882782296551,-0.49854223551159826,0,1
540,0.05400000000000052,1,1,0.49854435352180493,0.026973875192271818,0,-0.054025882782296551,0.49854223551159826,0,1
541,0.054100000000000523,0,1,-0.49853895093352668,-0.027023729415822977,0,0.054126027529224192,-0.49853681715336051,0,1
541,0.054100000000000523,1,1,0.49853895093352668,0.027023729415822977,0,-0.054126027529224192,0.49853681715336051,0,1
542,0.054200000000000526,0,1,-0.49853353833077374,-0.027073583097538313,0,0.054226172814864151,-0.49853138869266284,0,1
542,0.054200000000000526,1,1,0.49853353833077374,0.027073583097538313,0,-0.054226172814864151,0.49853138869266284,0,1
543,0.054300000000000528,0,1,-0.49852811571349226,-0.027123436236407578,0,0.054326318640217662,-0.49852595012912376,0,1
543,0.054300000000000528,1,1,0.49852811571349226,0.027123436236407578,0,-0.054326318640217662,0.49852595012912376,0,1
544,0.054400000000000531,0,1,-0.49852268308162823,-0.027173288831420492,0,0.054426465006285965,-0.49852050146236104,0,1
544,0.054400000000000531,1,1,0.49852268308162823,0.027173288831420492,0,-0.054426465006285965,0.49852050146236104,0,1
545,0.054500000000000534,0,1,-0.49851724043512757,-0.027223140881566729,0,0.054526611914070308,-0.49851504269199182,0,1
545,0.054500000000000534,1,1,0.49851724043512757,0.027223140881566729,0,-0.054526611914070308,0.49851504269199182,0,1
546,0.054600000000000537,0,1,-0.49851178777393618,-0.027272992385835929,0,0.054626759364571939,-0.49850957381763239,0,1
546,0.054600000000000537,1,1,0.49851178777393618,0.027272992385835929,0,-0.054626759364571939,0.49850957381763239,0,1
547,0.05470000000000054,0,1,-0.49850632509799975,-0.027322843343217693,0,0.054726907358792112,-0.49850409483889846,0,1
547,0.05470000000000054,1,1,0.49850632509799975,0.027322843343217693,0,-0.054726907358792112,0.49850409483889846,0,1
548,0.054800000000000543,0,1,-0.49850085240726388,-0.027372693752701582,0,0.05482705589773209,-0.49849860575540494,0,1
548,0.054800000000000543,1,1,0.49850085240726388,0.027372693752701582,0,-0.05482705589773209,0.49849860575540494,0,1
549,0.054900000000000546,0,1,-0.49849536970167413,-0.027422543613277121,0,0.054927204982393132,-0.49849310656676604,0,1
549,0.054900000000000546,1,1,0.49849536970167413,0.027422543613277121,0,-0.054927204982393132,0.49849310656676604,0,1
550,0.055000000000000548,0,1,-0.49848987698117592,-0.027472392923933796,0,0.055027354613776502,-0.49848759727259523,0,1
550,0.055000000000000548,1,1,0.49848987698117592,0.027472392923933796,0,-0.055027354613776502,0.49848759727259523,0,1
551,0.055100000000000551,0,1,-0.49848437424571451,-0.027522241683661054,0,0.055127504792883475,-0.49848207787250531,0,1
551,0.055100000000000551,1,1,0.49848437424571451,0.027522241683661054,0,-0.055127504792883475,0.49848207787250531,0,1
552,0.055200000000000554,0,1,-0.49847886149523524,-0.027572089891448305,0,0.055227655520715332,-0.49847654836610833,0,1
552,0.055200000000000554,1,1,0.49847886149523524,0.027572089891448305,0,-0.055227655520715332,0.49847654836610833,0,1
553,0.055300000000000557,0,1,-0.49847333872968319,-0.027621937546284916,0,0.05532780679827335,-0.49847100875301564,0,1
553,0.055300000000000557,1,1,0.49847333872968319,0.027621937546284916,0,-0.05532780679827335,0.49847100875301564,0,1
554,0.05540000000000056,0,1,-0.49846780594900336,-0.027671784647160216,0,0.055427958626558818,-0.49846545903283784,0,1
554,0.05540000000000056,1,1,0.49846780594900336,0.027671784647160216,0,-0.055427958626558818,0.49846545903283784,0,1
555,0.055500000000000563,0,1,-0.49846226315314068,-0.027721631193063499,0,0.055528111006573025,-0.49845989920518485,0,1
555,0.055500000000000563,1,1,0.49846226315314068,0.027721631193063499,0,-0.055528111006573025,0.49845989920518485,0,1
556,0.055600000000000566,0,1,-0.49845671034204003,-0.027771477182984016,0,0.055628263939317274,-0.49845432926966582,0,1
556,0.055600000000000566,1,1,0.49845671034204003,0.027771477182984016,0,-0.055628263939317274,0.49845432926966582,0,1
557,0.055700000000000569,0,1,-0.49845114751564612,-0.027821322615910981,0,0.055728417425792855,-0.49844874922588922,0,1
557,0.055700000000000569,1,1,0.49845114751564612,0.027821322615910981,0,-0.055728417425792855,0.49844874922588922,0,1
558,0.055800000000000571,0,1,-0.49844557467390355,-0.02787116749083357,0,0.055828571467001084,-0.49844315907346282,0,1
558,0.055800000000000571,1,1,0.49844557467390355,0.02787116749083357,0,-0.055828571467001084,0.49844315907346282,0,1
559,0.055900000000000574,0,1,-0.49843999181675686,-0.027921011806740916,0,0.055928726063943265,-0.49843755881199359,0,1
559,0.055900000000000574,1,1,0.49843999181675686,0.027921011806740916,0,-0.055928726063943265,0.49843755881199359,0,1
560,0.056000000000000577,0,1,-0.49843439894415048,-0.027970855562622115,0,0.056028881217620716,-0.49843194844108785,0,1
560,0.056000000000000577,1,1,0.49843439894415048,0.027970855562622115,0,-0.056028881217620716,0.49843194844108785,0,1
561,0.05610000000000058,0,1,-0.49842879605602874,-0.028020698757466225,0,0.056129036929034752,-0.49842632796035125,0,1
561,0.05610000000000058,1,1,0.49842879605602874,0.028020698757466225,0,-0.056129036929034752,0.49842632796035125,0,1
562,0.056200000000000583,0,1,-0.49842318315233586,-0.028070541390262261,0,0.056229193199186699,-0.4984206973693886,0,1
562,0.056200000000000583,1,1,0.49842318315233586,0.028070541390262261,0,-0.056229193199186699,0.4984206973693886,0,1
563,0.056300000000000586,0,1,-0.49841756023301592,-0.028120383459999201,0,0.056329350029077886,-0.49841505666780406,0,1
563,0.056300000000000586,1,1,0.49841756023301592,0.028120383459999201,0,-0.056329350029077886,0.49841505666780406,0,1
564,0.056400000000000589,0,1,-0.49841192729801304,-0.028170224965665982,0,0.056429507419709653,-0.49840940585520105,0,1
564,0.056400000000000589,1,1,0.49841192729801304,0.028170224965665982,0,-0.056429507419709653,0.49840940585520105,0,1
565,0.056500000000000591,0,1,-0.49840628434727108,-0.028220065906251503,0,0.056529665372083329,-0.49840374493118234,0,1
565,0.056500000000000591,1,1,0.49840628434727108,0.028220065906251503,0,-0.056529665372083329,0.49840374493118234,0,1
566,0.056600000000000594,0,1,-0.49840063138073387,-0.028269906280744623,0,0.056629823887200267,-0.49839807389534985,0,1
566,0.056600000000000594,1,1,0.49840063138073387,0.028269906280744623,0,-0.056629823887200267,0.49839807389534985,0,1
567,0.056700000000000597,0,1,-0.49839496839834513,-0.02831974608813416,0,0.056729982966061812,-0.4983923927473049,0,1
567,0.056700000000000597,1,1,0.49839496839834513,0.02831974608813416,0,-0.056729982966061812,0.4983923927473049,0,1
568,0.0568000000000006,0,1,-0.4983892954000485,-0.028369585327408891,0,0.056830142609669315,-0.49838670148664799,0,1
568,0.0568000000000006,1,1,0.4983892954000485,0.028369585327408891,0,-0.056830142609669315,0.49838670148664799,0,1
569,0.056900000000000603,0,1,-0.49838361238578754,-0.028419423997557557,0,0.056930302819024135,-0.49838100011297898,0,1
569,0.056900000000000603,1,1,0.49838361238578754,0.028419423997557557,0,-0.056930302819024135,0.49838100011297898,0,1
570,0.057000000000000606,0,1,-0.49837791935550563,-0.028469262097568854,0,0.057030463595127631,-0.49837528862589703,0,1
570,0.057000000000000606,1,1,0.49837791935550563,0.028469262097568854,0,-0.057030463595127631,0.49837528862589703,0,1
571,0.057100000000000609,0,1,-0.49837221630914613,-0.028519099626431444,0,0.057130624938981175,-0.49836956702500046,0,1
571,0.057100000000000609,1,1,0.49837221630914613,0.028519099626431444,0,-0.057130624938981175,0.49836956702500046,0,1
572,0.057200000000000611,0,1,-0.49836650324665221,-0.028568936583133944,0,0.057230786851586141,-0.49836383530988698,0,1
572,0.057200000000000611,1,1,0.49836650324665221,0.028568936583133944,0,-0.057230786851586141,0.49836383530988698,0,1
573,0.057300000000000614,0,1,-0.49836078016796703,-0.028618772966664933,0,0.057330949333943906,-0.49835809348015353,0,1
573,0.057300000000000614,1,1,0.49836078016796703,0.028618772966664933,0,-0.057330949333943906,0.49835809348015353,0,1
574,0.057400000000000617,0,1,-0.49835504707303363,-0.028668608776012947,0,0.057431112387055845,-0.49835234153539637,0,1
574,0.057400000000000617,1,1,0.49835504707303363,0.028668608776012947,0,-0.057431112387055845,0.49835234153539637,0,1
575,0.05750000000000062,0,1,-0.49834930396179494,-0.028718444010166485,0,0.05753127601192335,-0.49834657947521099,0,1
575,0.05750000000000062,1,1,0.49834930396179494,0.028718444010166485,0,-0.05753127601192335,0.49834657947521099,0,1
576,0.057600000000000623,0,1,-0.49834355083419374,-0.028768278668114006,0,0.057631440209547816,-0.49834080729919222,0,1
576,0.057600000000000623,1,1,0.49834355083419374,0.028768278668114006,0,-0.057631440209547816,0.49834080729919222,0,1
577,0.057700000000000626,0,1,-0.49833778769017278,-0.028818112748843924,0,0.057731604980930634,-0.49833502500693411,0,1
577,0.057700000000000626,1,1,0.49833778769017278,0.028818112748843924,0,-0.057731604980930634,0.49833502500693411,0,1
578,0.057800000000000629,0,1,-0.49833201452967468,-0.028867946251344617,0,0.057831770327073206,-0.49832923259803003,0,1
578,0.057800000000000629,1,1,0.49833201452967468,0.028867946251344617,0,-0.057831770327073206,0.49832923259803003,0,1
579,0.057900000000000632,0,1,-0.49832623135264198,-0.028917779174604419,0,0.05793193624897694,-0.49832343007207258,0,1
579,0.057900000000000632,1,1,0.49832623135264198,0.028917779174604419,0,-0.05793193624897694,0.49832343007207258,0,1
580,0.058000000000000634,0,1,-0.49832043815901711,-0.028967611517611624,0,0.058032102747643248,-0.49831761742865371,0,1
580,0.058000000000000634,1,1,0.49832043815901711,0.028967611517611624,0,-0.058032102747643248,0.49831761742865371,0,1
581,0.058100000000000637,0,1,-0.49831463494874234,-0.029017443279354491,0,0.058132269824073546,-0.49831179466736458,0,1
581,0.058100000000000637,1,1,0.49831463494874234,0.029017443279354491,0,-0.058132269824073546,0.49831179466736458,0,1
582,0.05820000000000064,0,1,-0.49830882172175994,-0.029067274458821228,0,0.058232437479269254,-0.49830596178779568,0,1
582,0.05820000000000064,1,1,0.49830882172175994,0.029067274458821228,0,-0.058232437479269254,0.49830596178779568,0,1
583,0.058300000000000643,0,1,-0.49830299847801202,-0.029117105055000009,0,0.058332605714231801,-0.49830011878953678,0,1
583,0.058300000000000643,1,1,0.49830299847801202,0.029117105055000009,0,-0.058332605714231801,0.49830011878953678,0,1
584,0.058400000000000646,0,1,-0.49829716521744061,-0.029166935066878962,0,0.058432774529962615,-0.49829426567217688,0,1
584,0.058400000000000646,1,1,0.49829716521744061,0.029166935066878962,0,-0.058432774529962615,0.49829426567217688,0,1
585,0.058500000000000649,0,1,-0.4982913219399876,-0.029216764493446179,0,0.058532943927463131,-0.49828840243530437,0,1
585,0.058500000000000649,1,1,0.4982913219399876,0.029216764493446179,0,-0.058532943927463131,0.49828840243530437,0,1
586,0.058600000000000652,0,1,-0.49828546864559486,-0.029266593333689708,0,0.058633113907734791,-0.49828252907850673,0,1
586,0.058600000000000652,1,1,0.49828546864559486,0.029266593333689708,0,-0.058633113907734791,0.49828252907850673,0,1
587,0.058700000000000654,0,1,-0.49827960533420407,-0.029316421586597557,0,0.058733284471779036,-0.49827664560137092,0,1
587,0.058700000000000654,1,1,0.49827960533420407,0.029316421586597557,0,-0.058733284471779036,0.49827664560137092,0,1
588,0.058800000000000657,0,1,-0.49827373200575686,-0.029366249251157696,0,0.058833455620597323,-0.49827075200348303,0,1
588,0.058800000000000657,1,1,0.49827373200575686,0.029366249251157696,0,-0.058833455620597323,0.49827075200348303,0,1
589,0.05890000000000066,0,1,-0.4982678486601948,-0.029416076326358044,0,0.058933627355191108,-0.49826484828442852,0,1
589,0.05890000000000066,1,1,0.4982678486601948,0.029416076326358044,0,-0.058933627355191108,0.49826484828442852,0,1
590,0.059000000000000663,0,1,-0.49826195529745926,-0.029465902811186488,0,0.059033799676561846,-0.4982589344437921,0,1
590,0.059000000000000663,1,1,0.49826195529745926,0.029465902811186488,0,-0.059033799676561846,0.4982589344437921,0,1
591,0.059100000000000666,0,1,-0.49825605191749162,-0.029515728704630869,0,0.059133972585711007,-0.49825301048115772,0,1
591,0.059100000000000666,1,1,0.49825605191749162,0.029515728704630869,0,-0.059133972585711007,0.49825301048115772,0,1
592,0.059200000000000669,0,1,-0.49825013852023303,-0.029565554005678986,0,0.059234146083640062,-0.49824707639610871,0,1
592,0.059200000000000669,1,1,0.49825013852023303,0.029565554005678986,0,-0.059234146083640062,0.49824707639610871,0,1
593,0.059300000000000672,0,1,-0.49824421510562467,-0.029615378713318596,0,0.059334320171350478,-0.49824113218822758,0,1
593,0.059300000000000672,1,1,0.49824421510562467,0.029615378713318596,0,-0.059334320171350478,0.49824113218822758,0,1
594,0.059400000000000674,0,1,-0.49823828167360751,-0.02966520282653742,0,0.059434494849843741,-0.49823517785709615,0,1
594,0.059400000000000674,1,1,0.49823828167360751,0.02966520282653742,0,-0.059434494849843741,0.49823517785709615,0,1
595,0.059500000000000677,0,1,-0.49823233822412255,-0.029715026344323131,0,0.059534670120121341,-0.49822921340229553,0,1
595,0.059500000000000677,1,1,0.49823233822412255,0.029715026344323131,0,-0.059534670120121341,0.49822921340229553,0,1
596,0.05960000000000068,0,1,-0.49822638475711056,-0.029764849265663362,0,0.059634845983184762,-0.49822323882340608,0,1
596,0.05960000000000068,1,1,0.49822638475711056,0.029764849265663362,0,-0.059634845983184762,0.49822323882340608,0,1
597,0.059700000000000683,0,1,-0.49822042127251226,-0.029814671589545701,0,0.0597350224400355,-0.49821725412000745,0,1
597,0.059700000000000683,1,1,0.49822042127251226,0.029814671589545701,0,-0.0597350224400355,0.49821725412000745,0,1
598,0.059800000000000686,0,1,-0.49821444777026824,-0.029864493314957701,0,0.059835199491675053,-0.49821125929167864,0,1
598,0.059800000000000686,1,1,0.49821444777026824,0.029864493314957701,0,-0.059835199491675053,0.49821125929167864,0,1
599,0.059900000000000689,0,1,-0.49820846425031906,-0.02991431444088687,0,0.059935377139104934,-0.49820525433799784,0,1
599,0.059900000000000689,1,1,0.49820846425031906,0.02991431444088687,0,-0.059935377139104934,0.49820525433799784,0,1
600,0.060000000000000692,0,1,-0.49820247071260515,-0.029964134966320669,0,0.060035555383326646,-0.49819923925854248,0,1
600,0.060000000000000692,1,1,0.49820247071260515,0.029964134966320669,0,-0.060035555383326646,0.49819923925854248,0,1
601,0.060100000000000695,0,1,-0.49819646715706684,-0.030013954890246525,0,0.060135734225341707,-0.49819321405288941,0,1
601,0.060100000000000695,1,1,0.49819646715706684,0.030013954890246525,0,-0.060135734225341707,0.49819321405288941,0,1
602,0.060200000000000697,0,1,-0.49819045358364428,-0.030063774211651812,0,0.060235913666151636,-0.49818717872061469,0,1
602,0.060200000000000697,1,1,0.49819045358364428,0.030063774211651812,0,-0.060235913666151636,0.49818717872061469,0,1
603,0.0603000000000007,0,1,-0.49818442999227769,-0.030113592929523873,0,0.060336093706757965,-0.4981811332612936,0,1
603,0.0603000000000007,1,1,0.49818442999227769,0.030113592929523873,0,-0.060336093706757965,0.4981811332612936,0,1
604,0.060400000000000703,0,1,-0.49817839638290701,-0.030163411042850002,0,0.060436274348162219,-0.49817507767450075,0,1
604,0.060400000000000703,1,1,0.49817839638290701,0.030163411042850002,0,-0.060436274348162219,0.49817507767450075,0,1
605,0.060500000000000706,0,1,-0.49817235275547217,-0.030213228550617453,0,0.060536455591365931,-0.49816901195981006,0,1
605,0.060500000000000706,1,1,0.49817235275547217,0.030213228550617453,0,-0.060536455591365931,0.49816901195981006,0,1
606,0.060600000000000709,0,1,-0.49816629910991306,-0.030263045451813433,0,0.060636637437370647,-0.49816293611679463,0,1
606,0.060600000000000709,1,1,0.49816629910991306,0.030263045451813433,0,-0.060636637437370647,0.49816293611679463,0,1
607,0.060700000000000712,0,1,-0.49816023544616933,-0.03031286174542511,0,0.060736819887177905,-0.49815685014502697,0,1
607,0.060700000000000712,1,1,0.49816023544616933,0.03031286174542511,0,-0.060736819887177905,0.49815685014502697,0,1
608,0.060800000000000715,0,1,-0.49815416176418059,-0.030362677430439612,0,0.060837002941789266,-0.49815075404407877,0,1
608,0.060800000000000715,1,1,0.49815416176418059,0.030362677430439612,0,-0.060837002941789266,0.49815075404407877,0,1
609,0.060900000000000717,0,1,-0.49814807806388639,-0.030412492505844019,0,0.060937186602206275,-0.49814464781352102,0,1
609,0.060900000000000717,1,1,0.49814807806388639,0.030412492505844019,0,-0.060937186602206275,0.49814464781352102,0,1
610,0.06100000000000072,0,1,-0.49814198434522616,-0.03046230697062537,0,0.0610373708694305,-0.49813853145292397,0,1
610,0.06100000000000072,1,1,0.49814198434522616,0.03046230697062537,0,-0.0610373708694305,0.49813853145292397,0,1
611,0.061100000000000723,0,1,-0.49813588060813924,-0.030512120823770663,0,0.061137555744463508,-0.49813240496185723,0,1
611,0.061100000000000723,1,1,0.49813588060813924,0.030512120823770663,0,-0.061137555744463508,0.49813240496185723,0,1
612,0.061200000000000726,0,1,-0.49812976685256477,-0.030561934064266848,0,0.061237741228306865,-0.4981262683398896,0,1
612,0.061200000000000726,1,1,0.49812976685256477,0.030561934064266848,0,-0.061237741228306865,0.4981262683398896,0,1
613,0.061300000000000729,0,1,-0.49812364307844192,-0.030611746691100835,0,0.061337927321962152,-0.49812012158658914,0,1
613,0.061300000000000729,1,1,0.49812364307844192,0.030611746691100835,0,-0.061337927321962152,0.49812012158658914,0,1
614,0.061400000000000732,0,1,-0.49811750928570975,-0.030661558703259494,0,0.06143811402643095,-0.4981139647015233,0,1
614,0.061400000000000732,1,1,0.49811750928570975,0.030661558703259494,0,-0.06143811402643095,0.4981139647015233,0,1
615,0.061500000000000735,0,1,-0.49811136547430712,-0.030711370099729646,0,0.061538301342714839,-0.49810779768425872,0,1
615,0.061500000000000735,1,1,0.49811136547430712,0.030711370099729646,0,-0.061538301342714839,0.49810779768425872,0,1
616,0.061600000000000737,0,1,-0.49810521164417287,-0.030761180879498071,0,0.061638489271815415,-0.4981016205343613,0,1
616,0.061600000000000737,1,1,0.49810521164417287,0.030761180879498071,0,-0.061638489271815415,0.4981016205343613,0,1
617,0.06170000000000074,0,1,-0.49809904779524572,-0.030810991041551508,0,0.061738677814734272,-0.49809543325139632,0,1
617,0.06170000000000074,1,1,0.49809904779524572,0.030810991041551508,0,-0.061738677814734272,0.49809543325139632,0,1
618,0.061800000000000743,0,1,-0.49809287392746426,-0.030860800584876648,0,0.061838866972473018,-0.4980892358349282,0,1
618,0.061800000000000743,1,1,0.49809287392746426,0.030860800584876648,0,-0.061838866972473018,0.4980892358349282,0,1
619,0.061900000000000746,0,1,-0.498086690040767,-0.030910609508460141,0,0.061939056746033255,-0.49808302828452078,0,1
619,0.061900000000000746,1,1,0.498086690040767,0.030910609508460141,0,-0.061939056746033255,0.49808302828452078,0,1
620,0.062000000000000749,0,1,-0.49808049613509242,-0.030960417811288592,0,0.062039247136416599,-0.49807681059973707,0,1
620,0.062000000000000749,1,1,0.49808049613509242,0.030960417811288592,0,-0.062039247136416599,0.49807681059973707,0,1
621,0.062100000000000752,0,1,-0.4980742922103788,-0.031010225492348567,0,0.062139438144624658,-0.49807058278013938,0,1
621,0.062100000000000752,1,1,0.4980742922103788,0.031010225492348567,0,-0.062139438144624658,0.49807058278013938,0,1
622,0.062200000000000755,0,1,-0.49806807826656435,-0.03106003255062658,0,0.062239629771659061,-0.49806434482528933,0,1
622,0.062200000000000755,1,1,0.49806807826656435,0.03106003255062658,0,-0.062239629771659061,0.49806434482528933,0,1
623,0.062300000000000758,0,1,-0.49806185430358718,-0.03110983898510911,0,0.062339822018521437,-0.49805809673474777,0,1
623,0.062300000000000758,1,1,0.49806185430358718,0.03110983898510911,0,-0.062339822018521437,0.49805809673474777,0,1
624,0.06240000000000076,0,1,-0.49805562032138534,-0.031159644794782584,0,0.062440014886213417,-0.49805183850807488,0,1
624,0.06240000000000076,1,1,0.49805562032138534,0.031159644794782584,0,-0.062440014886213417,0.49805183850807488,0,1
625,0.062500000000000763,0,1,-0.49804937631989671,-0.03120944997863339,0,0.062540208375736636,-0.49804557014483009,0,1
625,0.062500000000000763,1,1,0.49804937631989671,0.03120944997863339,0,-0.062540208375736636,0.49804557014483009,0,1
626,0.062600000000000766,0,1,-0.49804312229905912,-0.031259254535647873,0,0.062640402488092745,-0.49803929164457206,0,1
626,0.062600000000000766,1,1,0.49804312229905912,0.031259254535647873,0,-0.062640402488092745,0.49803929164457206,0,1
627,0.062700000000000769,0,1,-0.49803685825881033,-0.031309058464812328,0,0.062740597224283379,-0.49803300300685882,0,1
627,0.062700000000000769,1,1,0.49803685825881033,0.031309058464812328,0,-0.062740597224283379,0.49803300300685882,0,1
628,0.062800000000000772,0,1,-0.49803058419908791,-0.031358861765113016,0,0.06284079258531021,-0.49802670423124762,0,1
628,0.062800000000000772,1,1,0.49803058419908791,0.031358861765113016,0,-0.06284079258531021,0.49802670423124762,0,1
629,0.062900000000000775,0,1,-0.4980243001198294,-0.031408664435536138,0,0.06294098857217488,-0.49802039531729497,0,1
629,0.062900000000000775,1,1,0.4980243001198294,0.031408664435536138,0,-0.06294098857217488,0.49802039531729497,0,1
630,0.063000000000000778,0,1,-0.49801800602097218,-0.031458466475067864,0,0.063041185185879062,-0.49801407626455668,0,1
630,0.063000000000000778,1,1,0.49801800602097218,0.031458466475067864,0,-0.063041185185879062,0.49801407626455668,0,1
631,0.06310000000000078,0,1,-0.49801170190245359,-0.03150826788269432,0,0.063141382427424425,-0.49800774707258783,0,1
631,0.06310000000000078,1,1,0.49801170190245359,0.03150826788269432,0,-0.063141382427424425,0.49800774707258783,0,1
632,0.063200000000000783,0,1,-0.49800538776421083,-0.031558068657401579,0,0.063241580297812641,-0.49800140774094281,0,1
632,0.063200000000000783,1,1,0.49800538776421083,0.031558068657401579,0,-0.063241580297812641,0.49800140774094281,0,1
633,0.063300000000000786,0,1,-0.49799906360618107,-0.031607868798175676,0,0.063341778798045381,-0.49799505826917523,0,1
633,0.063300000000000786,1,1,0.49799906360618107,0.031607868798175676,0,-0.063341778798045381,0.49799505826917523,0,1
634,0.063400000000000789,0,1,-0.49799272942830125,-0.031657668304002594,0,0.063441977929124344,-0.49798869865683798,0,1
634,0.063400000000000789,1,1,0.49799272942830125,0.031657668304002594,0,-0.063441977929124344,0.49798869865683798,0,1
635,0.063500000000000792,0,1,-0.49798638523050831,-0.031707467173868277,0,0.063542177692051213,-0.49798232890348332,0,1
635,0.063500000000000792,1,1,0.49798638523050831,0.031707467173868277,0,-0.063542177692051213,0.49798232890348332,0,1
636,0.063600000000000795,0,1,-0.49798003101273913,-0.031757265406758627,0,0.063642378087827689,-0.49797594900866265,0,1
636,0.063600000000000795,1,1,0.49798003101273913,0.031757265406758627,0,-0.063642378087827689,0.49797594900866265,0,1
637,0.063700000000000798,0,1,-0.49797366677493032,-0.031807063001659495,0,0.06374257911745547,-0.49796955897192674,0,1
637,0.063700000000000798,1,1,0.49797366677493032,0.031807063001659495,0,-0.06374257911745547,0.49796955897192674,0,1
638,0.063800000000000801,0,1,-0.4979672925170186,-0.031856859957556688,0,0.063842780781936254,-0.4979631587928256,0,1
638,0.063800000000000801,1,1,0.4979672925170186,0.031856859957556688,0,-0.063842780781936254,0.4979631587928256,0,1
639,0.063900000000000803,0,1,-0.4979609082389404,-0.031906656273435974,0,0.063942983082271754,-0.49795674847090854,0,1
639,0.063900000000000803,1,1,0.4979609082389404,0.031906656273435974,0,-0.063942983082271754,0.49795674847090854,0,1
640,0.064000000000000806,0,1,-0.49795451394063217,-0.031956451948283067,0,0.064043186019463696,-0.49795032800572409,0,1
640,0.064000000000000806,1,1,0.49795451394063217,0.031956451948283067,0,-0.064043186019463696,0.49795032800572409,0,1
641,0.064100000000000809,0,1,-0.49794810962203023,-0.03200624698108364,0,0.064143389594513794,-0.4979438973968201,0,1
641,0.064100000000000809,1,1,0.49794810962203023,0.03200624698108364,0,-0.064143389594513794,0.4979438973968201,0,1
642,0.064200000000000812,0,1,-0.49794169528307081,-0.032056041370823324,0,0.064243593808423774,-0.49793745664374367,0,1
642,0.064200000000000812,1,1,0.49794169528307081,0.032056041370823324,0,-0.064243593808423774,0.49793745664374367,0,1
643,0.064300000000000815,0,1,-0.49793527092368994,-0.032105835116487701,0,0.064343798662195376,-0.49793100574604121,0,1
643,0.064300000000000815,1,1,0.49793527092368994,0.032105835116487701,0,-0.064343798662195376,0.49793100574604121,0,1
644,0.064400000000000818,0,1,-0.49792883654382375,-0.032155628217062304,0,0.064444004156830326,-0.49792454470325836,0,1
644,0.064400000000000818,1,1,0.49792883654382375,0.032155628217062304,0,-0.064444004156830326,0.49792454470325836,0,1
645,0.064500000000000821,0,1,-0.49792239214340805,-0.032205420671532627,0,0.064544210293330379,-0.49791807351494011,0,1
645,0.064500000000000821,1,1,0.49792239214340805,0.032205420671532627,0,-0.064544210293330379,0.49791807351494011,0,1
646,0.064600000000000823,0,1,-0.49791593772237874,-0.032255212478884118,0,0.064644417072697274,-0.49791159218063064,0,1
646,0.064600000000000823,1,1,0.49791593772237874,0.032255212478884118,0,-0.064644417072697274,0.49791159218063064,0,1
647,0.064700000000000826,0,1,-0.49790947328067148,-0.032305003638102181,0,0.064744624495932768,-0.49790510069987343,0,1
647,0.064700000000000826,1,1,0.49790947328067148,0.032305003638102181,0,-0.064744624495932768,0.49790510069987343,0,1
648,0.064800000000000829,0,1,-0.49790299881822186,-0.032354794148172168,0,0.064844832564038626,-0.49789859907221129,0,1
648,0.064800000000000829,1,1,0.49790299881822186,0.032354794148172168,0,-0.064844832564038626,0.49789859907221129,0,1
649,0.064900000000000832,0,1,-0.49789651433496546,-0.032404584008079391,0,0.064945041278016605,-0.4978920872971862,0,1
649,0.064900000000000832,1,1,0.49789651433496546,0.032404584008079391,0,-0.064945041278016605,0.4978920872971862,0,1
650,0.065000000000000835,0,1,-0.49789001983083764,-0.032454373216809107,0,0.065045250638868471,-0.49788556537433953,0,1
650,0.065000000000000835,1,1,0.49789001983083764,0.032454373216809107,0,-0.065045250638868471,0.49788556537433953,0,1
651,0.065100000000000838,0,1,-0.49788351530577374,-0.032504161773346543,0,0.065145460647596007,-0.49787903330321182,0,1
651,0.065100000000000838,1,1,0.49788351530577374,0.032504161773346543,0,-0.065145460647596007,0.49787903330321182,0,1
652,0.065200000000000841,0,1,-0.49787700075970898,-0.032553949676676866,0,0.065245671305200995,-0.49787249108334297,0,1
652,0.065200000000000841,1,1,0.49787700075970898,0.032553949676676866,0,-0.065245671305200995,0.49787249108334297,0,1
653,0.065300000000000843,0,1,-0.49787047619257846,-0.0326037369257852,0,0.065345882612685216,-0.49786593871427209,0,1
653,0.065300000000000843,1,1,0.49787047619257846,0.0326037369257852,0,-0.065345882612685216,0.49786593871427209,0,1
654,0.065400000000000846,0,1,-0.49786394160431718,-0.032653523519656627,0,0.065446094571050453,-0.49785937619553761,0,1
654,0.065400000000000846,1,1,0.49786394160431718,0.032653523519656627,0,-0.065446094571050453,0.49785937619553761,0,1
655,0.065500000000000849,0,1,-0.49785739699486009,-0.032703309457276182,0,0.065546307181298516,-0.49785280352667721,0,1
655,0.065500000000000849,1,1,0.49785739699486009,0.032703309457276182,0,-0.065546307181298516,0.49785280352667721,0,1
656,0.065600000000000852,0,1,-0.49785084236414195,-0.03275309473762885,0,0.0656465204444312,-0.49784622070722784,0,1
656,0.065600000000000852,1,1,0.49785084236414195,0.03275309473762885,0,-0.0656465204444312,0.49784622070722784,0,1
657,0.065700000000000855,0,1,-0.49784427771209749,-0.032802879359699576,0,0.065746734361450315,-0.49783962773672574,0,1
657,0.065700000000000855,1,1,0.49784427771209749,0.032802879359699576,0,-0.065746734361450315,0.49783962773672574,0,1
658,0.065800000000000858,0,1,-0.49783770303866137,-0.032852663322473247,0,0.065846948933357671,-0.49783302461470641,0,1
658,0.065800000000000858,1,1,0.49783770303866137,0.032852663322473247,0,-0.065846948933357671,0.49783302461470641,0,1
659,0.065900000000000861,0,1,-0.49783111834376803,-0.032902446624934717,0,0.065947164161155078,-0.4978264113407046,0,1
659,0.065900000000000861,1,1,0.49783111834376803,0.032902446624934717,0,-0.065947164161155078,0.4978264113407046,0,1
660,0.066000000000000864,0,1,-0.49782452362735191,-0.032952229266068785,0,0.066047380045844373,-0.49781978791425441,0,1
660,0.066000000000000864,1,1,0.49782452362735191,0.032952229266068785,0,-0.066047380045844373,0.49781978791425441,0,1
661,0.066100000000000866,0,1,-0.49781791888934734,-0.033002011244860213,0,0.066147596588427379,-0.49781315433488915,0,1
661,0.066100000000000866,1,1,0.49781791888934734,0.033002011244860213,0,-0.066147596588427379,0.49781315433488915,0,1
662,0.066200000000000869,0,1,-0.49781130412968849,-0.033051792560293704,0,0.066247813789905921,-0.49780651060214143,0,1
662,0.066200000000000869,1,1,0.49781130412968849,0.033051792560293704,0,-0.066247813789905921,0.49780651060214143,0,1
663,0.066300000000000872,0,1,-0.49780467934830952,-0.033101573211353916,0,0.06634803165128185,-0.49779985671554311,0,1
663,0.066300000000000872,1,1,0.49780467934830952,0.033101573211353916,0,-0.06634803165128185,0.49779985671554311,0,1
664,0.066400000000000875,0,1,-0.49779804454514437,-0.033151353197025467,0,0.066448250173557002,-0.49779319267462535,0,1
664,0.066400000000000875,1,1,0.49779804454514437,0.033151353197025467,0,-0.066448250173557002,0.49779319267462535,0,1
665,0.066500000000000878,0,1,-0.49779139972012704,-0.033201132516292926,0,0.066548469357733245,-0.49778651847891858,0,1
665,0.066500000000000878,1,1,0.49779139972012704,0.033201132516292926,0,-0.066548469357733245,0.49778651847891858,0,1
666,0.066600000000000881,0,1,-0.49778474487319124,-0.033250911168140815,0,0.066648689204812414,-0.49777983412795246,0,1
666,0.066600000000000881,1,1,0.49778474487319124,0.033250911168140815,0,-0.066648689204812414,0.49777983412795246,0,1
667,0.066700000000000884,0,1,-0.49777808000427076,-0.033300689151553611,0,0.066748909715796376,-0.49777313962125597,0,1
667,0.066700000000000884,1,1,0.49777808000427076,0.033300689151553611,0,-0.066748909715796376,0.49777313962125597,0,1
668,0.066800000000000886,0,1,-0.4977714051132992,-0.033350466465515739,0,0.066849130891687009,-0.49776643495835737,0,1
668,0.066800000000000886,1,1,0.4977714051132992,0.033350466465515739,0,-0.066849130891687009,0.49776643495835737,0,1
669,0.066900000000000889,0,1,-0.49776472020021001,-0.033400243109011574,0,0.066949352733486178,-0.49775972013878417,0,1
669,0.066900000000000889,1,1,0.49776472020021001,0.033400243109011574,0,-0.066949352733486178,0.49775972013878417,0,1
670,0.067000000000000892,0,1,-0.49775802526493668,-0.033450019081025455,0,0.06704957524219575,-0.49775299516206312,0,1
670,0.067000000000000892,1,1,0.49775802526493668,0.033450019081025455,0,-0.06704957524219575,0.49775299516206312,0,1
671,0.067100000000000895,0,1,-0.49775132030741248,-0.03349979438054166,0,0.067149798418817616,-0.49774626002772032,0,1
671,0.067100000000000895,1,1,0.49775132030741248,0.03349979438054166,0,-0.067149798418817616,0.49774626002772032,0,1
672,0.067200000000000898,0,1,-0.49774460532757059,-0.033549569006544433,0,0.06725002226435367,-0.49773951473528111,0,1
672,0.067200000000000898,1,1,0.49774460532757059,0.033549569006544433,0,-0.06725002226435367,0.49773951473528111,0,1
673,0.067300000000000901,0,1,-0.49773788032534416,-0.033599342958017961,0,0.067350246779805806,-0.49773275928427008,0,1
673,0.067300000000000901,1,1,0.49773788032534416,0.033599342958017961,0,-0.067350246779805806,0.49773275928427008,0,1
674,0.067400000000000904,0,1,-0.4977311453006662,-0.03364911623394639,0,0.067450471966175915,-0.49772599367421105,0,1
674,0.067400000000000904,1,1,0.4977311453006662,0.03364911623394639,0,-0.067450471966175915,0.49772599367421105,0,1
675,0.067500000000000906,0,1,-0.49772440025346959,-0.03369888883331381,0,0.067550697824465905,-0.49771921790462725,0,1
675,0.067500000000000906,1,1,0.49772440025346959,0.03369888883331381,0,-0.067550697824465905,0.49771921790462725,0,1
676,0.067600000000000909,0,1,-0.49771764518368716,-0.033748660755104271,0,0.067650924355677683,-0.49771243197504106,0,1
676,0.067600000000000909,1,1,0.49771764518368716,0.033748660755104271,0,-0.067650924355677683,0.49771243197504106,0,1
677,0.067700000000000912,0,1,-0.49771088009125158,-0.033798431998301771,0,0.067751151560813169,-0.49770563588497418,0,1
677,0.067700000000000912,1,1,0.49771088009125158,0.033798431998301771,0,-0.067751151560813169,0.49770563588497418,0,1
678,0.067800000000000915,0,1,-0.49770410497609552,-0.033848202561890271,0,0.067851379440874285,-0.49769882963394757,0,1
678,0.067800000000000915,1,1,0.49770410497609552,0.033848202561890271,0,-0.067851379440874285,0.49769882963394757,0,1
679,0.067900000000000918,0,1,-0.49769731983815141,-0.033897972444853666,0,0.067951607996862964,-0.49769201322148149,0,1
679,0.067900000000000918,1,1,0.49769731983815141,0.033897972444853666,0,-0.067951607996862964,0.49769201322148149,0,1
680,0.068000000000000921,0,1,-0.4976905246773517,-0.033947741646175818,0,0.068051837229781129,-0.49768518664709538,0,1
680,0.068000000000000921,1,1,0.4976905246773517,0.033947741646175818,0,-0.068051837229781129,0.49768518664709538,0,1
681,0.068100000000000924,0,1,-0.49768371949362872,-0.033997510164840525,0,0.068152067140630726,-0.49767834991030813,0,1
681,0.068100000000000924,1,1,0.49768371949362872,0.033997510164840525,0,-0.068152067140630726,0.49767834991030813,0,1
682,0.068200000000000927,0,1,-0.49767690428691463,-0.034047277999831559,0,0.068252297730413691,-0.49767150301063773,0,1
682,0.068200000000000927,1,1,0.49767690428691463,0.034047277999831559,0,-0.068252297730413691,0.49767150301063773,0,1
683,0.068300000000000929,0,1,-0.49767007905714161,-0.034097045150132621,0,0.068352529000131973,-0.49766464594760151,0,1
683,0.068300000000000929,1,1,0.49767007905714161,0.034097045150132621,0,-0.068352529000131973,0.49766464594760151,0,1
684,0.068400000000000932,0,1,-0.4976632438042416,-0.034146811614727379,0,0.06845276095078752,-0.49765777872071604,0,1
684,0.068400000000000932,1,1,0.4976632438042416,0.034146811614727379,0,-0.06845276095078752,0.49765777872071604,0,1
685,0.068500000000000935,0,1,-0.49765639852814653,-0.034196577392599452,0,0.068552993583382307,-0.49765090132949724,0,1
685,0.068500000000000935,1,1,0.49765639852814653,0.034196577392599452,0,-0.068552993583382307,0.49765090132949724,0,1
686,0.068600000000000938,0,1,-0.49764954322878818,-0.034246342482732402,0,0.068653226898918299,-0.49764401377346024,0,1
686,0.068600000000000938,1,1,0.49764954322878818,0.034246342482732402,0,-0.068653226898918299,0.49764401377346024,0,1
687,0.068700000000000941,0,1,-0.49764267790609829,-0.034296106884109751,0,0.068753460898397456,-0.49763711605211941,0,1
687,0.068700000000000941,1,1,0.49764267790609829,0.034296106884109751,0,-0.068753460898397456,0.49763711605211941,0,1
688,0.068800000000000944,0,1,-0.49763580256000844,-0.034345870595714964,0,0.068853695582821756,-0.49763020816498849,0,1
688,0.068800000000000944,1,1,0.49763580256000844,0.034345870595714964,0,-0.068853695582821756,0.49763020816498849,0,1
689,0.068900000000000947,0,1,-0.49762891719045016,-0.03439563361653146,0,0.068953930953193188,-0.49762329011158041,0,1
689,0.068900000000000947,1,1,0.49762891719045016,0.03439563361653146,0,-0.068953930953193188,0.49762329011158041,0,1
690,0.069000000000000949,0,1,-0.49762202179735482,-0.03444539594554262,0,0.069054167010513742,-0.4976163618914074,0,1
690,0.069000000000000949,1,1,0.49762202179735482,0.03444539594554262,0,-0.069054167010513742,0.4976163618914074,0,1
691,0.069100000000000952,0,1,-0.49761511638065375,-0.034495157581731759,0,0.069154403755785396,-0.49760942350398091,0,1
691,0.069100000000000952,1,1,0.49761511638065375,0.034495157581731759,0,-0.069154403755785396,0.49760942350398091,0,1
692,0.069200000000000955,0,1,-0.49760820094027819,-0.034544918524082154,0,0.069254641190010166,-0.49760247494881177,0,1
692,0.069200000000000955,1,1,0.49760820094027819,0.034544918524082154,0,-0.069254641190010166,0.49760247494881177,0,1
693,0.069300000000000958,0,1,-0.49760127547615918,-0.034594678771577035,0,0.069354879314190043,-0.49759551622540998,0,1
693,0.069300000000000958,1,1,0.49760127547615918,0.034594678771577035,0,-0.069354879314190043,0.49759551622540998,0,1
694,0.069400000000000961,0,1,-0.49759433998822777,-0.034644438323199578,0,0.069455118129327045,-0.49758854733328489,0,1
694,0.069400000000000961,1,1,0.49759433998822777,0.034644438323199578,0,-0.069455118129327045,0.49758854733328489,0,1
695,0.069500000000000964,0,1,-0.49758739447641487,-0.034694197177932908,0,0.06955535763642319,-0.49758156827194505,0,1
695,0.069500000000000964,1,1,0.49758739447641487,0.034694197177932908,0,-0.06955535763642319,0.49758156827194505,0,1
696,0.069600000000000967,0,1,-0.49758043894065124,-0.034743955334760102,0,0.069655597836480496,-0.4975745790408983,0,1
696,0.069600000000000967,1,1,0.49758043894065124,0.034743955334760102,0,-0.069655597836480496,0.4975745790408983,0,1
697,0.06970000000000097,0,1,-0.4975734733808676,-0.034793712792664189,0,0.069755838730500994,-0.49756757963965176,0,1
697,0.06970000000000097,1,1,0.4975734733808676,0.034793712792664189,0,-0.069755838730500994,0.49756757963965176,0,1
698,0.069800000000000972,0,1,-0.49756649779699458,-0.034843469550628156,0,0.069856080319486716,-0.49756057006771187,0,1
698,0.069800000000000972,1,1,0.49756649779699458,0.034843469550628156,0,-0.069856080319486716,0.49756057006771187,0,1
699,0.069900000000000975,0,1,-0.4975595121889626,-0.034893225607634928,0,0.069956322604439694,-0.49755355032458426,0,1
699,0.069900000000000975,1,1,0.4975595121889626,0.034893225607634928,0,-0.069956322604439694,0.49755355032458426,0,1
700,0.070000000000000978,0,1,-0.49755251655670218,-0.034942980962667389,0,0.070056565586361974,-0.49754652040977387,0,1
700,0.070000000000000978,1,1,0.49755251655670218,0.034942980962667389,0,-0.070056565586361974,0.49754652040977387,0,1
701,0.070100000000000981,0,1,-0.49754551090014354,-0.034992735614708365,0,0.070156809266255601,-0.49753948032278489,0,1
701,0.070100000000000981,1,1,0.49754551090014354,0.034992735614708365,0,-0.070156809266255601,0.49753948032278489,0,1
702,0.070200000000000984,0,1,-0.49753849521921689,-0.035042489562740642,0,0.07025705364512265,-0.49753243006312081,0,1
702,0.070200000000000984,1,1,0.49753849521921689,0.035042489562740642,0,-0.07025705364512265,0.49753243006312081,0,1
703,0.070300000000000987,0,1,-0.49753146951385235,-0.035092242805746951,0,0.070357298723965164,-0.49752536963028432,0,1
703,0.070300000000000987,1,1,0.49753146951385235,0.035092242805746951,0,-0.070357298723965164,0.49752536963028432,0,1
704,0.07040000000000099,0,1,-0.49752443378397998,-0.035141995342709981,0,0.070457544503785205,-0.49751829902377748,0,1
704,0.07040000000000099,1,1,0.49752443378397998,0.035141995342709981,0,-0.070457544503785205,0.49751829902377748,0,1
705,0.070500000000000992,0,1,-0.49751738802952961,-0.035191747172612357,0,0.070557790985584859,-0.49751121824310157,0,1
705,0.070500000000000992,1,1,0.49751738802952961,0.035191747172612357,0,-0.070557790985584859,0.49751121824310157,0,1
706,0.070600000000000995,0,1,-0.49751033225043106,-0.035241498294436666,0,0.0706580381703662,-0.49750412728775717,0,1
706,0.070600000000000995,1,1,0.49751033225043106,0.035241498294436666,0,-0.0706580381703662,0.49750412728775717,0,1
707,0.070700000000000998,0,1,-0.49750326644661402,-0.035291248707165442,0,0.070758286059131301,-0.49749702615724406,0,1
707,0.070700000000000998,1,1,0.49750326644661402,0.035291248707165442,0,-0.070758286059131301,0.49749702615724406,0,1
708,0.070800000000001001,0,1,-0.49749619061800809,-0.035340998409781166,0,0.070858534652882263,-0.49748991485106131,0,1
708,0.070800000000001001,1,1,0.49749619061800809,0.035340998409781166,0,-0.070858534652882263,0.49748991485106131,0,1
709,0.070900000000001004,0,1,-0.49748910476454283,-0.03539074740126627,0,0.070958783952621174,-0.49748279336870732,0,1
709,0.070900000000001004,1,1,0.49748910476454283,0.03539074740126627,0,-0.070958783952621174,0.49748279336870732,0,1
710,0.071000000000001007,0,1,-0.49748200888614758,-0.035440495680603139,0,0.071059033959350149,-0.49747566170967972,0,1
710,0.071000000000001007,1,1,0.49748200888614758,0.035440495680603139,0,-0.071059033959350149,0.49747566170967972,0,1
711,0.07110000000000101,0,1,-0.49747490298275165,-0.035490243246774106,0,0.071159284674071274,-0.4974685198734754,0,1
711,0.07110000000000101,1,1,0.49747490298275165,0.035490243246774106,0,-0.071159284674071274,0.4974685198734754,0,1
712,0.071200000000001012,0,1,-0.49746778705428424,-0.035539990098761451,0,0.07125953609778668,-0.49746136785959055,0,1
712,0.071200000000001012,1,1,0.49746778705428424,0.035539990098761451,0,-0.07125953609778668,0.49746136785959055,0,1
713,0.071300000000001015,0,1,-0.49746066110067444,-0.035589736235547412,0,0.071359788231498467,-0.49745420566752058,0,1
713,0.071300000000001015,1,1,0.49746066110067444,0.035589736235547412,0,-0.071359788231498467,0.49745420566752058,0,1
714,0.071400000000001018,0,1,-0.49745352512185131,-0.035639481656114164,0,0.071460041076208763,-0.49744703329676021,0,1
714,0.071400000000001018,1,1,0.49745352512185131,0.035639481656114164,0,-0.071460041076208763,0.49744703329676021,0,1
715,0.071500000000001021,0,1,-0.4974463791177437,-0.03568922635944384,0,0.071560294632919699,-0.49743985074680341,0,1
715,0.071500000000001021,1,1,0.4974463791177437,0.03568922635944384,0,-0.071560294632919699,0.49743985074680341,0,1
716,0.071600000000001024,0,1,-0.49743922308828042,-0.03573897034451852,0,0.071660548902633417,-0.49743265801714348,0,1
716,0.071600000000001024,1,1,0.49743922308828042,0.03573897034451852,0,-0.071660548902633417,0.49743265801714348,0,1
717,0.071700000000001027,0,1,-0.49743205703339016,-0.035788713610320232,0,0.071760803886352045,-0.49742545510727287,0,1
717,0.071700000000001027,1,1,0.49743205703339016,0.035788713610320232,0,-0.071760803886352045,0.49742545510727287,0,1
718,0.07180000000000103,0,1,-0.49742488095300152,-0.035838456155830957,0,0.071861059585077741,-0.49741824201668339,0,1
718,0.07180000000000103,1,1,0.49742488095300152,0.035838456155830957,0,-0.071861059585077741,0.49741824201668339,0,1
719,0.071900000000001033,0,1,-0.49741769484704301,-0.035888197980032628,0,0.071961315999812647,-0.4974110187448661,0,1
719,0.071900000000001033,1,1,0.49741769484704301,0.035888197980032628,0,-0.071961315999812647,0.4974110187448661,0,1
720,0.072000000000001035,0,1,-0.49741049871544302,-0.035937939081907115,0,0.07206157313155892,-0.4974037852913113,0,1
720,0.072000000000001035,1,1,0.49741049871544302,0.035937939081907115,0,-0.07206157313155892,0.4974037852913113,0,1
721,0.072100000000001038,0,1,-0.49740329255812987,-0.035987679460436246,0,0.072161830981318731,-0.49739654165550856,0,1
721,0.072100000000001038,1,1,0.49740329255812987,0.035987679460436246,0,-0.072161830981318731,0.49739654165550856,0,1
722,0.072200000000001041,0,1,-0.49739607637503175,-0.036037419114601794,0,0.072262089550094236,-0.49738928783694675,0,1
722,0.072200000000001041,1,1,0.49739607637503175,0.036037419114601794,0,-0.072262089550094236,0.49738928783694675,0,1
723,0.072300000000001044,0,1,-0.49738885016607676,-0.036087158043385491,0,0.072362348838887619,-0.49738202383511404,0,1
723,0.072300000000001044,1,1,0.49738885016607676,0.036087158043385491,0,-0.072362348838887619,0.49738202383511404,0,1
724,0.072400000000001047,0,1,-0.49738161393119285,-0.036136896245769004,0,0.072462608848701066,-0.49737474964949779,0,1
724,0.072400000000001047,1,1,0.49738161393119285,0.036136896245769004,0,-0.072462608848701066,0.49737474964949779,0,1
725,0.07250000000000105,0,1,-0.49737436767030796,-0.036186633720733954,0,0.07256286958053676,-0.49736746527958464,0,1
725,0.07250000000000105,1,1,0.49737436767030796,0.036186633720733954,0,-0.07256286958053676,0.49736746527958464,0,1
726,0.072600000000001053,0,1,-0.49736711138334988,-0.036236370467261914,0,0.072663131035396886,-0.49736017072486055,0,1
726,0.072600000000001053,1,1,0.49736711138334988,0.036236370467261914,0,-0.072663131035396886,0.49736017072486055,0,1
727,0.072700000000001055,0,1,-0.49735984507024633,-0.036286106484334398,0,0.072763393214283656,-0.49735286598481071,0,1
727,0.072700000000001055,1,1,0.49735984507024633,0.036286106484334398,0,-0.072763393214283656,0.49735286598481071,0,1
728,0.072800000000001058,0,1,-0.49735256873092493,-0.036335841770932881,0,0.072863656118199255,-0.49734555105891959,0,1
728,0.072800000000001058,1,1,0.49735256873092493,0.036335841770932881,0,-0.072863656118199255,0.49734555105891959,0,1
729,0.072900000000001061,0,1,-0.49734528236531311,-0.036385576326038775,0,0.072963919748145908,-0.49733822594667093,0,1
729,0.072900000000001061,1,1,0.49734528236531311,0.036385576326038775,0,-0.072963919748145908,0.49733822594667093,0,1
730,0.073000000000001064,0,1,-0.49733798597333828,-0.036435310148633444,0,0.073064184105125815,-0.49733089064754771,0,1
730,0.073000000000001064,1,1,0.49733798597333828,0.036435310148633444,0,-0.073064184105125815,0.49733089064754771,0,1
731,0.073100000000001067,0,1,-0.49733067955492777,-0.036485043237698196,0,0.073164449190141215,-0.49732354516103222,0,1
731,0.073100000000001067,1,1,0.49733067955492777,0.036485043237698196,0,-0.073164449190141215,0.49732354516103222,0,1
732,0.07320000000000107,0,1,-0.49732336311000874,-0.036534775592214297,0,0.07326471500419432,-0.497316189486606,0,1
732,0.07320000000000107,1,1,0.49732336311000874,0.036534775592214297,0,-0.07326471500419432,0.497316189486606,0,1
733,0.073300000000001073,0,1,-0.49731603663850832,-0.036584507211162957,0,0.07336498154828737,-0.49730882362374979,0,1
733,0.073300000000001073,1,1,0.49731603663850832,0.036584507211162957,0,-0.07336498154828737,0.49730882362374979,0,1
734,0.073400000000001075,0,1,-0.4973087001403535,-0.036634238093525333,0,0.073465248823422605,-0.49730144757194372,0,1
734,0.073400000000001075,1,1,0.4973087001403535,0.036634238093525333,0,-0.073465248823422605,0.49730144757194372,0,1
735,0.073500000000001078,0,1,-0.49730135361547118,-0.03668396823828253,0,0.073565516830602265,-0.49729406133066711,0,1
735,0.073500000000001078,1,1,0.49730135361547118,0.03668396823828253,0,-0.073565516830602265,0.49729406133066711,0,1
736,0.073600000000001081,0,1,-0.49729399706378813,-0.0367336976444156,0,0.07366578557082859,-0.4972866648993986,0,1
736,0.073600000000001081,1,1,0.49729399706378813,0.0367336976444156,0,-0.07366578557082859,0.4972866648993986,0,1
737,0.073700000000001084,0,1,-0.49728663048523103,-0.036783426310905538,0,0.073766055045103848,-0.49727925827761604,0,1
737,0.073700000000001084,1,1,0.49728663048523103,0.036783426310905538,0,-0.073766055045103848,0.49727925827761604,0,1
738,0.073800000000001087,0,1,-0.49727925387972655,-0.0368331542367333,0,0.073866325254430307,-0.49727184146479658,0,1
738,0.073800000000001087,1,1,0.49727925387972655,0.0368331542367333,0,-0.073866325254430307,0.49727184146479658,0,1
739,0.07390000000000109,0,1,-0.49727186724720113,-0.036882881420879782,0,0.073966596199810219,-0.49726441446041658,0,1
739,0.07390000000000109,1,1,0.49727186724720113,0.036882881420879782,0,-0.073966596199810219,0.49726441446041658,0,1
740,0.074000000000001093,0,1,-0.49726447058758116,-0.036932607862325821,0,0.074066867882245868,-0.49725697726395174,0,1
740,0.074000000000001093,1,1,0.49726447058758116,0.036932607862325821,0,-0.074066867882245868,0.49725697726395174,0,1
741,0.074100000000001096,0,1,-0.49725706390079294,-0.036982333560052219,0,0.07416714030273952,-0.49724952987487703,0,1
741,0.074100000000001096,1,1,0.49725706390079294,0.036982333560052219,0,-0.07416714030273952,0.49724952987487703,0,1
742,0.074200000000001098,0,1,-0.49724964718676268,-0.037032058513039708,0,0.074267413462293472,-0.49724207229266665,0,1
742,0.074200000000001098,1,1,0.49724964718676268,0.037032058513039708,0,-0.074267413462293472,0.49724207229266665,0,1
743,0.074300000000001101,0,1,-0.49724222044541644,-0.037081782720268977,0,0.074367687361910018,-0.49723460451679402,0,1
743,0.074300000000001101,1,1,0.49724222044541644,0.037081782720268977,0,-0.074367687361910018,0.49723460451679402,0,1
744,0.074400000000001104,0,1,-0.49723478367668023,-0.037131506180720655,0,0.07446796200259144,-0.4972271265467319,0,1
744,0.074400000000001104,1,1,0.49723478367668023,0.037131506180720655,0,-0.07446796200259144,0.4972271265467319,0,1
745,0.074500000000001107,0,1,-0.49722733688047999,-0.037181228893375329,0,0.074568237385340061,-0.49721963838195232,0,1
745,0.074500000000001107,1,1,0.49722733688047999,0.037181228893375329,0,-0.074568237385340061,0.49721963838195232,0,1
746,0.07460000000000111,0,1,-0.49721988005674145,-0.037230950857213521,0,0.074668513511158177,-0.49721214002192654,0,1
746,0.07460000000000111,1,1,0.49721988005674145,0.037230950857213521,0,-0.074668513511158177,0.49721214002192654,0,1
747,0.074700000000001113,0,1,-0.49721241320539034,-0.037280672071215715,0,0.074768790381048097,-0.49720463146612509,0,1
747,0.074700000000001113,1,1,0.49721241320539034,0.037280672071215715,0,-0.074768790381048097,0.49720463146612509,0,1
748,0.074800000000001116,0,1,-0.49720493632635221,-0.037330392534362329,0,0.074869067996012145,-0.49719711271401779,0,1
748,0.074800000000001116,1,1,0.49720493632635221,0.037330392534362329,0,-0.074869067996012145,0.49719711271401779,0,1
749,0.074900000000001118,0,1,-0.49719744941955263,-0.037380112245633729,0,0.074969346357052657,-0.49718958376507372,0,1
749,0.074900000000001118,1,1,0.49719744941955263,0.037380112245633729,0,-0.074969346357052657,0.49718958376507372,0,1
750,0.075000000000001121,0,1,-0.49718995248491693,-0.037429831204010236,0,0.075069625465171957,-0.4971820446187612,0,1
750,0.075000000000001121,1,1,0.49718995248491693,0.037429831204010236,0,-0.075069625465171957,0.4971820446187612,0,1
751,0.075100000000001124,0,1,-0.4971824455223704,-0.037479549408472111,0,0.075169905321372382,-0.49717449527454782,0,1
751,0.075100000000001124,1,1,0.4971824455223704,0.037479549408472111,0,-0.075169905321372382,0.49717449527454782,0,1
752,0.075200000000001127,0,1,-0.49717492853183826,-0.037529266857999566,0,0.075270185926656269,-0.49716693573190046,0,1
752,0.075200000000001127,1,1,0.49717492853183826,0.037529266857999566,0,-0.075270185926656269,0.49716693573190046,0,1
753,0.07530000000000113,0,1,-0.49716740151324557,-0.037578983551572756,0,0.075370467282025982,-0.49715936599028526,0,1
753,0.07530000000000113,1,1,0.49716740151324557,0.037578983551572756,0,-0.075370467282025982,0.49715936599028526,0,1
754,0.075400000000001133,0,1,-0.49715986446651739,-0.037628699488171782,0,0.07547074938848386,-0.4971517860491676,0,1
754,0.075400000000001133,1,1,0.49715986446651739,0.037628699488171782,0,-0.07547074938848386,0.4971517860491676,0,1
755,0.075500000000001136,0,1,-0.49715231739157856,-0.037678414666776697,0,0.07557103224703228,-0.49714419590801212,0,1
755,0.075500000000001136,1,1,0.49715231739157856,0.037678414666776697,0,-0.07557103224703228,0.49714419590801212,0,1
756,0.075600000000001139,0,1,-0.49714476028835386,-0.037728129086367496,0,0.075671315858673593,-0.49713659556628281,0,1
756,0.075600000000001139,1,1,0.49714476028835386,0.037728129086367496,0,-0.075671315858673593,0.49713659556628281,0,1
757,0.075700000000001141,0,1,-0.49713719315676796,-0.037777842745924127,0,0.075771600224410193,-0.49712898502344283,0,1
757,0.075700000000001141,1,1,0.49713719315676796,0.037777842745924127,0,-0.075771600224410193,0.49712898502344283,0,1
758,0.075800000000001144,0,1,-0.49712961599674554,-0.037827555644426469,0,0.075871885345244444,-0.49712136427895459,0,1
758,0.075800000000001144,1,1,0.49712961599674554,0.037827555644426469,0,-0.075871885345244444,0.49712136427895459,0,1
759,0.075900000000001147,0,1,-0.49712202880821105,-0.037877267780854366,0,0.075972171222178739,-0.49711373333227987,0,1
759,0.075900000000001147,1,1,0.49712202880821105,0.037877267780854366,0,-0.075972171222178739,0.49711373333227987,0,1
760,0.07600000000000115,0,1,-0.49711443159108881,-0.037926979154187593,0,0.076072457856215456,-0.49710609218287966,0,1
760,0.07600000000000115,1,1,0.49711443159108881,0.037926979154187593,0,-0.076072457856215456,0.49710609218287966,0,1
761,0.076100000000001153,0,1,-0.49710682434530318,-0.037976689763405881,0,0.076172745248357002,-0.49709844083021421,0,1
761,0.076100000000001153,1,1,0.49710682434530318,0.037976689763405881,0,-0.076172745248357002,0.49709844083021421,0,1
762,0.076200000000001156,0,1,-0.49709920707077832,-0.038026399607488902,0,0.076273033399605783,-0.49709077927374307,0,1
762,0.076200000000001156,1,1,0.49709920707077832,0.038026399607488902,0,-0.076273033399605783,0.49709077927374307,0,1
763,0.076300000000001159,0,1,-0.49709157976743834,-0.038076108685416277,0,0.076373322310964206,-0.49708310751292495,0,1
763,0.076300000000001159,1,1,0.49709157976743834,0.038076108685416277,0,-0.076373322310964206,0.49708310751292495,0,1
764,0.076400000000001161,0,1,-0.49708394243520726,-0.038125816996167572,0,0.076473611983434678,-0.49707542554721795,0,1
764,0.076400000000001161,1,1,0.49708394243520726,0.038125816996167572,0,-0.076473611983434678,0.49707542554721795,0,1
765,0.076500000000001164,0,1,-0.49707629507400891,-0.038175524538722291,0,0.076573902418019632,-0.49706773337607935,0,1
765,0.076500000000001164,1,1,0.49707629507400891,0.038175524538722291,0,-0.076573902418019632,0.49706773337607935,0,1
766,0.076600000000001167,0,1,-0.49706863768376713,-0.038225231312059897,0,0.076674193615721475,-0.49706003099896579,0,1
766,0.076600000000001167,1,1,0.49706863768376713,0.038225231312059897,0,-0.076674193615721475,0.49706003099896579,0,1
767,0.07670000000000117,0,1,-0.49706097026440554,-0.038274937315159796,0,0.076774485577542656,-0.49705231841533304,0,1
767,0.07670000000000117,1,1,0.49706097026440554,0.038274937315159796,0,-0.076774485577542656,0.49705231841533304,0,1
768,0.076800000000001173,0,1,-0.49705329281584781,-0.038324642547001332,0,0.076874778304485608,-0.49704459562463621,0,1
768,0.076800000000001173,1,1,0.49705329281584781,0.038324642547001332,0,-0.076874778304485608,0.49704459562463621,0,1
769,0.076900000000001176,0,1,-0.49704560533801734,-0.038374347006563794,0,0.07697507179755278,-0.49703686262632968,0,1
769,0.076900000000001176,1,1,0.49704560533801734,0.038374347006563794,0,-0.07697507179755278,0.49703686262632968,0,1
770,0.077000000000001179,0,1,-0.49703790783083757,-0.038424050692826429,0,0.077075366057746619,-0.4970291194198671,0,1
770,0.077000000000001179,1,1,0.49703790783083757,0.038424050692826429,0,-0.077075366057746619,0.4970291194198671,0,1
771,0.077100000000001181,0,1,-0.49703020029423178,-0.038473753604768415,0,0.077175661086069589,-0.49702136600470137,0,1
771,0.077100000000001181,1,1,0.49703020029423178,0.038473753604768415,0,-0.077175661086069589,0.49702136600470137,0,1
772,0.077200000000001184,0,1,-0.49702248272812316,-0.038523455741368888,0,0.077275956883524136,-0.49701360238028464,0,1
772,0.077200000000001184,1,1,0.49702248272812316,0.038523455741368888,0,-0.077275956883524136,0.49701360238028464,0,1
773,0.077300000000001187,0,1,-0.49701475513243482,-0.038573157101606914,0,0.077376253451112736,-0.49700582854606834,0,1
773,0.077300000000001187,1,1,0.49701475513243482,0.038573157101606914,0,-0.077376253451112736,0.49700582854606834,0,1
774,0.07740000000000119,0,1,-0.4970070175070897,-0.038622857684461519,0,0.077476550789837867,-0.49699804450150314,0,1
774,0.07740000000000119,1,1,0.4970070175070897,0.038622857684461519,0,-0.077476550789837867,0.49699804450150314,0,1
775,0.077500000000001193,0,1,-0.49699926985201071,-0.038672557488911671,0,0.077576848900702017,-0.49699025024603899,0,1
775,0.077500000000001193,1,1,0.49699926985201071,0.038672557488911671,0,-0.077576848900702017,0.49699025024603899,0,1
776,0.077600000000001196,0,1,-0.49699151216712062,-0.038722256513936272,0,0.077677147784707662,-0.49698244577912509,0,1
776,0.077600000000001196,1,1,0.49699151216712062,0.038722256513936272,0,-0.077677147784707662,0.49698244577912509,0,1
777,0.077700000000001199,0,1,-0.49698374445234217,-0.038771954758514186,0,0.077777447442857292,-0.49697463110020995,0,1
777,0.077700000000001199,1,1,0.49698374445234217,0.038771954758514186,0,-0.077777447442857292,0.49697463110020995,0,1
778,0.077800000000001202,0,1,-0.49697596670759786,-0.03882165222162421,0,0.077877747876153411,-0.49696680620874134,0,1
778,0.077800000000001202,1,1,0.49697596670759786,0.03882165222162421,0,-0.077877747876153411,0.49696680620874134,0,1
779,0.077900000000001204,0,1,-0.49696817893281026,-0.038871348902245084,0,0.077978049085598522,-0.4969589711041662,0,1
779,0.077900000000001204,1,1,0.49696817893281026,0.038871348902245084,0,-0.077978049085598522,0.4969589711041662,0,1
780,0.078000000000001207,0,1,-0.4969603811279017,-0.0389210447993555,0,0.078078351072195129,-0.49695112578593081,0,1
780,0.078000000000001207,1,1,0.4969603811279017,0.0389210447993555,0,-0.078078351072195129,0.49695112578593081,0,1
781,0.07810000000000121,0,1,-0.49695257329279446,-0.038970739911934095,0,0.07817865383694575,-0.49694327025348073,0,1
781,0.07810000000000121,1,1,0.49695257329279446,0.038970739911934095,0,-0.07817865383694575,0.49694327025348073,0,1
782,0.078200000000001213,0,1,-0.49694475542741079,-0.039020434238959442,0,0.078278957380852915,-0.49693540450626073,0,1
782,0.078200000000001213,1,1,0.49694475542741079,0.039020434238959442,0,-0.078278957380852915,0.49693540450626073,0,1
783,0.078300000000001216,0,1,-0.49693692753167268,-0.039070127779410067,0,0.078379261704919156,-0.49692752854371486,0,1
783,0.078300000000001216,1,1,0.49693692753167268,0.039070127779410067,0,-0.078379261704919156,0.49692752854371486,0,1
784,0.078400000000001219,0,1,-0.49692908960550219,-0.03911982053226444,0,0.078479566810146992,-0.49691964236528646,0,1
784,0.078400000000001219,1,1,0.49692908960550219,0.03911982053226444,0,-0.078479566810146992,0.49691964236528646,0,1
785,0.078500000000001222,0,1,-0.49692124164882118,-0.039169512496500969,0,0.07857987269753898,-0.4969117459704181,0,1
785,0.078500000000001222,1,1,0.49692124164882118,0.039169512496500969,0,-0.07857987269753898,0.4969117459704181,0,1
786,0.078600000000001224,0,1,-0.49691338366155141,-0.039219203671098012,0,0.078680179368097652,-0.49690383935855159,0,1
786,0.078600000000001224,1,1,0.49691338366155141,0.039219203671098012,0,-0.078680179368097652,0.49690383935855159,0,1
787,0.078700000000001227,0,1,-0.49690551564361463,-0.039268894055033865,0,0.078780486822825568,-0.49689592252912806,0,1
787,0.078700000000001227,1,1,0.49690551564361463,0.039268894055033865,0,-0.078780486822825568,0.49689592252912806,0,1
788,0.07880000000000123,0,1,-0.49689763759493233,-0.039318583647286777,0,0.078880795062725287,-0.49688799548158791,0,1
788,0.07880000000000123,1,1,0.49689763759493233,0.039318583647286777,0,-0.078880795062725287,0.49688799548158791,0,1
789,0.078900000000001233,0,1,-0.49688974951542608,-0.039368272446834933,0,0.078981104088799381,-0.49688005821537073,0,1
789,0.078900000000001233,1,1,0.49688974951542608,0.039368272446834933,0,-0.078981104088799381,0.49688005821537073,0,1
790,0.079000000000001236,0,1,-0.49688185140501723,-0.03941796045265647,0,0.07908141390205041,-0.49687211072991544,0,1
790,0.079000000000001236,1,1,0.49688185140501723,0.03941796045265647,0,-0.07908141390205041,0.49687211072991544,0,1
791,0.079100000000001239,0,1,-0.49687394326362705,-0.039467647663729462,0,0.079181724503480946,-0.49686415302466019,0,1
791,0.079100000000001239,1,1,0.49687394326362705,0.039467647663729462,0,-0.079181724503480946,0.49686415302466019,0,1
792,0.079200000000001242,0,1,-0.49686602509117672,-0.039517334079031928,0,0.079282035894093592,-0.49685618509904239,0,1
792,0.079200000000001242,1,1,0.49686602509117672,0.039517334079031928,0,-0.079282035894093592,0.49685618509904239,0,1
793,0.079300000000001244,0,1,-0.49685809688758731,-0.039567019697541832,0,0.079382348074890918,-0.49684820695249871,0,1
793,0.079300000000001244,1,1,0.49685809688758731,0.039567019697541832,0,-0.079382348074890918,0.49684820695249871,0,1
794,0.079400000000001247,0,1,-0.49685015865277982,-0.039616704518237081,0,0.079482661046875527,-0.49684021858446509,0,1
794,0.079400000000001247,1,1,0.49685015865277982,0.039616704518237081,0,-0.079482661046875527,0.49684021858446509,0,1
795,0.07950000000000125,0,1,-0.49684221038667514,-0.039666388540095528,0,0.07958297481105002,-0.49683221999437671,0,1
795,0.07950000000000125,1,1,0.49684221038667514,0.039666388540095528,0,-0.07958297481105002,0.49683221999437671,0,1
796,0.079600000000001253,0,1,-0.49683425208919402,-0.039716071762094962,0,0.07968328936841701,-0.49682421118166803,0,1
796,0.079600000000001253,1,1,0.49683425208919402,0.039716071762094962,0,-0.07968328936841701,0.49682421118166803,0,1
797,0.079700000000001256,0,1,-0.49682628376025717,-0.039765754183213126,0,0.079783604719979098,-0.49681619214577283,0,1
797,0.079700000000001256,1,1,0.49682628376025717,0.039765754183213126,0,-0.079783604719979098,0.49681619214577283,0,1
798,0.079800000000001259,0,1,-0.49681830539978517,-0.039815435802427704,0,0.079883920866738914,-0.49680816288612401,0,1
798,0.079800000000001259,1,1,0.49681830539978517,0.039815435802427704,0,-0.079883920866738914,0.49680816288612401,0,1
799,0.079900000000001262,0,1,-0.49681031700769851,-0.039865116618716313,0,0.079984237809699071,-0.4968001234021539,0,1
799,0.079900000000001262,1,1,0.49681031700769851,0.039865116618716313,0,-0.079984237809699071,0.4968001234021539,0,1
800,0.080000000000001265,0,1,-0.49680231858391755,-0.039914796631056529,0,0.080084555549862213,-0.49679207369329398,0,1
800,0.080000000000001265,1,1,0.49680231858391755,0.039914796631056529,0,-0.080084555549862213,0.49679207369329398,0,1
801,0.080100000000001267,0,1,-0.49679431012836256,-0.039964475838425856,0,0.080184874088230981,-0.49678401375897496,0,1
801,0.080100000000001267,1,1,0.49679431012836256,0.039964475838425856,0,-0.080184874088230981,0.49678401375897496,0,1
802,0.08020000000000127,0,1,-0.49678629164095373,-0.040014154239801751,0,0.080285193425808005,-0.49677594359862692,0,1
802,0.08020000000000127,1,1,0.49678629164095373,0.040014154239801751,0,-0.080285193425808005,0.49677594359862692,0,1
803,0.080300000000001273,0,1,-0.49677826312161116,-0.040063831834161616,0,0.080385513563595939,-0.49676786321167915,0,1
803,0.080300000000001273,1,1,0.49677826312161116,0.040063831834161616,0,-0.080385513563595939,0.49676786321167915,0,1
804,0.080400000000001276,0,1,-0.49677022457025483,-0.040113508620482782,0,0.080485834502597442,-0.49675977259756021,0,1
804,0.080400000000001276,1,1,0.49677022457025483,0.040113508620482782,0,-0.080485834502597442,0.49675977259756021,0,1
805,0.080500000000001279,0,1,-0.49676217598680456,-0.040163184597742541,0,0.080586156243815182,-0.4967516717556979,0,1
805,0.080500000000001279,1,1,0.49676217598680456,0.040163184597742541,0,-0.080586156243815182,0.4967516717556979,0,1
806,0.080600000000001282,0,1,-0.49675411737118019,-0.040212859764918112,0,0.080686478788251817,-0.49674356068551928,0,1
806,0.080600000000001282,1,1,0.49675411737118019,0.040212859764918112,0,-0.080686478788251817,0.49674356068551928,0,1
807,0.080700000000001285,0,1,-0.49674604872330136,-0.040262534120986661,0,0.08078680213691003,-0.49673543938645065,0,1
807,0.080700000000001285,1,1,0.49674604872330136,0.040262534120986661,0,-0.08078680213691003,0.49673543938645065,0,1
808,0.080800000000001287,0,1,-0.49673797004308767,-0.040312207664925305,0,0.080887126290792491,-0.49672730785791763,0,1
808,0.080800000000001287,1,1,0.49673797004308767,0.040312207664925305,0,-0.080887126290792491,0.49672730785791763,0,1
809,0.08090000000000129,0,1,-0.49672988133045859,-0.040361880395711099,0,0.080987451250901898,-0.49671916609934508,0,1
809,0.08090000000000129,1,1,0.49672988133045859,0.040361880395711099,0,-0.080987451250901898,0.49671916609934508,0,1
810,0.081000000000001293,0,1,-0.4967217825853335,-0.040411552312321034,0,0.081087777018240936,-0.49671101411015711,0,1
810,0.081000000000001293,1,1,0.4967217825853335,0.040411552312321034,0,-0.081087777018240936,0.49671101411015711,0,1
811,0.081100000000001296,0,1,-0.49671367380763171,-0.040461223413732046,0,0.081188103593812316,-0.49670285188977709,0,1
811,0.081100000000001296,1,1,0.49671367380763171,0.040461223413732046,0,-0.081188103593812316,0.49670285188977709,0,1
812,0.081200000000001299,0,1,-0.49670555499727231,-0.040510893698921024,0,0.081288430978618736,-0.49669467943762763,0,1
812,0.081200000000001299,1,1,0.49670555499727231,0.040510893698921024,0,-0.081288430978618736,0.49669467943762763,0,1
813,0.081300000000001302,0,1,-0.49669742615417445,-0.040560563166864787,0,0.081388759173662895,-0.49668649675313065,0,1
813,0.081300000000001302,1,1,0.49669742615417445,0.040560563166864787,0,-0.081388759173662895,0.49668649675313065,0,1
814,0.081400000000001305,0,1,-0.49668928727825706,-0.040610231816540103,0,0.08148908817994753,-0.49667830383570727,0,1
814,0.081400000000001305,1,1,0.49668928727825706,0.040610231816540103,0,-0.08148908817994753,0.49667830383570727,0,1
815,0.081500000000001308,0,1,-0.49668113836943906,-0.040659899646923674,0,0.081589417998475355,-0.49667010068477796,0,1
815,0.081500000000001308,1,1,0.49668113836943906,0.040659899646923674,0,-0.081589417998475355,0.49667010068477796,0,1
816,0.08160000000000131,0,1,-0.49667297942763922,-0.040709566656992151,0,0.081689748630249095,-0.49666188729976235,0,1
816,0.08160000000000131,1,1,0.49667297942763922,0.040709566656992151,0,-0.081689748630249095,0.49666188729976235,0,1
817,0.081700000000001313,0,1,-0.49666481045277622,-0.040759232845722124,0,0.081790080076271504,-0.49665366368007935,0,1
817,0.081700000000001313,1,1,0.49666481045277622,0.040759232845722124,0,-0.081790080076271504,0.49665366368007935,0,1
818,0.081800000000001316,0,1,-0.49665663144476857,-0.040808898212090133,0,0.081890412337545307,-0.49664542982514714,0,1
818,0.081800000000001316,1,1,0.49665663144476857,0.040808898212090133,0,-0.081890412337545307,0.49664542982514714,0,1
819,0.081900000000001319,0,1,-0.49664844240353484,-0.040858562755072651,0,0.081990745415073257,-0.4966371857343832,0,1
819,0.081900000000001319,1,1,0.49664844240353484,0.040858562755072651,0,-0.081990745415073257,0.4966371857343832,0,1
820,0.082000000000001322,0,1,-0.49664024332899331,-0.040908226473646087,0,0.082091079309858109,-0.49662893140720421,0,1
820,0.082000000000001322,1,1,0.49664024332899331,0.040908226473646087,0,-0.082091079309858109,0.49662893140720421,0,1
821,0.082100000000001325,0,1,-0.49663203422106234,-0.040957889366786807,0,0.082191414022902629,-0.49662066684302614,0,1
821,0.082100000000001325,1,1,0.49663203422106234,0.040957889366786807,0,-0.082191414022902629,0.49662066684302614,0,1
822,0.082200000000001328,0,1,-0.49662381507966002,-0.041007551433471109,0,0.08229174955520957,-0.49661239204126423,0,1
822,0.082200000000001328,1,1,0.49662381507966002,0.041007551433471109,0,-0.08229174955520957,0.49661239204126423,0,1
823,0.08230000000000133,0,1,-0.4966155859047045,-0.041057212672675238,0,0.082392085907781715,-0.49660410700133295,0,1
823,0.08230000000000133,1,1,0.4966155859047045,0.041057212672675238,0,-0.082392085907781715,0.49660410700133295,0,1
824,0.082400000000001333,0,1,-0.49660734669611373,-0.041106873083375371,0,0.082492423081621843,-0.49659581172264605,0,1
824,0.082400000000001333,1,1,0.49660734669611373,0.041106873083375371,0,-0.082492423081621843,0.49659581172264605,0,1
825,0.082500000000001336,0,1,-0.49659909745380554,-0.041156532664547635,0,0.082592761077732738,-0.49658750620461656,0,1
825,0.082500000000001336,1,1,0.49659909745380554,0.041156532664547635,0,-0.082592761077732738,0.49658750620461656,0,1
826,0.082600000000001339,0,1,-0.49659083817769778,-0.041206191415168097,0,0.082693099897117192,-0.49657919044665666,0,1
826,0.082600000000001339,1,1,0.49659083817769778,0.041206191415168097,0,-0.082693099897117192,0.49657919044665666,0,1
827,0.082700000000001342,0,1,-0.49658256886770807,-0.041255849334212766,0,0.082793439540778002,-0.49657086444817794,0,1
827,0.082700000000001342,1,1,0.49658256886770807,0.041255849334212766,0,-0.082793439540778002,0.49657086444817794,0,1
828,0.082800000000001345,0,1,-0.49657428952375399,-0.041305506420657584,0,0.082893780009717977,-0.49656252820859115,0,1
828,0.082800000000001345,1,1,0.49657428952375399,0.041305506420657584,0,-0.082893780009717977,0.49656252820859115,0,1
829,0.082900000000001348,0,1,-0.49656600014575303,-0.041355162673478441,0,0.082994121304939925,-0.49655418172730631,0,1
829,0.082900000000001348,1,1,0.49656600014575303,0.041355162673478441,0,-0.082994121304939925,0.49655418172730631,0,1
830,0.08300000000000135,0,1,-0.49655770073362254,-0.041404818091651169,0,0.083094463427446655,-0.49654582500373273,0,1
830,0.08300000000000135,1,1,0.49655770073362254,0.041404818091651169,0,-0.083094463427446655,0.49654582500373273,0,1
831,0.083100000000001353,0,1,-0.49654939128727982,-0.041454472674151539,0,0.083194806378241004,-0.49653745803727894,0,1
831,0.083100000000001353,1,1,0.49654939128727982,0.041454472674151539,0,-0.083194806378241004,0.49653745803727894,0,1
832,0.083200000000001356,0,1,-0.49654107180664198,-0.041504126419955267,0,0.083295150158325781,-0.49652908082735275,0,1
832,0.083200000000001356,1,1,0.49654107180664198,0.041504126419955267,0,-0.083295150158325781,0.49652908082735275,0,1
833,0.083300000000001359,0,1,-0.49653274229162614,-0.041553779328038006,0,0.083395494768703837,-0.49652069337336119,0,1
833,0.083300000000001359,1,1,0.49653274229162614,0.041553779328038006,0,-0.083395494768703837,0.49652069337336119,0,1
834,0.083400000000001362,0,1,-0.49652440274214926,-0.041603431397375344,0,0.083495840210378008,-0.49651229567471061,0,1
834,0.083400000000001362,1,1,0.49652440274214926,0.041603431397375344,0,-0.083495840210378008,0.49651229567471061,0,1
835,0.083500000000001365,0,1,-0.49651605315812825,-0.041653082626942818,0,0.083596186484351145,-0.49650388773080661,0,1
835,0.083500000000001365,1,1,0.49651605315812825,0.041653082626942818,0,-0.083596186484351145,0.49650388773080661,0,1
836,0.083600000000001368,0,1,-0.49650769353947982,-0.0417027330157159,0,0.083696533591626099,-0.496495469541054,0,1
836,0.083600000000001368,1,1,0.49650769353947982,0.0417027330157159,0,-0.083696533591626099,0.496495469541054,0,1
837,0.083700000000001371,0,1,-0.49649932388612067,-0.041752382562670005,0,0.083796881533205733,-0.49648704110485692,0,1
837,0.083700000000001371,1,1,0.49649932388612067,0.041752382562670005,0,-0.083796881533205733,0.49648704110485692,0,1
838,0.083800000000001373,0,1,-0.49649094419796735,-0.04180203126678049,0,0.083897230310092913,-0.49647860242161868,0,1
838,0.083800000000001373,1,1,0.49649094419796735,0.04180203126678049,0,-0.083897230310092913,0.49647860242161868,0,1
839,0.083900000000001376,0,1,-0.49648255447493633,-0.041851679127022652,0,0.083997579923290502,-0.49647015349074186,0,1
839,0.083900000000001376,1,1,0.49648255447493633,0.041851679127022652,0,-0.083997579923290502,0.49647015349074186,0,1
840,0.084000000000001379,0,1,-0.49647415471694401,-0.041901326142371728,0,0.084097930373801394,-0.49646169431162834,0,1
840,0.084000000000001379,1,1,0.49647415471694401,0.041901326142371728,0,-0.084097930373801394,0.49646169431162834,0,1
841,0.084100000000001382,0,1,-0.4964657449239066,-0.041950972311802892,0,0.084198281662628466,-0.49645322488367927,0,1
841,0.084100000000001382,1,1,0.4964657449239066,0.041950972311802892,0,-0.084198281662628466,0.49645322488367927,0,1
842,0.084200000000001385,0,1,-0.49645732509574036,-0.042000617634291262,0,0.08429863379077461,-0.496444745206295,0,1
842,0.084200000000001385,1,1,0.49645732509574036,0.042000617634291262,0,-0.08429863379077461,0.496444745206295,0,1
843,0.084300000000001388,0,1,-0.4964488952323613,-0.042050262108811895,0,0.08439898675924272,-0.49643625527887519,0,1
843,0.084300000000001388,1,1,0.4964488952323613,0.042050262108811895,0,-0.08439898675924272,0.49643625527887519,0,1
844,0.084400000000001391,0,1,-0.49644045533368536,-0.042099905734339783,0,0.0844993405690357,-0.49642775510081871,0,1
844,0.084400000000001391,1,1,0.49644045533368536,0.042099905734339783,0,-0.0844993405690357,0.49642775510081871,0,1
845,0.084500000000001393,0,1,-0.49643200539962845,-0.042149548509849866,0,0.084599695221156471,-0.49641924467152371,0,1
845,0.084500000000001393,1,1,0.49643200539962845,0.042149548509849866,0,-0.084599695221156471,0.49641924467152371,0,1
846,0.084600000000001396,0,1,-0.49642354543010636,-0.042199190434317017,0,0.084700050716607939,-0.4964107239903876,0,1
846,0.084600000000001396,1,1,0.49642354543010636,0.042199190434317017,0,-0.084700050716607939,0.4964107239903876,0,1
847,0.084700000000001399,0,1,-0.49641507542503471,-0.042248831506716059,0,0.084800407056393023,-0.49640219305680705,0,1
847,0.084700000000001399,1,1,0.49641507542503471,0.042248831506716059,0,-0.084800407056393023,0.49640219305680705,0,1
848,0.084800000000001402,0,1,-0.49640659538432907,-0.04229847172602174,0,0.084900764241514659,-0.49639365187017798,0,1
848,0.084800000000001402,1,1,0.49640659538432907,0.04229847172602174,0,-0.084900764241514659,0.49639365187017798,0,1
849,0.084900000000001405,0,1,-0.4963981053079049,-0.042348111091208757,0,0.085001122272975793,-0.49638510042989553,0,1
849,0.084900000000001405,1,1,0.4963981053079049,0.042348111091208757,0,-0.085001122272975793,0.49638510042989553,0,1
850,0.085000000000001408,0,1,-0.4963896051956776,-0.042397749601251748,0,0.085101481151779346,-0.49637653873535414,0,1
850,0.085000000000001408,1,1,0.4963896051956776,0.042397749601251748,0,-0.085101481151779346,0.49637653873535414,0,1
851,0.085100000000001411,0,1,-0.49638109504756239,-0.042447387255125285,0,0.085201840878928278,-0.49636796678594752,0,1
851,0.085100000000001411,1,1,0.49638109504756239,0.042447387255125285,0,-0.085201840878928278,0.49636796678594752,0,1
852,0.085200000000001413,0,1,-0.49637257486347452,-0.042497024051803882,0,0.085302201455425539,-0.4963593845810686,0,1
852,0.085200000000001413,1,1,0.49637257486347452,0.042497024051803882,0,-0.085302201455425539,0.4963593845810686,0,1
853,0.085300000000001416,0,1,-0.49636404464332901,-0.042546659990261991,0,0.085402562882274088,-0.49635079212010957,0,1
853,0.085300000000001416,1,1,0.49636404464332901,0.042546659990261991,0,-0.085402562882274088,0.49635079212010957,0,1
854,0.085400000000001419,0,1,-0.49635550438704079,-0.042596295069474002,0,0.085502925160476903,-0.49634218940246189,0,1
854,0.085400000000001419,1,1,0.49635550438704079,0.042596295069474002,0,-0.085502925160476903,0.49634218940246189,0,1
855,0.085500000000001422,0,1,-0.49634695409452473,-0.04264592928841425,0,0.085603288291036944,-0.49633357642751619,0,1
855,0.085500000000001422,1,1,0.49634695409452473,0.04264592928841425,0,-0.085603288291036944,0.49633357642751619,0,1
856,0.085600000000001425,0,1,-0.49633839376569561,-0.042695562646056999,0,0.085703652274957187,-0.49632495319466252,0,1
856,0.085600000000001425,1,1,0.49633839376569561,0.042695562646056999,0,-0.085703652274957187,0.49632495319466252,0,1
857,0.085700000000001428,0,1,-0.49632982340046811,-0.042745195141376466,0,0.085804017113240635,-0.4963163197032901,0,1
857,0.085700000000001428,1,1,0.49632982340046811,0.042745195141376466,0,-0.085804017113240635,0.4963163197032901,0,1
858,0.085800000000001431,0,1,-0.4963212429987568,-0.042794826773346797,0,0.085904382806890264,-0.49630767595278735,0,1
858,0.085800000000001431,1,1,0.4963212429987568,0.042794826773346797,0,-0.085904382806890264,0.49630767595278735,0,1
859,0.085900000000001434,0,1,-0.49631265256047613,-0.042844457540942078,0,0.086004749356909077,-0.496299021942542,0,1
859,0.085900000000001434,1,1,0.49631265256047613,0.042844457540942078,0,-0.086004749356909077,0.496299021942542,0,1
860,0.086000000000001436,0,1,-0.49630405208554046,-0.042894087443136331,0,0.086105116764300077,-0.49629035767194107,0,1
860,0.086000000000001436,1,1,0.49630405208554046,0.042894087443136331,0,-0.086105116764300077,0.49629035767194107,0,1
861,0.086100000000001439,0,1,-0.49629544157386402,-0.042943716478903528,0,0.086205485030066281,-0.49628168314037074,0,1
861,0.086100000000001439,1,1,0.49629544157386402,0.042943716478903528,0,-0.086205485030066281,0.49628168314037074,0,1
862,0.086200000000001442,0,1,-0.49628682102536104,-0.042993344647217567,0,0.086305854155210707,-0.49627299834721655,0,1
862,0.086200000000001442,1,1,0.49628682102536104,0.042993344647217567,0,-0.086305854155210707,0.49627299834721655,0,1
863,0.086300000000001445,0,1,-0.49627819043994553,-0.04304297194705229,0,0.086406224140736371,-0.49626430329186322,0,1
863,0.086300000000001445,1,1,0.49627819043994553,0.04304297194705229,0,-0.086406224140736371,0.49626430329186322,0,1
864,0.086400000000001448,0,1,-0.49626954981753146,-0.043092598377381476,0,0.086506594987646304,-0.49625559797369478,0,1
864,0.086400000000001448,1,1,0.49626954981753146,0.043092598377381476,0,-0.086506594987646304,0.49625559797369478,0,1
865,0.086500000000001451,0,1,-0.49626089915803268,-0.043142223937178849,0,0.086606966696943538,-0.49624688239209447,0,1
865,0.086500000000001451,1,1,0.49626089915803268,0.043142223937178849,0,-0.086606966696943538,0.49624688239209447,0,1
866,0.086600000000001454,0,1,-0.49625223846136296,-0.043191848625418056,0,0.086707339269631117,-0.49623815654644476,0,1
866,0.086600000000001454,1,1,0.49625223846136296,0.043191848625418056,0,-0.086707339269631117,0.49623815654644476,0,1
867,0.086700000000001456,0,1,-0.496243567727436,-0.043241472441072702,0,0.086807712706712101,-0.49622942043612744,0,1
867,0.086700000000001456,1,1,0.496243567727436,0.043241472441072702,0,-0.086807712706712101,0.49622942043612744,0,1
868,0.086800000000001459,0,1,-0.4962348869561653,-0.043291095383116318,0,0.086908087009189533,-0.49622067406052356,0,1
868,0.086800000000001459,1,1,0.4962348869561653,0.043291095383116318,0,-0.086908087009189533,0.49622067406052356,0,1
869,0.086900000000001462,0,1,-0.49622619614746438,-0.04334071745052237,0,0.087008462178066487,-0.49621191741901333,0,1
869,0.086900000000001462,1,1,0.49622619614746438,0.04334071745052237,0,-0.087008462178066487,0.49621191741901333,0,1
870,0.087000000000001465,0,1,-0.49621749530124659,-0.04339033864226427,0,0.087108838214346021,-0.4962031505109763,0,1
870,0.087000000000001465,1,1,0.49621749530124659,0.04339033864226427,0,-0.087108838214346021,0.4962031505109763,0,1
871,0.087100000000001468,0,1,-0.49620878441742516,-0.043439958957315367,0,0.087209215119031208,-0.49619437333579125,0,1
871,0.087100000000001468,1,1,0.49620878441742516,0.043439958957315367,0,-0.087209215119031208,0.49619437333579125,0,1
872,0.087200000000001471,0,1,-0.49620006349591328,-0.043489578394648946,0,0.087309592893125135,-0.49618558589283618,0,1
872,0.087200000000001471,1,1,0.49620006349591328,0.043489578394648946,0,-0.087309592893125135,0.49618558589283618,0,1
873,0.087300000000001474,0,1,-0.49619133253662395,-0.043539196953238227,0,0.087409971537630873,-0.49617678818148842,0,1
873,0.087300000000001474,1,1,0.49619133253662395,0.043539196953238227,0,-0.087409971537630873,0.49617678818148842,0,1
874,0.087400000000001477,0,1,-0.4961825915394702,-0.043588814632056376,0,0.087510351053551538,-0.49616798020112446,0,1
874,0.087400000000001477,1,1,0.4961825915394702,0.043588814632056376,0,-0.087510351053551538,0.49616798020112446,0,1
875,0.087500000000001479,0,1,-0.49617384050436486,-0.043638431430076487,0,0.087610731441890216,-0.49615916195112014,0,1
875,0.087500000000001479,1,1,0.49617384050436486,0.043638431430076487,0,-0.087610731441890216,0.49615916195112014,0,1
876,0.087600000000001482,0,1,-0.49616507943122068,-0.043688047346271595,0,0.087711112703650007,-0.49615033343085047,0,1
876,0.087600000000001482,1,1,0.49616507943122068,0.043688047346271595,0,-0.087711112703650007,0.49615033343085047,0,1
877,0.087700000000001485,0,1,-0.49615630831995033,-0.043737662379614684,0,0.087811494839834039,-0.49614149463968976,0,1
877,0.087700000000001485,1,1,0.49615630831995033,0.043737662379614684,0,-0.087811494839834039,0.49614149463968976,0,1
878,0.087800000000001488,0,1,-0.49614752717046634,-0.043787276529078656,0,0.087911877851445414,-0.49613264557701159,0,1
878,0.087800000000001488,1,1,0.49614752717046634,0.043787276529078656,0,-0.087911877851445414,0.49613264557701159,0,1
879,0.087900000000001491,0,1,-0.49613873598268121,-0.043836889793636355,0,0.088012261739487271,-0.49612378624218872,0,1
879,0.087900000000001491,1,1,0.49613873598268121,0.043836889793636355,0,-0.088012261739487271,0.49612378624218872,0,1
880,0.088000000000001494,0,1,-0.49612993475650724,-0.043886502172260575,0,0.088112646504962741,-0.49611491663459317,0,1
880,0.088000000000001494,1,1,0.49612993475650724,0.043886502172260575,0,-0.088112646504962741,0.49611491663459317,0,1
881,0.088100000000001497,0,1,-0.49612112349185672,-0.043936113663924033,0,0.088213032148874951,-0.49610603675359632,0,1
881,0.088100000000001497,1,1,0.49612112349185672,0.043936113663924033,0,-0.088213032148874951,0.49610603675359632,0,1
882,0.088200000000001499,0,1,-0.49611230218864183,-0.043985724267599391,0,0.088313418672227056,-0.49609714659856868,0,1
882,0.088200000000001499,1,1,0.49611230218864183,0.043985724267599391,0,-0.088313418672227056,0.49609714659856868,0,1
883,0.088300000000001502,0,1,-0.49610347084677459,-0.044035333982259249,0,0.0884138060760222,-0.49608824616888009,0,1
883,0.088300000000001502,1,1,0.49610347084677459,0.044035333982259249,0,-0.0884138060760222,0.49608824616888009,0,1
884,0.088400000000001505,0,1,-0.496094629466167,-0.044084942806876137,0,0.088514194361263537,-0.4960793354638996,0,1
884,0.088400000000001505,1,1,0.496094629466167,0.044084942806876137,0,-0.088514194361263537,0.4960793354638996,0,1
885,0.088500000000001508,0,1,-0.49608577804673087,-0.04413455074042253,0,0.088614583528954238,-0.49607041448299555,0,1
885,0.088500000000001508,1,1,0.49608577804673087,0.04413455074042253,0,-0.088614583528954238,0.49607041448299555,0,1
886,0.088600000000001511,0,1,-0.49607691658837799,-0.044184157781870827,0,0.088714973580097459,-0.4960614832255355,0,1
886,0.088600000000001511,1,1,0.49607691658837799,0.044184157781870827,0,-0.088714973580097459,0.4960614832255355,0,1
887,0.088700000000001514,0,1,-0.49606804509101998,-0.044233763930193383,0,0.088815364515696396,-0.49605254169088625,0,1
887,0.088700000000001514,1,1,0.49606804509101998,0.044233763930193383,0,-0.088815364515696396,0.49605254169088625,0,1
888,0.088800000000001517,0,1,-0.49605916355456842,-0.044283369184362473,0,0.08891575633675422,-0.49604358987841385,0,1
888,0.088800000000001517,1,1,0.49605916355456842,0.044283369184362473,0,-0.08891575633675422,0.49604358987841385,0,1
889,0.088900000000001519,0,1,-0.49605027197893475,-0.044332973543350314,0,0.089016149044274115,-0.4960346277874837,0,1
889,0.088900000000001519,1,1,0.49605027197893475,0.044332973543350314,0,-0.089016149044274115,0.4960346277874837,0,1
890,0.089000000000001522,0,1,-0.49604137036403034,-0.044382577006129062,0,0.089116542639259277,-0.4960256554174603,0,1
890,0.089000000000001522,1,1,0.49604137036403034,0.044382577006129062,0,-0.089116542639259277,0.4960256554174603,0,1
891,0.089100000000001525,0,1,-0.49603245870976642,-0.04443217957167081,0,0.089216937122712919,-0.4960166727677075,0,1
891,0.089100000000001525,1,1,0.49603245870976642,0.04443217957167081,0,-0.089216937122712919,0.4960166727677075,0,1
892,0.089200000000001528,0,1,-0.49602353701605417,-0.044481781238947582,0,0.089317332495638238,-0.49600767983758842,0,1
892,0.089200000000001528,1,1,0.49602353701605417,0.044481781238947582,0,-0.089317332495638238,0.49600767983758842,0,1
893,0.089300000000001531,0,1,-0.49601460528280461,-0.044531382006931339,0,0.089417728759038459,-0.49599867662646535,0,1
893,0.089300000000001531,1,1,0.49601460528280461,0.044531382006931339,0,-0.089417728759038459,0.49599867662646535,0,1
894,0.089400000000001534,0,1,-0.4960056635099287,-0.044580981874593986,0,0.089518125913916793,-0.49598966313369985,0,1
894,0.089400000000001534,1,1,0.4960056635099287,0.044580981874593986,0,-0.089518125913916793,0.49598966313369985,0,1
895,0.089500000000001537,0,1,-0.49599671169733728,-0.044630580840907354,0,0.089618523961276467,-0.49598063935865278,0,1
895,0.089500000000001537,1,1,0.49599671169733728,0.044630580840907354,0,-0.089618523961276467,0.49598063935865278,0,1
896,0.08960000000000154,0,1,-0.49598774984494115,-0.044680178904843222,0,0.089718922902120718,-0.49597160530068424,0,1
896,0.08960000000000154,1,1,0.49598774984494115,0.044680178904843222,0,-0.089718922902120718,0.49597160530068424,0,1
897,0.089700000000001542,0,1,-0.49597877795265094,-0.044729776065373289,0,0.089819322737452786,-0.49596256095915353,0,1
897,0.089700000000001542,1,1,0.49597877795265094,0.044729776065373289,0,-0.089819322737452786,0.49596256095915353,0,1
898,0.089800000000001545,0,1,-0.49596979602037722,-0.044779372321469203,0,0.089919723468275925,-0.49595350633341923,0,1
898,0.089800000000001545,1,1,0.49596979602037722,0.044779372321469203,0,-0.089919723468275925,0.49595350633341923,0,1
899,0.089900000000001548,0,1,-0.49596080404803039,-0.044828967672102545,0,0.090020125095593373,-0.49594444142283917,0,1
899,0.089900000000001548,1,1,0.49596080404803039,0.044828967672102545,0,-0.090020125095593373,0.49594444142283917,0,1
900,0.090000000000001551,0,1,-0.49595180203552081,-0.04487856211624483,0,0.090120527620408397,-0.49593536622677048,0,1
900,0.090000000000001551,1,1,0.49595180203552081,0.04487856211624483,0,-0.090120527620408397,0.49593536622677048,0,1
901,0.090100000000001554,0,1,-0.49594278998275876,-0.044928155652867507,0,0.090220931043724265,-0.49592628074456946,0,1
901,0.090100000000001554,1,1,0.49594278998275876,0.044928155652867507,0,-0.090220931043724265,0.49592628074456946,0,1
902,0.090200000000001557,0,1,-0.49593376788965438,-0.044977748280941962,0,0.090321335366544242,-0.49591718497559167,0,1
902,0.090200000000001557,1,1,0.49593376788965438,0.044977748280941962,0,-0.090321335366544242,0.49591718497559167,0,1
903,0.09030000000000156,0,1,-0.49592473575611773,-0.045027339999439524,0,0.09042174058987161,-0.49590807891919197,0,1
903,0.09030000000000156,1,1,0.49592473575611773,0.045027339999439524,0,-0.09042174058987161,0.49590807891919197,0,1
904,0.090400000000001562,0,1,-0.49591569358205873,-0.045076930807331446,0,0.090522146714709664,-0.49589896257472449,0,1
904,0.090400000000001562,1,1,0.49591569358205873,0.045076930807331446,0,-0.090522146714709664,0.49589896257472449,0,1
905,0.090500000000001565,0,1,-0.49590664136738727,-0.04512652070358892,0,0.090622553742061684,-0.49588983594154251,0,1
905,0.090500000000001565,1,1,0.49590664136738727,0.04512652070358892,0,-0.090622553742061684,0.49588983594154251,0,1
906,0.090600000000001568,0,1,-0.49589757911201304,-0.045176109687183073,0,0.090722961672930966,-0.49588069901899862,0,1
906,0.090600000000001568,1,1,0.49589757911201304,0.045176109687183073,0,-0.090722961672930966,0.49588069901899862,0,1
907,0.090700000000001571,0,1,-0.49588850681584573,-0.045225697757084973,0,0.090823370508320816,-0.49587155180644465,0,1
907,0.090700000000001571,1,1,0.49588850681584573,0.045225697757084973,0,-0.090823370508320816,0.49587155180644465,0,1
908,0.090800000000001574,0,1,-0.49587942447879491,-0.045275284912265616,0,0.090923780249234545,-0.4958623943032317,0,1
908,0.090800000000001574,1,1,0.49587942447879491,0.045275284912265616,0,-0.090923780249234545,0.4958623943032317,0,1
909,0.090900000000001577,0,1,-0.49587033210076997,-0.045324871151695936,0,0.091024190896675475,-0.49585322650871011,0,1
909,0.090900000000001577,1,1,0.49587033210076997,0.045324871151695936,0,-0.091024190896675475,0.49585322650871011,0,1
910,0.09100000000000158,0,1,-0.49586122968168028,-0.045374456474346805,0,0.091124602451646927,-0.49584404842222946,0,1
910,0.09100000000000158,1,1,0.49586122968168028,0.045374456474346805,0,-0.091124602451646927,0.49584404842222946,0,1
911,0.091100000000001582,0,1,-0.49585211722143513,-0.045424040879189026,0,0.091225014915152225,-0.49583486004313854,0,1
911,0.091100000000001582,1,1,0.49585211722143513,0.045424040879189026,0,-0.091225014915152225,0.49583486004313854,0,1
912,0.091200000000001585,0,1,-0.49584299471994364,-0.045473624365193338,0,0.091325428288194718,-0.49582566137078549,0,1
912,0.091200000000001585,1,1,0.49584299471994364,0.045473624365193338,0,-0.091325428288194718,0.49582566137078549,0,1
913,0.091300000000001588,0,1,-0.49583386217711484,-0.045523206931330419,0,0.09142584257177773,-0.4958164524045176,0,1
913,0.091300000000001588,1,1,0.49583386217711484,0.045523206931330419,0,-0.09142584257177773,0.4958164524045176,0,1
914,0.091400000000001591,0,1,-0.49582471959285768,-0.04557278857657087,0,0.091526257766904623,-0.49580723314368147,0,1
914,0.091400000000001591,1,1,0.49582471959285768,0.04557278857657087,0,-0.091526257766904623,0.49580723314368147,0,1
915,0.091500000000001594,0,1,-0.49581556696708101,-0.045622369299885238,0,0.091626673874578748,-0.49579800358762288,0,1
915,0.091500000000001594,1,1,0.49581556696708101,0.045622369299885238,0,-0.091626673874578748,0.49579800358762288,0,1
916,0.091600000000001597,0,1,-0.49580640429969353,-0.045671949100243997,0,0.09172709089580347,-0.49578876373568692,0,1
916,0.091600000000001597,1,1,0.49580640429969353,0.045671949100243997,0,-0.09172709089580347,0.49578876373568692,0,1
917,0.0917000000000016,0,1,-0.49579723159060396,-0.045721527976617563,0,0.091827508831582166,-0.49577951358721795,0,1
917,0.0917000000000016,1,1,0.49579723159060396,0.045721527976617563,0,-0.091827508831582166,0.49577951358721795,0,1
918,0.091800000000001603,0,1,-0.49578804883972077,-0.045771105927976286,0,0.091927927682918201,-0.49577025314155954,0,1
918,0.091800000000001603,1,1,0.49578804883972077,0.045771105927976286,0,-0.091927927682918201,0.49577025314155954,0,1
919,0.091900000000001605,0,1,-0.49577885604695249,-0.045820682953290441,0,0.092028347450814951,-0.49576098239805449,0,1
919,0.091900000000001605,1,1,0.49577885604695249,0.045820682953290441,0,-0.092028347450814951,0.49576098239805449,0,1
920,0.092000000000001608,0,1,-0.4957696532122074,-0.045870259051530249,0,0.092128768136275824,-0.49575170135604485,0,1
920,0.092000000000001608,1,1,0.4957696532122074,0.045870259051530249,0,-0.092128768136275824,0.49575170135604485,0,1
921,0.092100000000001611,0,1,-0.49576044033539379,-0.045919834221665852,0,0.092229189740304196,-0.49574241001487196,0,1
921,0.092100000000001611,1,1,0.49576044033539379,0.045919834221665852,0,-0.092229189740304196,0.49574241001487196,0,1
922,0.092200000000001614,0,1,-0.49575121741641975,-0.045969408462667338,0,0.092329612263903474,-0.49573310837387641,0,1
922,0.092200000000001614,1,1,0.49575121741641975,0.045969408462667338,0,-0.092329612263903474,0.49573310837387641,0,1
923,0.092300000000001617,0,1,-0.49574198445519335,-0.046018981773504726,0,0.092430035708077063,-0.495723796432398,0,1
923,0.092300000000001617,1,1,0.49574198445519335,0.046018981773504726,0,-0.092430035708077063,0.495723796432398,0,1
924,0.09240000000000162,0,1,-0.49573274145162255,-0.046068554153147964,0,0.092530460073828383,-0.49571447418977577,0,1
924,0.09240000000000162,1,1,0.49573274145162255,0.046068554153147964,0,-0.092530460073828383,0.49571447418977577,0,1
925,0.092500000000001623,0,1,-0.49572348840561514,-0.046118125600566939,0,0.092630885362160853,-0.49570514164534801,0,1
925,0.092500000000001623,1,1,0.49572348840561514,0.046118125600566939,0,-0.092630885362160853,0.49570514164534801,0,1
926,0.092600000000001625,0,1,-0.49571422531707893,-0.046167696114731475,0,0.092731311574077893,-0.49569579879845233,0,1
926,0.092600000000001625,1,1,0.49571422531707893,0.046167696114731475,0,-0.092731311574077893,0.49569579879845233,0,1
927,0.092700000000001628,0,1,-0.49570495218592153,-0.04621726569461132,0,0.092831738710582937,-0.49568644564842546,0,1
927,0.092700000000001628,1,1,0.49570495218592153,0.04621726569461132,0,-0.092831738710582937,0.49568644564842546,0,1
928,0.092800000000001631,0,1,-0.49569566901205048,-0.046266834339176166,0,0.092932166772679431,-0.49567708219460349,0,1
928,0.092800000000001631,1,1,0.49569566901205048,0.046266834339176166,0,-0.092932166772679431,0.49567708219460349,0,1
929,0.092900000000001634,0,1,-0.49568637579537322,-0.046316402047395629,0,0.093032595761370823,-0.49566770843632174,0,1
929,0.092900000000001634,1,1,0.49568637579537322,0.046316402047395629,0,-0.093032595761370823,0.49566770843632174,0,1
930,0.093000000000001637,0,1,-0.49567707253579707,-0.046365968818239262,0,0.093133025677660561,-0.49565832437291474,0,1
930,0.093000000000001637,1,1,0.49567707253579707,0.046365968818239262,0,-0.093133025677660561,0.49565832437291474,0,1
931,0.09310000000000164,0,1,-0.49566775923322931,-0.046415534650676556,0,0.093233456522552105,-0.49564893000371624,0,1
931,0.09310000000000164,1,1,0.49566775923322931,0.046415534650676556,0,-0.093233456522552105,0.49564893000371624,0,1
932,0.093200000000001643,0,1,-0.49565843588757708,-0.046465099543676926,0,0.093333888297048917,-0.49563952532805933,0,1
932,0.093200000000001643,1,1,0.49565843588757708,0.046465099543676926,0,-0.093333888297048917,0.49563952532805933,0,1
933,0.093300000000001646,0,1,-0.49564910249874738,-0.046514663496209731,0,0.093434321002154472,-0.49563011034527626,0,1
933,0.093300000000001646,1,1,0.49564910249874738,0.046514663496209731,0,-0.093434321002154472,0.49563011034527626,0,1
934,0.093400000000001648,0,1,-0.49563975906664715,-0.046564226507244261,0,0.093534754638872245,-0.49562068505469858,0,1
934,0.093400000000001648,1,1,0.49563975906664715,0.046564226507244261,0,-0.093534754638872245,0.49562068505469858,0,1
935,0.093500000000001651,0,1,-0.49563040559118327,-0.046613788575749729,0,0.093635189208205724,-0.49561124945565704,0,1
935,0.093500000000001651,1,1,0.49563040559118327,0.046613788575749729,0,-0.093635189208205724,0.49561124945565704,0,1
936,0.093600000000001654,0,1,-0.49562104207226243,-0.046663349700695293,0,0.0937356247111584,-0.49560180354748168,0,1
936,0.093600000000001654,1,1,0.49562104207226243,0.046663349700695293,0,-0.0937356247111584,0.49560180354748168,0,1
937,0.093700000000001657,0,1,-0.49561166850979133,-0.046712909881050042,0,0.093836061148733774,-0.49559234732950175,0,1
937,0.093700000000001657,1,1,0.49561166850979133,0.046712909881050042,0,-0.093836061148733774,0.49559234732950175,0,1
938,0.09380000000000166,0,1,-0.49560228490367647,-0.046762469115782995,0,0.093936498521935349,-0.49558288080104579,0,1
938,0.09380000000000166,1,1,0.49560228490367647,0.046762469115782995,0,-0.093936498521935349,0.49558288080104579,0,1
939,0.093900000000001663,0,1,-0.49559289125382427,-0.046812027403863102,0,0.094036936831766643,-0.49557340396144156,0,1
939,0.093900000000001663,1,1,0.49559289125382427,0.046812027403863102,0,-0.094036936831766643,0.49557340396144156,0,1
940,0.094000000000001666,0,1,-0.49558348756014109,-0.046861584744259249,0,0.094137376079231172,-0.49556391681001605,0,1
940,0.094000000000001666,1,1,0.49558348756014109,0.046861584744259249,0,-0.094137376079231172,0.49556391681001605,0,1
941,0.094100000000001668,0,1,-0.49557407382253316,-0.046911141135940249,0,0.094237816265332452,-0.49555441934609551,0,1
941,0.094100000000001668,1,1,0.49557407382253316,0.046911141135940249,0,-0.094237816265332452,0.49555441934609551,0,1
942,0.094200000000001671,0,1,-0.49556465004090661,-0.046960696577874855,0,0.094338257391074015,-0.49554491156900543,0,1
942,0.094200000000001671,1,1,0.49556465004090661,0.046960696577874855,0,-0.094338257391074015,0.49554491156900543,0,1
943,0.094300000000001674,0,1,-0.49555521621516752,-0.047010251069031755,0,0.094438699457459405,-0.49553539347807057,0,1
943,0.094300000000001674,1,1,0.49555521621516752,0.047010251069031755,0,-0.094438699457459405,0.49553539347807057,0,1
944,0.094400000000001677,0,1,-0.49554577234522179,-0.047059804608379566,0,0.094539142465492151,-0.49552586507261492,0,1
944,0.094400000000001677,1,1,0.49554577234522179,0.047059804608379566,0,-0.094539142465492151,0.49552586507261492,0,1
945,0.09450000000000168,0,1,-0.49553631843097523,-0.047109357194886826,0,0.094639586416175814,-0.49551632635196174,0,1
945,0.09450000000000168,1,1,0.49553631843097523,0.047109357194886826,0,-0.094639586416175814,0.49551632635196174,0,1
946,0.094600000000001683,0,1,-0.49552685447233363,-0.047158908827522023,0,0.09474003131051395,-0.49550677731543347,0,1
946,0.094600000000001683,1,1,0.49552685447233363,0.047158908827522023,0,-0.09474003131051395,0.49550677731543347,0,1
947,0.094700000000001686,0,1,-0.49551738046920257,-0.047208459505253562,0,0.094840477149510119,-0.49549721796235185,0,1
947,0.094700000000001686,1,1,0.49551738046920257,0.047208459505253562,0,-0.094840477149510119,0.49549721796235185,0,1
948,0.094800000000001688,0,1,-0.49550789642148763,-0.047258009227049799,0,0.094940923934167892,-0.49548764829203784,0,1
948,0.094800000000001688,1,1,0.49550789642148763,0.047258009227049799,0,-0.094940923934167892,0.49548764829203784,0,1
949,0.094900000000001691,0,1,-0.4954984023290942,-0.047307557991879003,0,0.095041371665490856,-0.49547806830381164,0,1
949,0.094900000000001691,1,1,0.4954984023290942,0.047307557991879003,0,-0.095041371665490856,0.49547806830381164,0,1
950,0.095000000000001694,0,1,-0.49548889819192765,-0.047357105798709387,0,0.095141820344482583,-0.49546847799699273,0,1
950,0.095000000000001694,1,1,0.49548889819192765,0.047357105798709387,0,-0.095141820344482583,0.49546847799699273,0,1
951,0.095100000000001697,0,1,-0.49547938400989322,-0.047406652646509083,0,0.095242269972146659,-0.49545887737089983,0,1
951,0.095100000000001697,1,1,0.49547938400989322,0.047406652646509083,0,-0.095242269972146659,0.49545887737089983,0,1
952,0.0952000000000017,0,1,-0.49546985978289598,-0.047456198534246173,0,0.095342720549486684,-0.49544926642485088,0,1
952,0.0952000000000017,1,1,0.49546985978289598,0.047456198534246173,0,-0.095342720549486684,0.49544926642485088,0,1
953,0.095300000000001703,0,1,-0.49546032551084102,-0.047505743460888657,0,0.095443172077506258,-0.49543964515816302,0,1
953,0.095300000000001703,1,1,0.49546032551084102,0.047505743460888657,0,-0.095443172077506258,0.49543964515816302,0,1
954,0.095400000000001706,0,1,-0.49545078119363328,-0.04755528742540447,0,0.095543624557208995,-0.49543001357015271,0,1
954,0.095400000000001706,1,1,0.49545078119363328,0.04755528742540447,0,-0.095543624557208995,0.49543001357015271,0,1
955,0.095500000000001709,0,1,-0.49544122683117758,-0.047604830426761488,0,0.095644077989598508,-0.49542037166013564,0,1
955,0.095500000000001709,1,1,0.49544122683117758,0.047604830426761488,0,-0.095644077989598508,0.49542037166013564,0,1
956,0.095600000000001711,0,1,-0.4954316624233786,-0.047654372463927501,0,0.095744532375678412,-0.49541071942742676,0,1
956,0.095600000000001711,1,1,0.4954316624233786,0.047654372463927501,0,-0.095744532375678412,0.49541071942742676,0,1
957,0.095700000000001714,0,1,-0.49542208797014103,-0.047703913535870245,0,0.095844987716452348,-0.49540105687134017,0,1
957,0.095700000000001714,1,1,0.49542208797014103,0.047703913535870245,0,-0.095844987716452348,0.49540105687134017,0,1
958,0.095800000000001717,0,1,-0.49541250347136939,-0.047753453641557378,0,0.095945444012923944,-0.49539138399118932,0,1
958,0.095800000000001717,1,1,0.49541250347136939,0.047753453641557378,0,-0.095945444012923944,0.49539138399118932,0,1
959,0.09590000000000172,0,1,-0.49540290892696809,-0.047802992779956498,0,0.096045901266096842,-0.49538170078628685,0,1
959,0.09590000000000172,1,1,0.49540290892696809,0.047802992779956498,0,-0.096045901266096842,0.49538170078628685,0,1
960,0.096000000000001723,0,1,-0.49539330433684148,-0.047852530950035124,0,0.096146359476974683,-0.49537200725594466,0,1
960,0.096000000000001723,1,1,0.49539330433684148,0.047852530950035124,0,-0.096146359476974683,0.49537200725594466,0,1
961,0.096100000000001726,0,1,-0.4953836897008938,-0.047902068150760715,0,0.096246818646561122,-0.4953623033994739,0,1
961,0.096100000000001726,1,1,0.4953836897008938,0.047902068150760715,0,-0.096246818646561122,0.4953623033994739,0,1
962,0.096200000000001729,0,1,-0.49537406501902914,-0.04795160438110066,0,0.096347278775859829,-0.49535258921618497,0,1
962,0.096200000000001729,1,1,0.49537406501902914,0.04795160438110066,0,-0.096347278775859829,0.49535258921618497,0,1
963,0.096300000000001731,0,1,-0.49536443029115157,-0.048001139640022276,0,0.096447739865874474,-0.49534286470538746,0,1
963,0.096300000000001731,1,1,0.49536443029115157,0.048001139640022276,0,-0.096447739865874474,0.49534286470538746,0,1
964,0.096400000000001734,0,1,-0.495354785517165,-0.048050673926492815,0,0.096548201917608711,-0.49533312986639028,0,1
964,0.096400000000001734,1,1,0.495354785517165,0.048050673926492815,0,-0.096548201917608711,0.49533312986639028,0,1
965,0.096500000000001737,0,1,-0.49534513069697322,-0.048100207239479456,0,0.096648664932066239,-0.49532338469850151,0,1
965,0.096500000000001737,1,1,0.49534513069697322,0.048100207239479456,0,-0.096648664932066239,0.49532338469850151,0,1
966,0.09660000000000174,0,1,-0.49533546583047999,-0.048149739577949303,0,0.09674912891025074,-0.4953136292010285,0,1
966,0.09660000000000174,1,1,0.49533546583047999,0.048149739577949303,0,-0.09674912891025074,0.4953136292010285,0,1
967,0.096700000000001743,0,1,-0.49532579091758899,-0.048199270940869406,0,0.096849593853165911,-0.49530386337327786,0,1
967,0.096700000000001743,1,1,0.49532579091758899,0.048199270940869406,0,-0.096849593853165911,0.49530386337327786,0,1
968,0.096800000000001746,0,1,-0.49531610595820369,-0.048248801327206735,0,0.096950059761815449,-0.49529408721455542,0,1
968,0.096800000000001746,1,1,0.49531610595820369,0.048248801327206735,0,-0.096950059761815449,0.49529408721455542,0,1
969,0.096900000000001749,0,1,-0.49530641095222749,-0.048298330735928194,0,0.097050526637203052,-0.49528430072416629,0,1
969,0.096900000000001749,1,1,0.49530641095222749,0.048298330735928194,0,-0.097050526637203052,0.49528430072416629,0,1
970,0.097000000000001751,0,1,-0.49529670589956376,-0.048347859166000609,0,0.097150994480332445,-0.49527450390141475,0,1
970,0.097000000000001751,1,1,0.49529670589956376,0.048347859166000609,0,-0.097150994480332445,0.49527450390141475,0,1
971,0.097100000000001754,0,1,-0.49528699080011573,-0.048397386616390752,0,0.097251463292207338,-0.49526469674560442,0,1
971,0.097100000000001754,1,1,0.49528699080011573,0.048397386616390752,0,-0.097251463292207338,0.49526469674560442,0,1
972,0.097200000000001757,0,1,-0.49527726565378649,-0.048446913086065309,0,0.09735193307383147,-0.49525487925603806,0,1
972,0.097200000000001757,1,1,0.49527726565378649,0.048446913086065309,0,-0.09735193307383147,0.49525487925603806,0,1
973,0.09730000000000176,0,1,-0.49526753046047911,-0.048496438573990913,0,0.097452403826208567,-0.49524505143201775,0,1
973,0.09730000000000176,1,1,0.49526753046047911,0.048496438573990913,0,-0.097452403826208567,0.49524505143201775,0,1
974,0.097400000000001763,0,1,-0.4952577852200965,-0.048545963079134113,0,0.097552875550342366,-0.49523521327284475,0,1
974,0.097400000000001763,1,1,0.4952577852200965,0.048545963079134113,0,-0.097552875550342366,0.49523521327284475,0,1
975,0.097500000000001766,0,1,-0.49524802993254147,-0.048595486600461396,0,0.097653348247236621,-0.49522536477781964,0,1
975,0.097500000000001766,1,1,0.49524802993254147,0.048595486600461396,0,-0.097653348247236621,0.49522536477781964,0,1
976,0.097600000000001769,0,1,-0.49523826459771675,-0.048645009136939178,0,0.09775382191789507,-0.49521550594624214,0,1
976,0.097600000000001769,1,1,0.49523826459771675,0.048645009136939178,0,-0.09775382191789507,0.49521550594624214,0,1
977,0.097700000000001772,0,1,-0.49522848921552498,-0.0486945306875338,0,0.09785429656332148,-0.49520563677741131,0,1
977,0.097700000000001772,1,1,0.49522848921552498,0.0486945306875338,0,-0.09785429656332148,0.49520563677741131,0,1
978,0.097800000000001774,0,1,-0.49521870378586863,-0.048744051251211541,0,0.097954772184519617,-0.49519575727062537,0,1
978,0.097800000000001774,1,1,0.49521870378586863,0.048744051251211541,0,-0.097954772184519617,0.49519575727062537,0,1
979,0.097900000000001777,0,1,-0.49520890830865016,-0.048793570826938602,0,0.098055248782493248,-0.49518586742518189,0,1
979,0.097900000000001777,1,1,0.49520890830865016,0.048793570826938602,0,-0.098055248782493248,0.49518586742518189,0,1
980,0.09800000000000178,0,1,-0.49519910278377194,-0.048843089413681123,0,0.098155726358246168,-0.49517596724037755,0,1
980,0.09800000000000178,1,1,0.49519910278377194,0.048843089413681123,0,-0.098155726358246168,0.49517596724037755,0,1
981,0.098100000000001783,0,1,-0.49518928721113609,-0.04889260701040516,0,0.098256204912782141,-0.49516605671550834,0,1
981,0.098100000000001783,1,1,0.49518928721113609,0.04889260701040516,0,-0.098256204912782141,0.49516605671550834,0,1
982,0.098200000000001786,0,1,-0.4951794615906448,-0.048942123616076715,0,0.098356684447104964,-0.49515613584986945,0,1
982,0.098200000000001786,1,1,0.4951794615906448,0.048942123616076715,0,-0.098356684447104964,0.49515613584986945,0,1
983,0.098300000000001789,0,1,-0.4951696259222001,-0.048991639229661703,0,0.098457164962218444,-0.49514620464275538,0,1
983,0.098300000000001789,1,1,0.4951696259222001,0.048991639229661703,0,-0.098457164962218444,0.49514620464275538,0,1
984,0.098400000000001792,0,1,-0.49515978020570389,-0.049041153850125981,0,0.098557646459126375,-0.49513626309345982,0,1
984,0.098400000000001792,1,1,0.49515978020570389,0.049041153850125981,0,-0.098557646459126375,0.49513626309345982,0,1
985,0.098500000000001794,0,1,-0.49514992444105799,-0.049090667476435326,0,0.098658128938832579,-0.4951263112012757,0,1
985,0.098500000000001794,1,1,0.49514992444105799,0.049090667476435326,0,-0.098658128938832579,0.4951263112012757,0,1
986,0.098600000000001797,0,1,-0.49514005862816413,-0.049140180107555456,0,0.098758612402340865,-0.49511634896549522,0,1
986,0.098600000000001797,1,1,0.49514005862816413,0.049140180107555456,0,-0.098758612402340865,0.49511634896549522,0,1
987,0.0987000000000018,0,1,-0.49513018276692389,-0.049189691742452003,0,0.098859096850655068,-0.49510637638540983,0,1
987,0.0987000000000018,1,1,0.49513018276692389,0.049189691742452003,0,-0.098859096850655068,0.49510637638540983,0,1
988,0.098800000000001803,0,1,-0.4951202968572388,-0.049239202380090545,0,0.09895958228477901,-0.49509639346031015,0,1
988,0.098800000000001803,1,1,0.4951202968572388,0.049239202380090545,0,-0.09895958228477901,0.49509639346031015,0,1
989,0.098900000000001806,0,1,-0.49511040089901032,-0.049288712019436576,0,0.099060068705716528,-0.49508640018948608,0,1
989,0.098900000000001806,1,1,0.49511040089901032,0.049288712019436576,0,-0.099060068705716528,0.49508640018948608,0,1
990,0.099000000000001809,0,1,-0.49510049489213975,-0.049338220659455527,0,0.099160556114471471,-0.49507639657222674,0,1
990,0.099000000000001809,1,1,0.49510049489213975,0.049338220659455527,0,-0.099160556114471471,0.49507639657222674,0,1
991,0.099100000000001812,0,1,-0.49509057883652829,-0.049387728299112747,0,0.099261044512047689,-0.49506638260782054,0,1
991,0.099100000000001812,1,1,0.49509057883652829,0.049387728299112747,0,-0.099261044512047689,0.49506638260782054,0,1
992,0.099200000000001815,0,1,-0.49508065273207708,-0.04943723493737353,0,0.099361533899449031,-0.49505635829555511,0,1
992,0.099200000000001815,1,1,0.49508065273207708,0.04943723493737353,0,-0.099361533899449031,0.49505635829555511,0,1
993,0.099300000000001817,0,1,-0.49507071657868712,-0.049486740573203084,0,0.099462024277679362,-0.49504632363471734,0,1
993,0.099300000000001817,1,1,0.49507071657868712,0.049486740573203084,0,-0.099462024277679362,0.49504632363471734,0,1
994,0.09940000000000182,0,1,-0.49506077037625934,-0.049536245205566556,0,0.099562515647742558,-0.49503627862459326,0,1
994,0.09940000000000182,1,1,0.49506077037625934,0.049536245205566556,0,-0.099562515647742558,0.49503627862459326,0,1
995,0.099500000000001823,0,1,-0.49505081412469459,-0.049585748833429019,0,0.099663008010642498,-0.49502622326446827,0,1
995,0.099500000000001823,1,1,0.49505081412469459,0.049585748833429019,0,-0.099663008010642498,0.49502622326446827,0,1
996,0.099600000000001826,0,1,-0.49504084782389352,-0.049635251455755466,0,0.099763501367383059,-0.49501615755362688,0,1
996,0.099600000000001826,1,1,0.49504084782389352,0.049635251455755466,0,-0.099763501367383059,0.49501615755362688,0,1
997,0.099700000000001829,0,1,-0.49503087147375679,-0.04968475307151083,0,0.099863995718968132,-0.49500608149135295,0,1
997,0.099700000000001829,1,1,0.49503087147375679,0.04968475307151083,0,-0.099863995718968132,0.49500608149135295,0,1
998,0.099800000000001832,0,1,-0.4950208850741849,-0.049734253679659966,0,0.099964491066401623,-0.49499599507692954,0,1
998,0.099800000000001832,1,1,0.4950208850741849,0.049734253679659966,0,-0.099964491066401623,0.49499599507692954,0,1
999,0.099900000000001835,0,1,-0.49501088862507825,-0.049783753279167661,0,0.10006498741068742,-0.49498589830963891,0,1
999,0.099900000000001835,1,1,0.49501088862507825,0.049783753279167661,0,-0.10006498741068742,0.49498589830963891,0,1
1000,0.10000000000000184,0,1,-0.49500088212633719,-0.049833251868998625,0,0.10016548475282944,-0.49497579118876261,0,1
1000,0.10000000000000184,1,1,0.49500088212633719,0.049833251868998625,0,-0.10016548475282944,0.49497579118876261,0,1
1001,0.10010000000000184,0,1,-0.49499086557786193,-0.049882749448117499,0,0.1002659830938316,-0.49496567371358141,0,1
1001,0.10010000000000184,1,1,0.49499086557786193,0.049882749448117499,0,-0.1002659830938316,0.49496567371358141,0,1
1002,0.10020000000000184,0,1,-0.49498083897955253,-0.04993224601548886,0,0.10036648243469781,-0.49495554588337531,0,1
1002,0.10020000000000184,1,1,0.49498083897955253,0.04993224601548886,0,-0.10036648243469781,0.49495554588337531,0,1
1003,0.10030000000000185,0,1,-0.49497080233130908,-0.049981741570077197,0,0.10046698277643203,-0.49494540769742357,0,1
1003,0.10030000000000185,1,1,0.49497080233130908,0.049981741570077197,0,-0.10046698277643203,0.49494540769742357,0,1
1004,0.10040000000000185,0,1,-0.49496075563303144,-0.050031236110846942,0,0.10056748412003816,-0.49493525915500469,0,1
1004,0.10040000000000185,1,1,0.49496075563303144,0.050031236110846942,0,-0.10056748412003816,0.49493525915500469,0,1
1005,0.10050000000000185,0,1,-0.49495069888461946,-0.050080729636762446,0,0.10066798646652016,-0.49492510025539638,0,1
1005,0.10050000000000185,1,1,0.49495069888461946,0.050080729636762446,0,-0.10066798646652016,0.49492510025539638,0,1
1006,0.10060000000000185,0,1,-0.49494063208597278,-0.050130222146787987,0,0.10076848981688198,-0.49491493099787559,0,1
1006,0.10060000000000185,1,1,0.49494063208597278,0.050130222146787987,0,-0.10076848981688198,0.49491493099787559,0,1
1007,0.10070000000000186,0,1,-0.49493055523699109,-0.050179713639887776,0,0.10086899417212757,-0.49490475138171852,0,1
1007,0.10070000000000186,1,1,0.49493055523699109,0.050179713639887776,0,-0.10086899417212757,0.49490475138171852,0,1
1008,0.10080000000000186,0,1,-0.49492046833757386,-0.050229204115025947,0,0.10096949953326088,-0.49489456140620058,0,1
1008,0.10080000000000186,1,1,0.49492046833757386,0.050229204115025947,0,-0.10096949953326088,0.49489456140620058,0,1
1009,0.10090000000000186,0,1,-0.49491037138762051,-0.050278693571166565,0,0.10107000590128591,-0.49488436107059647,0,1
1009,0.10090000000000186,1,1,0.49491037138762051,0.050278693571166565,0,-0.10107000590128591,0.49488436107059647,0,1
1010,0.10100000000000187,0,1,-0.49490026438703039,-0.050328182007273625,0,0.10117051327720662,-0.49487415037418009,0,1
1010,0.10100000000000187,1,1,0.49490026438703039,0.050328182007273625,0,-0.10117051327720662,0.49487415037418009,0,1
1011,0.10110000000000187,0,1,-0.49489014733570269,-0.05037766942231104,0,0.10127102166202699,-0.49486392931622458,0,1
1011,0.10110000000000187,1,1,0.49489014733570269,0.05037766942231104,0,-0.10127102166202699,0.49486392931622458,0,1
1012,0.10120000000000187,0,1,-0.4948800202335365,-0.050427155815242659,0,0.10137153105675101,-0.49485369789600231,0,1
1012,0.10120000000000187,1,1,0.4948800202335365,0.050427155815242659,0,-0.10137153105675101,0.49485369789600231,0,1
1013,0.10130000000000187,0,1,-0.49486988308043084,-0.050476641185032263,0,0.10147204146238266,-0.49484345611278496,0,1
1013,0.10130000000000187,1,1,0.49486988308043084,0.050476641185032263,0,-0.10147204146238266,0.49484345611278496,0,1
1014,0.10140000000000188,0,1,-0.49485973587628462,-0.050526125530643541,0,0.10157255287992596,-0.49483320396584335,0,1
1014,0.10140000000000188,1,1,0.49485973587628462,0.050526125530643541,0,-0.10157255287992596,0.49483320396584335,0,1
1015,0.10150000000000188,0,1,-0.49484957862099666,-0.050575608851040128,0,0.10167306531038491,-0.49482294145444755,0,1
1015,0.10150000000000188,1,1,0.49484957862099666,0.050575608851040128,0,-0.10167306531038491,0.49482294145444755,0,1
1016,0.10160000000000188,0,1,-0.49483941131446563,-0.050625091145185576,0,0.10177357875476352,-0.49481266857786688,0,1
1016,0.10160000000000188,1,1,0.49483941131446563,0.050625091145185576,0,-0.10177357875476352,0.49481266857786688,0,1
1017,0.10170000000000189,0,1,-0.49482923395659018,-0.050674572412043366,0,0.10187409321406582,-0.49480238533536997,0,1
1017,0.10170000000000189,1,1,0.49482923395659018,0.050674572412043366,0,-0.10187409321406582,0.49480238533536997,0,1
1018,0.10180000000000189,0,1,-0.49481904654726877,-0.050724052650576903,0,0.10197460868929584,-0.49479209172622457,0,1
1018,0.10180000000000189,1,1,0.49481904654726877,0.050724052650576903,0,-0.10197460868929584,0.49479209172622457,0,1
1019,0.10190000000000189,0,1,-0.49480884908639983,-0.050773531859749525,0,0.1020751251814576,-0.49478178774969772,0,1
1019,0.10190000000000189,1,1,0.49480884908639983,0.050773531859749525,0,-0.1020751251814576,0.49478178774969772,0,1
1020,0.10200000000000189,0,1,-0.4947986415738817,-0.050823010038524498,0,0.10217564269155516,-0.49477147340505567,0,1
1020,0.10200000000000189,1,1,0.4947986415738817,0.050823010038524498,0,-0.10217564269155516,0.49477147340505567,0,1
1021,0.1021000000000019,0,1,-0.49478842400961254,-0.050872487185865005,0,0.10227616122059255,-0.49476114869156401,0,1
1021,0.1021000000000019,1,1,0.49478842400961254,0.050872487185865005,0,-0.10227616122059255,0.49476114869156401,0,1
1022,0.1022000000000019,0,1,-0.49477819639349047,-0.05092196330073416,0,0.10237668076957383,-0.49475081360848744,0,1
1022,0.1022000000000019,1,1,0.49477819639349047,0.05092196330073416,0,-0.10237668076957383,0.49475081360848744,0,1
1023,0.1023000000000019,0,1,-0.49476795872541351,-0.050971438382095009,0,0.10247720133950307,-0.49474046815508993,0,1
1023,0.1023000000000019,1,1,0.49476795872541351,0.050971438382095009,0,-0.10247720133950307,0.49474046815508993,0,1
1024,0.10240000000000191,0,1,-0.49475771100527954,-0.05102091242891052,0,0.10257772293138431,-0.49473011233063469,0,1
1024,0.10240000000000191,1,1,0.49475771100527954,0.05102091242891052,0,-0.10257772293138431,0.49473011233063469,0,1
1025,0.10250000000000191,0,1,-0.49474745323298641,-0.051070385440143584,0,0.10267824554622165,-0.49471974613438419,0,1
1025,0.10250000000000191,1,1,0.49474745323298641,0.051070385440143584,0,-0.10267824554622165,0.49471974613438419,0,1
1026,0.10260000000000191,0,1,-0.49473718540843181,-0.051119857414757025,0,0.10277876918501916,-0.49470936956560008,0,1
1026,0.10260000000000191,1,1,0.49473718540843181,0.051119857414757025,0,-0.10277876918501916,0.49470936956560008,0,1
1027,0.10270000000000191,0,1,-0.49472690753151333,-0.051169328351713582,0,0.10287929384878093,-0.49469898262354328,0,1
1027,0.10270000000000191,1,1,0.49472690753151333,0.051169328351713582,0,-0.10287929384878093,0.49469898262354328,0,1
1028,0.10280000000000192,0,1,-0.49471661960212843,-0.051218798249975939,0,0.10297981953851106,-0.494688585307474,0,1
1028,0.10280000000000192,1,1,0.49471661960212843,0.051218798249975939,0,-0.10297981953851106,0.494688585307474,0,1
1029,0.10290000000000192,0,1,-0.49470632162017458,-0.051268267108506689,0,0.10308034625521362,-0.49467817761665162,0,1
1029,0.10290000000000192,1,1,0.49470632162017458,0.051268267108506689,0,-0.10308034625521362,0.49467817761665162,0,1
1030,0.10300000000000192,0,1,-0.49469601358554904,-0.051317734926268357,0,0.10318087399989274,-0.49466775955033471,0,1
1030,0.10300000000000192,1,1,0.49469601358554904,0.051317734926268357,0,-0.10318087399989274,0.49466775955033471,0,1
1031,0.10310000000000193,0,1,-0.49468569549814906,-0.051367201702223392,0,0.10328140277355254,-0.49465733110778121,0,1
1031,0.10310000000000193,1,1,0.49468569549814906,0.051367201702223392,0,-0.10328140277355254,0.49465733110778121,0,1
1032,0.10320000000000193,0,1,-0.49467536735787171,-0.051416667435334171,0,0.10338193257719712,-0.49464689228824815,0,1
1032,0.10320000000000193,1,1,0.49467536735787171,0.051416667435334171,0,-0.10338193257719712,0.49464689228824815,0,1
1033,0.10330000000000193,0,1,-0.49466502916461397,-0.051466132124562997,0,0.10348246341183062,-0.49463644309099186,0,1
1033,0.10330000000000193,1,1,0.49466502916461397,0.051466132124562997,0,-0.10348246341183062,0.49463644309099186,0,1
1034,0.10340000000000193,0,1,-0.4946546809182728,-0.051515595768872095,0,0.10358299527845717,-0.49462598351526793,0,1
1034,0.10340000000000193,1,1,0.4946546809182728,0.051515595768872095,0,-0.10358299527845717,0.49462598351526793,0,1
1035,0.10350000000000194,0,1,-0.49464432261874497,-0.051565058367223623,0,0.10368352817808089,-0.49461551356033112,0,1
1035,0.10350000000000194,1,1,0.49464432261874497,0.051565058367223623,0,-0.10368352817808089,0.49461551356033112,0,1
1036,0.10360000000000194,0,1,-0.49463395426592716,-0.051614519918579654,0,0.10378406211170596,-0.49460503322543548,0,1
1036,0.10360000000000194,1,1,0.49463395426592716,0.051614519918579654,0,-0.10378406211170596,0.49460503322543548,0,1
1037,0.10370000000000194,0,1,-0.494623575859716,-0.051663980421902199,0,0.10388459708033651,-0.49459454250983431,0,1
1037,0.10370000000000194,1,1,0.494623575859716,0.051663980421902199,0,-0.10388459708033651,0.49459454250983431,0,1
1038,0.10380000000000195,0,1,-0.49461318740000798,-0.051713439876153185,0,0.1039851330849767,-0.49458404141278006,0,1
1038,0.10380000000000195,1,1,0.49461318740000798,0.051713439876153185,0,-0.1039851330849767,0.49458404141278006,0,1
1039,0.10390000000000195,0,1,-0.49460278888669951,-0.051762898280294463,0,0.1040856701266307,-0.49457352993352449,0,1
1039,0.10390000000000195,1,1,0.49460278888669951,0.051762898280294463,0,-0.1040856701266307,0.49457352993352449,0,1
1040,0.10400000000000195,0,1,-0.49459238031968683,-0.051812355633287815,0,0.10418620820630267,-0.49456300807131853,0,1
1040,0.10400000000000195,1,1,0.49459238031968683,0.051812355633287815,0,-0.10418620820630267,0.49456300807131853,0,1
1041,0.10410000000000195,0,1,-0.4945819616988662,-0.051861811934094948,0,0.10428674732499681,-0.4945524758254124,0,1
1041,0.10410000000000195,1,1,0.4945819616988662,0.051861811934094948,0,-0.10428674732499681,0.4945524758254124,0,1
1042,0.10420000000000196,0,1,-0.4945715330241337,-0.05191126718167749,0,0.10438728748371728,-0.49454193319505552,0,1
1042,0.10420000000000196,1,1,0.4945715330241337,0.05191126718167749,0,-0.10438728748371728,0.49454193319505552,0,1
1043,0.10430000000000196,0,1,-0.49456109429538531,-0.051960721374996993,0,0.10448782868346829,-0.49453138017949649,0,1
1043,0.10430000000000196,1,1,0.49456109429538531,0.051960721374996993,0,-0.10448782868346829,0.49453138017949649,0,1
1044,0.10440000000000196,0,1,-0.49455064551251698,-0.052010174513014942,0,0.10458837092525403,-0.49452081677798332,0,1
1044,0.10440000000000196,1,1,0.49455064551251698,0.052010174513014942,0,-0.10458837092525403,0.49452081677798332,0,1
1045,0.10450000000000197,0,1,-0.49454018667542443,-0.052059626594692737,0,0.1046889142100787,-0.49451024298976304,0,1
1045,0.10450000000000197,1,1,0.49454018667542443,0.052059626594692737,0,-0.1046889142100787,0.49451024298976304,0,1
1046,0.10460000000000197,0,1,-0.4945297177840034,-0.052109077618991716,0,0.10478945853894653,-0.49449965881408209,0,1
1046,0.10460000000000197,1,1,0.4945297177840034,0.052109077618991716,0,-0.10478945853894653,0.49449965881408209,0,1
1047,0.10470000000000197,0,1,-0.49451923883814952,-0.052158527584873125,0,0.10489000391286171,-0.49448906425018602,0,1
1047,0.10470000000000197,1,1,0.49451923883814952,0.052158527584873125,0,-0.10489000391286171,0.49448906425018602,0,1
1048,0.10480000000000197,0,1,-0.49450874983775822,-0.052207976491298144,0,0.10499055033282849,-0.49447845929731965,0,1
1048,0.10480000000000197,1,1,0.49450874983775822,0.052207976491298144,0,-0.10499055033282849,0.49447845929731965,0,1
1049,0.10490000000000198,0,1,-0.49449825078272491,-0.052257424337227874,0,0.10509109779985108,-0.49446784395472704,0,1
1049,0.10490000000000198,1,1,0.49449825078272491,0.052257424337227874,0,-0.10509109779985108,0.49446784395472704,0,1
1050,0.10500000000000198,0,1,-0.4944877416729449,-0.052306871121623348,0,0.10519164631493373,-0.49445721822165145,0,1
1050,0.10500000000000198,1,1,0.4944877416729449,0.052306871121623348,0,-0.10519164631493373,0.49445721822165145,0,1
1051,0.10510000000000198,0,1,-0.49447722250831339,-0.052356316843445515,0,0.10529219587908069,-0.49444658209733544,0,1
1051,0.10510000000000198,1,1,0.49447722250831339,0.052356316843445515,0,-0.10529219587908069,0.49444658209733544,0,1
1052,0.10520000000000199,0,1,-0.4944666932887255,-0.052405761501655247,0,0.10539274649329619,-0.49443593558102078,0,1
1052,0.10520000000000199,1,1,0.4944666932887255,0.052405761501655247,0,-0.10539274649329619,0.49443593558102078,0,1
1053,0.10530000000000199,0,1,-0.49445615401407617,-0.052455205095213349,0,0.10549329815858451,-0.49442527867194841,0,1
1053,0.10530000000000199,1,1,0.49445615401407617,0.052455205095213349,0,-0.10549329815858451,0.49442527867194841,0,1
1054,0.10540000000000199,0,1,-0.4944456046842603,-0.052504647623080547,0,0.1055938508759499,-0.49441461136935855,0,1
1054,0.10540000000000199,1,1,0.4944456046842603,0.052504647623080547,0,-0.1055938508759499,0.49441461136935855,0,1
1055,0.10550000000000199,0,1,-0.4944350452991727,-0.052554089084217485,0,0.10569440464639664,-0.49440393367249064,0,1
1055,0.10550000000000199,1,1,0.4944350452991727,0.052554089084217485,0,-0.10569440464639664,0.49440393367249064,0,1
1056,0.105600000000002,0,1,-0.49442447585870808,-0.052603529477584732,0,0.10579495947092898,-0.4943932455805834,0,1
1056,0.105600000000002,1,1,0.49442447585870808,0.052603529477584732,0,-0.10579495947092898,0.4943932455805834,0,1
1057,0.105700000000002,0,1,-0.49441389636276101,-0.052652968802142791,0,0.10589551535055124,-0.49438254709287471,0,1
1057,0.105700000000002,1,1,0.49441389636276101,0.052652968802142791,0,-0.10589551535055124,0.49438254709287471,0,1
1058,0.105800000000002,0,1,-0.49440330681122596,-0.052702407056852078,0,0.10599607228626767,-0.4943718382086017,0,1
1058,0.105800000000002,1,1,0.49440330681122596,0.052702407056852078,0,-0.10599607228626767,0.4943718382086017,0,1
1059,0.10590000000000201,0,1,-0.49439270720399736,-0.052751844240672939,0,0.1060966302790826,-0.49436111892700074,0,1
1059,0.10590000000000201,1,1,0.49439270720399736,0.052751844240672939,0,-0.1060966302790826,0.49436111892700074,0,1
1060,0.10600000000000201,0,1,-0.49438209754096946,-0.052801280352565642,0,0.10619718933000032,-0.49435038924730745,0,1
1060,0.10600000000000201,1,1,0.49438209754096946,0.052801280352565642,0,-0.10619718933000032,0.49435038924730745,0,1
1061,0.10610000000000201,0,1,-0.49437147782203644,-0.052850715391490374,0,0.10629774944002514,-0.49433964916875667,0,1
1061,0.10610000000000201,1,1,0.49437147782203644,0.052850715391490374,0,-0.10629774944002514,0.49433964916875667,0,1
1062,0.10620000000000202,0,1,-0.49436084804709246,-0.052900149356407251,0,0.10639831061016138,-0.49432889869058239,0,1
1062,0.10620000000000202,1,1,0.49436084804709246,0.052900149356407251,0,-0.10639831061016138,0.49432889869058239,0,1
1063,0.10630000000000202,0,1,-0.49435020821603143,-0.052949582246276307,0,0.10649887284141335,-0.49431813781201794,0,1
1063,0.10630000000000202,1,1,0.49435020821603143,0.052949582246276307,0,-0.10649887284141335,0.49431813781201794,0,1
1064,0.10640000000000202,0,1,-0.49433955832874726,-0.052999014060057512,0,0.10659943613478538,-0.4943073665322959,0,1
1064,0.10640000000000202,1,1,0.49433955832874726,0.052999014060057512,0,-0.10659943613478538,0.4943073665322959,0,1
1065,0.10650000000000202,0,1,-0.49432889838513377,-0.053048444796710739,0,0.10670000049128182,-0.49429658485064792,0,1
1065,0.10650000000000202,1,1,0.49432889838513377,0.053048444796710739,0,-0.10670000049128182,0.49429658485064792,0,1
1066,0.10660000000000203,0,1,-0.49431822838508466,-0.053097874455195801,0,0.10680056591190701,-0.49428579276630508,0,1
1066,0.10660000000000203,1,1,0.49431822838508466,0.053097874455195801,0,-0.10680056591190701,0.49428579276630508,0,1
1067,0.10670000000000203,0,1,-0.49430754832849344,-0.053147303034472432,0,0.10690113239766529,-0.49427499027849747,0,1
1067,0.10670000000000203,1,1,0.49430754832849344,0.053147303034472432,0,-0.10690113239766529,0.49427499027849747,0,1
1068,0.10680000000000203,0,1,-0.49429685821525365,-0.053196730533500283,0,0.107001699949561,-0.49426417738645462,0,1
1068,0.10680000000000203,1,1,0.49429685821525365,0.053196730533500283,0,-0.107001699949561,0.49426417738645462,0,1
1069,0.10690000000000204,0,1,-0.49428615804525872,-0.053246156951238931,0,0.10710226856859854,-0.49425335408940518,0,1
1069,0.10690000000000204,1,1,0.49428615804525872,0.053246156951238931,0,-0.10710226856859854,0.49425335408940518,0,1
1070,0.10700000000000204,0,1,-0.49427544781840188,-0.053295582286647873,0,0.10720283825578225,-0.49424252038657707,0,1
1070,0.10700000000000204,1,1,0.49427544781840188,0.053295582286647873,0,-0.10720283825578225,0.49424252038657707,0,1
1071,0.10710000000000204,0,1,-0.49426472753457629,-0.053345006538686533,0,0.1073034090121165,-0.49423167627719738,0,1
1071,0.10710000000000204,1,1,0.49426472753457629,0.053345006538686533,0,-0.1073034090121165,0.49423167627719738,0,1
1072,0.10720000000000204,0,1,-0.49425399719367508,-0.05339442970631425,0,0.10740398083860569,-0.49422082176049248,0,1
1072,0.10720000000000204,1,1,0.49425399719367508,0.05339442970631425,0,-0.10740398083860569,0.49422082176049248,0,1
1073,0.10730000000000205,0,1,-0.49424325679559122,-0.053443851788490301,0,0.10750455373625421,-0.49420995683568791,0,1
1073,0.10730000000000205,1,1,0.49424325679559122,0.053443851788490301,0,-0.10750455373625421,0.49420995683568791,0,1
1074,0.10740000000000205,0,1,-0.49423250634021759,-0.053493272784173873,0,0.10760512770606644,-0.49419908150200853,0,1
1074,0.10740000000000205,1,1,0.49423250634021759,0.053493272784173873,0,-0.10760512770606644,0.49419908150200853,0,1
1075,0.10750000000000205,0,1,-0.49422174582744699,-0.053542692692324076,0,0.10770570274904678,-0.49418819575867839,0,1
1075,0.10750000000000205,1,1,0.49422174582744699,0.053542692692324076,0,-0.10770570274904678,0.49418819575867839,0,1
1076,0.10760000000000206,0,1,-0.49421097525717206,-0.053592111511899944,0,0.10780627886619965,-0.49417729960492074,0,1
1076,0.10760000000000206,1,1,0.49421097525717206,0.053592111511899944,0,-0.10780627886619965,0.49417729960492074,0,1
1077,0.10770000000000206,0,1,-0.49420019462928544,-0.053641529241860435,0,0.10790685605852944,-0.49416639303995807,0,1
1077,0.10770000000000206,1,1,0.49420019462928544,0.053641529241860435,0,-0.10790685605852944,0.49416639303995807,0,1
1078,0.10780000000000206,0,1,-0.49418940394367961,-0.05369094588116443,0,0.1080074343270406,-0.49415547606301213,0,1
1078,0.10780000000000206,1,1,0.49418940394367961,0.05369094588116443,0,-0.1080074343270406,0.49415547606301213,0,1
1079,0.10790000000000206,0,1,-0.49417860320024692,-0.053740361428770735,0,0.10810801367273754,-0.49414454867330387,0,1
1079,0.10790000000000206,1,1,0.49417860320024692,0.053740361428770735,0,-0.10810801367273754,0.49414454867330387,0,1
1080,0.10800000000000207,0,1,-0.49416779239887965,-0.053789775883638064,0,0.10820859409662469,-0.49413361087005347,0,1
1080,0.10800000000000207,1,1,0.49416779239887965,0.053789775883638064,0,-0.10820859409662469,0.49413361087005347,0,1
1081,0.10810000000000207,0,1,-0.49415697153946997,-0.053839189244725069,0,0.1083091755997065,-0.49412266265248034,0,1
1081,0.10810000000000207,1,1,0.49415697153946997,0.053839189244725069,0,-0.1083091755997065,0.49412266265248034,0,1
1082,0.10820000000000207,0,1,-0.49414614062190998,-0.053888601510990314,0,0.10840975818298741,-0.49411170401980314,0,1
1082,0.10820000000000207,1,1,0.49414614062190998,0.053888601510990314,0,-0.10840975818298741,0.49411170401980314,0,1
1083,0.10830000000000208,0,1,-0.49413529964609171,-0.053938012681392297,0,0.10851034184747188,-0.49410073497123969,0,1
1083,0.10830000000000208,1,1,0.49413529964609171,0.053938012681392297,0,-0.10851034184747188,0.49410073497123969,0,1
1084,0.10840000000000208,0,1,-0.49412444861190696,-0.053987422754889422,0,0.10861092659416437,-0.49408975550600709,0,1
1084,0.10840000000000208,1,1,0.49412444861190696,0.053987422754889422,0,-0.10861092659416437,0.49408975550600709,0,1
1085,0.10850000000000208,0,1,-0.49411358751924755,-0.054036831730440021,0,0.10871151242406933,-0.4940787656233217,0,1
1085,0.10850000000000208,1,1,0.49411358751924755,0.054036831730440021,0,-0.10871151242406933,0.4940787656233217,0,1
1086,0.10860000000000208,0,1,-0.49410271636800512,-0.054086239607002352,0,0.10881209933819125,-0.49406776532239904,0,1
1086,0.10860000000000208,1,1,0.49410271636800512,0.054086239607002352,0,-0.10881209933819125,0.49406776532239904,0,1
1087,0.10870000000000209,0,1,-0.49409183515807131,-0.054135646383534596,0,0.10891268733753459,-0.49405675460245385,0,1
1087,0.10870000000000209,1,1,0.49409183515807131,0.054135646383534596,0,-0.10891268733753459,0.49405675460245385,0,1
1088,0.10880000000000209,0,1,-0.49408094388933754,-0.054185052058994841,0,0.10901327642310386,-0.4940457334627002,0,1
1088,0.10880000000000209,1,1,0.49408094388933754,0.054185052058994841,0,-0.10901327642310386,0.4940457334627002,0,1
1089,0.10890000000000209,0,1,-0.49407004256169523,-0.05423445663234111,0,0.10911386659590354,-0.49403470190235127,0,1
1089,0.10890000000000209,1,1,0.49407004256169523,0.05423445663234111,0,-0.10911386659590354,0.49403470190235127,0,1
1090,0.1090000000000021,0,1,-0.49405913117503564,-0.054283860102531348,0,0.10921445785693812,-0.49402365992061953,0,1
1090,0.1090000000000021,1,1,0.49405913117503564,0.054283860102531348,0,-0.10921445785693812,0.49402365992061953,0,1
1091,0.1091000000000021,0,1,-0.49404820972924995,-0.054333262468523408,0,0.10931505020721211,-0.49401260751671666,0,1
1091,0.1091000000000021,1,1,0.49404820972924995,0.054333262468523408,0,-0.10931505020721211,0.49401260751671666,0,1
1092,0.1092000000000021,0,1,-0.49403727822422921,-0.054382663729275083,0,0.10941564364773003,-0.49400154468985352,0,1
1092,0.1092000000000021,1,1,0.49403727822422921,0.054382663729275083,0,-0.10941564364773003,0.49400154468985352,0,1
1093,0.1093000000000021,0,1,-0.49402633665986445,-0.054432063883744067,0,0.10951623817949639,-0.4939904714392403,0,1
1093,0.1093000000000021,1,1,0.49402633665986445,0.054432063883744067,0,-0.10951623817949639,0.4939904714392403,0,1
1094,0.10940000000000211,0,1,-0.49401538503604653,-0.054481462930887993,0,0.10961683380351572,-0.49397938776408634,0,1
1094,0.10940000000000211,1,1,0.49401538503604653,0.054481462930887993,0,-0.10961683380351572,0.49397938776408634,0,1
1095,0.10950000000000211,0,1,-0.4940044233526662,-0.054530860869664403,0,0.10971743052079254,-0.49396829366360023,0,1
1095,0.10950000000000211,1,1,0.4940044233526662,0.054530860869664403,0,-0.10971743052079254,0.49396829366360023,0,1
1096,0.10960000000000211,0,1,-0.49399345160961411,-0.054580257699030764,0,0.1098180283323314,-0.49395718913698977,0,1
1096,0.10960000000000211,1,1,0.49399345160961411,0.054580257699030764,0,-0.1098180283323314,0.49395718913698977,0,1
1097,0.10970000000000212,0,1,-0.4939824698067809,-0.054629653417944464,0,0.10991862723913683,-0.49394607418346198,0,1
1097,0.10970000000000212,1,1,0.4939824698067809,0.054629653417944464,0,-0.10991862723913683,0.49394607418346198,0,1
1098,0.10980000000000212,0,1,-0.49397147794405699,-0.05467904802536281,0,0.11001922724221339,-0.49393494880222311,0,1
1098,0.10980000000000212,1,1,0.49397147794405699,0.05467904802536281,0,-0.11001922724221339,0.49393494880222311,0,1
1099,0.10990000000000212,0,1,-0.49396047602133275,-0.054728441520243032,0,0.11011982834256563,-0.49392381299247867,0,1
1099,0.10990000000000212,1,1,0.49396047602133275,0.054728441520243032,0,-0.11011982834256563,0.49392381299247867,0,1
1100,0.11000000000000212,0,1,-0.49394946403849849,-0.054777833901542276,0,0.11022043054119812,-0.49391266675343337,0,1
1100,0.11000000000000212,1,1,0.49394946403849849,0.054777833901542276,0,-0.11022043054119812,0.49391266675343337,0,1
1101,0.11010000000000213,0,1,-0.49393844199544434,-0.054827225168217621,0,0.11032103383911543,-0.49390151008429112,0,1
1101,0.11010000000000213,1,1,0.49393844199544434,0.054827225168217621,0,-0.11032103383911543,0.49390151008429112,0,1
1102,0.11020000000000213,0,1,-0.49392740989206041,-0.054876615319226052,0,0.11042163823732214,-0.4938903429842551,0,1
1102,0.11020000000000213,1,1,0.49392740989206041,0.054876615319226052,0,-0.11042163823732214,0.4938903429842551,0,1
1103,0.11030000000000213,0,1,-0.49391636772823666,-0.054926004353524474,0,0.11052224373682282,-0.49387916545252769,0,1
1103,0.11030000000000213,1,1,0.49391636772823666,0.054926004353524474,0,-0.11052224373682282,0.49387916545252769,0,1
1104,0.11040000000000214,0,1,-0.49390531550386296,-0.054975392270069728,0,0.11062285033862207,-0.49386797748831052,0,1
1104,0.11040000000000214,1,1,0.49390531550386296,0.054975392270069728,0,-0.11062285033862207,0.49386797748831052,0,1
1105,0.11050000000000214,0,1,-0.49389425321882913,-0.055024779067818559,0,0.11072345804372448,-0.49385677909080439,0,1
1105,0.11050000000000214,1,1,0.49389425321882913,0.055024779067818559,0,-0.11072345804372448,0.49385677909080439,0,1
1106,0.11060000000000214,0,1,-0.49388318087302474,-0.055074164745727641,0,0.11082406685313466,-0.49384557025920939,0,1
1106,0.11060000000000214,1,1,0.49388318087302474,0.055074164745727641,0,-0.11082406685313466,0.49384557025920939,0,1
1107,0.11070000000000214,0,1,-0.49387209846633945,-0.055123549302753559,0,0.11092467676785721,-0.49383435099272477,0,1
1107,0.11070000000000214,1,1,0.49387209846633945,0.055123549302753559,0,-0.11092467676785721,0.49383435099272477,0,1
1108,0.11080000000000215,0,1,-0.49386100599866267,-0.055172932737852828,0,0.11102528778889674,-0.49382312129054906,0,1
1108,0.11080000000000215,1,1,0.49386100599866267,0.055172932737852828,0,-0.11102528778889674,0.49382312129054906,0,1
1109,0.11090000000000215,0,1,-0.49384990346988378,-0.055222315049981881,0,0.11112589991725788,-0.49381188115187996,0,1
1109,0.11090000000000215,1,1,0.49384990346988378,0.055222315049981881,0,-0.11112589991725788,0.49381188115187996,0,1
1110,0.11100000000000215,0,1,-0.49383879087989208,-0.055271696238097072,0,0.11122651315394527,-0.49380063057591445,0,1
1110,0.11100000000000215,1,1,0.49383879087989208,0.055271696238097072,0,-0.11122651315394527,0.49380063057591445,0,1
1111,0.11110000000000216,0,1,-0.49382766822857666,-0.055321076301154661,0,0.11132712749996353,-0.49378936956184871,0,1
1111,0.11110000000000216,1,1,0.49382766822857666,0.055321076301154661,0,-0.11132712749996353,0.49378936956184871,0,1
1112,0.11120000000000216,0,1,-0.49381653551582666,-0.055370455238110843,0,0.1114277429563173,-0.49377809810887813,0,1
1112,0.11120000000000216,1,1,0.49381653551582666,0.055370455238110843,0,-0.1114277429563173,0.49377809810887813,0,1
1113,0.11130000000000216,0,1,-0.49380539274153101,-0.055419833047921731,0,0.11152835952401123,-0.49376681621619728,0,1
1113,0.11130000000000216,1,1,0.49380539274153101,0.055419833047921731,0,-0.11152835952401123,0.49376681621619728,0,1
1114,0.11140000000000216,0,1,-0.49379423990557864,-0.055469209729543348,0,0.11162897720404998,-0.49375552388300009,0,1
1114,0.11140000000000216,1,1,0.49379423990557864,0.055469209729543348,0,-0.11162897720404998,0.49375552388300009,0,1
1115,0.11150000000000217,0,1,-0.49378307700785823,-0.055518585281931647,0,0.1117295959974382,-0.4937442211084796,0,1
1115,0.11150000000000217,1,1,0.49378307700785823,0.055518585281931647,0,-0.1117295959974382,0.4937442211084796,0,1
1116,0.11160000000000217,0,1,-0.49377190404825849,-0.055567959704042498,0,0.11183021590518057,-0.49373290789182805,0,1
1116,0.11160000000000217,1,1,0.49377190404825849,0.055567959704042498,0,-0.11183021590518057,0.49373290789182805,0,1
1117,0.11170000000000217,0,1,-0.49376072102666796,-0.055617332994831681,0,0.11193083692828175,-0.493721584232237,0,1
1117,0.11170000000000217,1,1,0.49376072102666796,0.055617332994831681,0,-0.11193083692828175,0.493721584232237,0,1
1118,0.11180000000000218,0,1,-0.49374952794297511,-0.055666705153254906,0,0.11203145906774642,-0.49371025012889719,0,1
1118,0.11180000000000218,1,1,0.49374952794297511,0.055666705153254906,0,-0.11203145906774642,0.49371025012889719,0,1
1119,0.11190000000000218,0,1,-0.49373832479706831,-0.055716076178267793,0,0.11213208232457927,-0.49369890558099855,0,1
1119,0.11190000000000218,1,1,0.49373832479706831,0.055716076178267793,0,-0.11213208232457927,0.49369890558099855,0,1
1120,0.11200000000000218,0,1,-0.49372711158883587,-0.055765446068825893,0,0.112232706699785,-0.49368755058773028,0,1
1120,0.11200000000000218,1,1,0.49372711158883587,0.055765446068825893,0,-0.112232706699785,0.49368755058773028,0,1
1121,0.11210000000000218,0,1,-0.49371588831816587,-0.055814814823884666,0,0.11233333219436829,-0.49367618514828082,0,1
1121,0.11210000000000218,1,1,0.49371588831816587,0.055814814823884666,0,-0.11233333219436829,0.49367618514828082,0,1
1122,0.11220000000000219,0,1,-0.49370465498494642,-0.055864182442399497,0,0.11243395880933388,-0.49366480926183776,0,1
1122,0.11220000000000219,1,1,0.49370465498494642,0.055864182442399497,0,-0.11243395880933388,0.49366480926183776,0,1
1123,0.11230000000000219,0,1,-0.49369341158906549,-0.05591354892332568,0,0.11253458654568645,-0.4936534229275879,0,1
1123,0.11230000000000219,1,1,0.49369341158906549,0.05591354892332568,0,-0.11253458654568645,0.4936534229275879,0,1
1124,0.11240000000000219,0,1,-0.49368215813041094,-0.055962914265618439,0,0.11263521540443072,-0.49364202614471736,0,1
1124,0.11240000000000219,1,1,0.49368215813041094,0.055962914265618439,0,-0.11263521540443072,0.49364202614471736,0,1
1125,0.1125000000000022,0,1,-0.49367089460887048,-0.056012278468232909,0,0.11273584538657143,-0.49363061891241145,0,1
1125,0.1125000000000022,1,1,0.49367089460887048,0.056012278468232909,0,-0.11273584538657143,0.49363061891241145,0,1
1126,0.1126000000000022,0,1,-0.49365962102433181,-0.056061641530124148,0,0.11283647649311331,-0.49361920122985464,0,1
1126,0.1126000000000022,1,1,0.49365962102433181,0.056061641530124148,0,-0.11283647649311331,0.49361920122985464,0,1
1127,0.1127000000000022,0,1,-0.49364833737668251,-0.056111003450247131,0,0.11293710872506109,-0.49360777309623066,0,1
1127,0.1127000000000022,1,1,0.49364833737668251,0.056111003450247131,0,-0.11293710872506109,0.49360777309623066,0,1
1128,0.1128000000000022,0,1,-0.49363704366581002,-0.056160364227556756,0,0.11303774208341952,-0.49359633451072249,0,1
1128,0.1128000000000022,1,1,0.49363704366581002,0.056160364227556756,0,-0.11303774208341952,0.49359633451072249,0,1
1129,0.11290000000000221,0,1,-0.49362573989160169,-0.056209723861007831,0,0.11313837656919334,-0.49358488547251228,0,1
1129,0.11290000000000221,1,1,0.49362573989160169,0.056209723861007831,0,-0.11313837656919334,0.49358488547251228,0,1
1130,0.11300000000000221,0,1,-0.49361442605394479,-0.056259082349555081,0,0.11323901218338732,-0.49357342598078141,0,1
1130,0.11300000000000221,1,1,0.49361442605394479,0.056259082349555081,0,-0.11323901218338732,0.49357342598078141,0,1
1131,0.11310000000000221,0,1,-0.49360310215272646,-0.056308439692153156,0,0.11333964892700621,-0.49356195603471054,0,1
1131,0.11310000000000221,1,1,0.49360310215272646,0.056308439692153156,0,-0.11333964892700621,0.49356195603471054,0,1
1132,0.11320000000000222,0,1,-0.49359176818783373,-0.056357795887756627,0,0.11344028680105479,-0.49355047563347948,0,1
1132,0.11320000000000222,1,1,0.49359176818783373,0.056357795887756627,0,-0.11344028680105479,0.49355047563347948,0,1
1133,0.11330000000000222,0,1,-0.49358042415915365,-0.056407150935319977,0,0.11354092580653784,-0.49353898477626729,0,1
1133,0.11330000000000222,1,1,0.49358042415915365,0.056407150935319977,0,-0.11354092580653784,0.49353898477626729,0,1
1134,0.11340000000000222,0,1,-0.49356907006657302,-0.056456504833797605,0,0.11364156594446012,-0.49352748346225223,0,1
1134,0.11340000000000222,1,1,0.49356907006657302,0.056456504833797605,0,-0.11364156594446012,0.49352748346225223,0,1
1135,0.11350000000000222,0,1,-0.49355770590997855,-0.056505857582143833,0,0.11374220721582644,-0.49351597169061184,0,1
1135,0.11350000000000222,1,1,0.49355770590997855,0.056505857582143833,0,-0.11374220721582644,0.49351597169061184,0,1
1136,0.11360000000000223,0,1,-0.49354633168925699,-0.056555209179312893,0,0.1138428496216416,-0.4935044494605228,0,1
1136,0.11360000000000223,1,1,0.49354633168925699,0.056555209179312893,0,-0.1138428496216416,0.4935044494605228,0,1
1137,0.11370000000000223,0,1,-0.49353494740429482,-0.056604559624258942,0,0.11394349316291037,-0.49349291677116103,0,1
1137,0.11370000000000223,1,1,0.49353494740429482,0.056604559624258942,0,-0.11394349316291037,0.49349291677116103,0,1
1138,0.11380000000000223,0,1,-0.49352355305497853,-0.056653908915936059,0,0.11404413784063759,-0.49348137362170175,0,1
1138,0.11380000000000223,1,1,0.49352355305497853,0.056653908915936059,0,-0.11404413784063759,0.49348137362170175,0,1
1139,0.11390000000000224,0,1,-0.49351214864119447,-0.056703257053298227,0,0.11414478365582807,-0.49346982001131928,0,1
1139,0.11390000000000224,1,1,0.49351214864119447,0.056703257053298227,0,-0.11414478365582807,0.49346982001131928,0,1
1140,0.11400000000000224,0,1,-0.49350073416282891,-0.056752604035299359,0,0.11424543060948662,-0.49345825593918724,0,1
1140,0.11400000000000224,1,1,0.49350073416282891,0.056752604035299359,0,-0.11424543060948662,0.49345825593918724,0,1
1141,0.11410000000000224,0,1,-0.49348930961976795,-0.056801949860893278,0,0.11434607870261808,-0.49344668140447839,0,1
1141,0.11410000000000224,1,1,0.49348930961976795,0.056801949860893278,0,-0.11434607870261808,0.49344668140447839,0,1
1142,0.11420000000000224,0,1,-0.49347787501189766,-0.056851294529033723,0,0.11444672793622727,-0.49343509640636485,0,1
1142,0.11420000000000224,1,1,0.49347787501189766,0.056851294529033723,0,-0.11444672793622727,0.49343509640636485,0,1
1143,0.11430000000000225,0,1,-0.49346643033910403,-0.056900638038674359,0,0.11454737831131905,-0.49342350094401782,0,1
1143,0.11430000000000225,1,1,0.49346643033910403,0.056900638038674359,0,-0.11454737831131905,0.49342350094401782,0,1
1144,0.11440000000000225,0,1,-0.49345497560127288,-0.056949980388768758,0,0.11464802982889824,-0.49341189501660776,0,1
1144,0.11440000000000225,1,1,0.49345497560127288,0.056949980388768758,0,-0.11464802982889824,0.49341189501660776,0,1
1145,0.11450000000000225,0,1,-0.49344351079829002,-0.056999321578270416,0,0.11474868248996971,-0.49340027862330438,0,1
1145,0.11450000000000225,1,1,0.49344351079829002,0.056999321578270416,0,-0.11474868248996971,0.49340027862330438,0,1
1146,0.11460000000000226,0,1,-0.49343203593004104,-0.057048661606132749,0,0.11484933629553831,-0.49338865176327656,0,1
1146,0.11460000000000226,1,1,0.49343203593004104,0.057048661606132749,0,-0.11484933629553831,0.49338865176327656,0,1
1147,0.11470000000000226,0,1,-0.49342055099641147,-0.057098000471309078,0,0.11494999124660892,-0.49337701443569248,0,1
1147,0.11470000000000226,1,1,0.49342055099641147,0.057098000471309078,0,-0.11494999124660892,0.49337701443569248,0,1
1148,0.11480000000000226,0,1,-0.49340905599728679,-0.057147338172752644,0,0.11505064734418639,-0.49336536663971942,0,1
1148,0.11480000000000226,1,1,0.49340905599728679,0.057147338172752644,0,-0.11505064734418639,0.49336536663971942,0,1
1149,0.11490000000000226,0,1,-0.49339755093255239,-0.057196674709416619,0,0.11515130458927562,-0.49335370837452397,0,1
1149,0.11490000000000226,1,1,0.49339755093255239,0.057196674709416619,0,-0.11515130458927562,0.49335370837452397,0,1
1150,0.11500000000000227,0,1,-0.49338603580209345,-0.057246010080254074,0,0.1152519629828815,-0.49334203963927192,0,1
1150,0.11500000000000227,1,1,0.49338603580209345,0.057246010080254074,0,-0.1152519629828815,0.49334203963927192,0,1
1151,0.11510000000000227,0,1,-0.49337451060579518,-0.057295344284218001,0,0.11535262252600889,-0.49333036043312822,0,1
1151,0.11510000000000227,1,1,0.49337451060579518,0.057295344284218001,0,-0.11535262252600889,0.49333036043312822,0,1
1152,0.11520000000000227,0,1,-0.49336297534354256,-0.057344677320261314,0,0.11545328321966271,-0.49331867075525715,0,1
1152,0.11520000000000227,1,1,0.49336297534354256,0.057344677320261314,0,-0.11545328321966271,0.49331867075525715,0,1
1153,0.11530000000000228,0,1,-0.49335143001522058,-0.057394009187336843,0,0.11555394506484785,-0.49330697060482209,0,1
1153,0.11530000000000228,1,1,0.49335143001522058,0.057394009187336843,0,-0.11555394506484785,0.49330697060482209,0,1
1154,0.11540000000000228,0,1,-0.4933398746207141,-0.057443339884397322,0,0.11565460806256925,-0.49329525998098572,0,1
1154,0.11540000000000228,1,1,0.4933398746207141,0.057443339884397322,0,-0.11565460806256925,0.49329525998098572,0,1
1155,0.11550000000000228,0,1,-0.49332830915990783,-0.057492669410395422,0,0.11575527221383179,-0.49328353888290988,0,1
1155,0.11550000000000228,1,1,0.49332830915990783,0.057492669410395422,0,-0.11575527221383179,0.49328353888290988,0,1
1156,0.11560000000000228,0,1,-0.49331673363268647,-0.05754199776428371,0,0.11585593751964042,-0.49327180730975567,0,1
1156,0.11560000000000228,1,1,0.49331673363268647,0.05754199776428371,0,-0.11585593751964042,0.49327180730975567,0,1
1157,0.11570000000000229,0,1,-0.49330514803893449,-0.057591324945014684,0,0.11595660398100005,-0.49326006526068339,0,1
1157,0.11570000000000229,1,1,0.49330514803893449,0.057591324945014684,0,-0.11595660398100005,0.49326006526068339,0,1
1158,0.11580000000000229,0,1,-0.49329355237853639,-0.057640650951540751,0,0.11605727159891563,-0.49324831273485253,0,1
1158,0.11580000000000229,1,1,0.49329355237853639,0.057640650951540751,0,-0.11605727159891563,0.49324831273485253,0,1
1159,0.11590000000000229,0,1,-0.49328194665137648,-0.057689975782814235,0,0.11615794037439209,-0.49323654973142184,0,1
1159,0.11590000000000229,1,1,0.49328194665137648,0.057689975782814235,0,-0.11615794037439209,0.49323654973142184,0,1
1160,0.1160000000000023,0,1,-0.49327033085733907,-0.057739299437787377,0,0.11625861030843439,-0.4932247762495493,0,1
1160,0.1160000000000023,1,1,0.49327033085733907,0.057739299437787377,0,-0.11625861030843439,0.4932247762495493,0,1
1161,0.1161000000000023,0,1,-0.49325870499630825,-0.057788621915412335,0,0.11635928140204747,-0.49321299228839205,0,1
1161,0.1161000000000023,1,1,0.49325870499630825,0.057788621915412335,0,-0.11635928140204747,0.49321299228839205,0,1
1162,0.1162000000000023,0,1,-0.49324706906816806,-0.057837943214641176,0,0.11645995365623631,-0.49320119784710642,0,1
1162,0.1162000000000023,1,1,0.49324706906816806,0.057837943214641176,0,-0.11645995365623631,0.49320119784710642,0,1
1163,0.1163000000000023,0,1,-0.49323542307280244,-0.057887263334425884,0,0.11656062707200586,-0.49318939292484809,0,1
1163,0.1163000000000023,1,1,0.49323542307280244,0.057887263334425884,0,-0.11656062707200586,0.49318939292484809,0,1
1164,0.11640000000000231,0,1,-0.49322376701009524,-0.057936582273718368,0,0.11666130165036109,-0.49317757752077185,0,1
1164,0.11640000000000231,1,1,0.49322376701009524,0.057936582273718368,0,-0.11666130165036109,0.49317757752077185,0,1
1165,0.11650000000000231,0,1,-0.49321210087993023,-0.057985900031470444,0,0.116761977392307,-0.4931657516340317,0,1
1165,0.11650000000000231,1,1,0.49321210087993023,0.057985900031470444,0,-0.116761977392307,0.4931657516340317,0,1
1166,0.11660000000000231,0,1,-0.493200424682191,-0.058035216606633848,0,0.11686265429884855,-0.49315391526378088,0,1
1166,0.11660000000000231,1,1,0.493200424682191,0.058035216606633848,0,-0.11686265429884855,0.49315391526378088,0,1
1167,0.11670000000000232,0,1,-0.49318873841676109,-0.058084531998160223,0,0.11696333237099077,-0.49314206840917185,0,1
1167,0.11670000000000232,1,1,0.49318873841676109,0.058084531998160223,0,-0.11696333237099077,0.49314206840917185,0,1
1168,0.11680000000000232,0,1,-0.49317704208352398,-0.058133846205001137,0,0.11706401160973863,-0.49313021106935634,0,1
1168,0.11680000000000232,1,1,0.49317704208352398,0.058133846205001137,0,-0.11706401160973863,0.49313021106935634,0,1
1169,0.11690000000000232,0,1,-0.49316533568236298,-0.058183159226108075,0,0.11716469201609714,-0.49311834324348519,0,1
1169,0.11690000000000232,1,1,0.49316533568236298,0.058183159226108075,0,-0.11716469201609714,0.49311834324348519,0,1
1170,0.11700000000000232,0,1,-0.49315361921316136,-0.058232471060432424,0,0.11726537359107131,-0.49310646493070848,0,1
1170,0.11700000000000232,1,1,0.49315361921316136,0.058232471060432424,0,-0.11726537359107131,0.49310646493070848,0,1
1171,0.11710000000000233,0,1,-0.49314189267580227,-0.058281781706925495,0,0.11736605633566617,-0.4930945761301756,0,1
1171,0.11710000000000233,1,1,0.49314189267580227,0.058281781706925495,0,-0.11736605633566617,0.4930945761301756,0,1
1172,0.11720000000000233,0,1,-0.49313015607016869,-0.058331091164538509,0,0.11746674025088674,-0.49308267684103502,0,1
1172,0.11720000000000233,1,1,0.49313015607016869,0.058331091164538509,0,-0.11746674025088674,0.49308267684103502,0,1
1173,0.11730000000000233,0,1,-0.4931184093961436,-0.058380399432222611,0,0.11756742533773804,-0.49307076706243452,0,1
1173,0.11730000000000233,1,1,0.4931184093961436,0.058380399432222611,0,-0.11756742533773804,0.49307076706243452,0,1
1174,0.11740000000000234,0,1,-0.49310665265360981,-0.058429706508928855,0,0.11766811159722511,-0.49305884679352102,0,1
1174,0.11740000000000234,1,1,0.49310665265360981,0.058429706508928855,0,-0.11766811159722511,0.49305884679352102,0,1
1175,0.11750000000000234,0,1,-0.49309488584245009,-0.058479012393608205,0,0.11776879903035299,-0.49304691603344075,0,1
1175,0.11750000000000234,1,1,0.49309488584245009,0.058479012393608205,0,-0.11776879903035299,0.49304691603344075,0,1
1176,0.11760000000000234,0,1,-0.49308310896254703,-0.058528317085211549,0,0.11786948763812674,-0.49303497478133906,0,1
1176,0.11760000000000234,1,1,0.49308310896254703,0.058528317085211549,0,-0.11786948763812674,0.49303497478133906,0,1
1177,0.11770000000000234,0,1,-0.49307132201378323,-0.058577620582689685,0,0.11797017742155141,-0.49302302303636059,0,1
1177,0.11770000000000234,1,1,0.49307132201378323,0.058577620582689685,0,-0.11797017742155141,0.49302302303636059,0,1
1178,0.11780000000000235,0,1,-0.49305952499604105,-0.05862692288499332,0,0.11807086838163207,-0.49301106079764911,0,1
1178,0.11780000000000235,1,1,0.49305952499604105,0.05862692288499332,0,-0.11807086838163207,0.49301106079764911,0,1
1179,0.11790000000000235,0,1,-0.49304771790920288,-0.058676223991073084,0,0.11817156051937378,-0.49299908806434767,0,1
1179,0.11790000000000235,1,1,0.49304771790920288,0.058676223991073084,0,-0.11817156051937378,0.49299908806434767,0,1
1180,0.11800000000000235,0,1,-0.49303590075315096,-0.05872552389987952,0,0.1182722538357816,-0.49298710483559854,0,1
1180,0.11800000000000235,1,1,0.49303590075315096,0.05872552389987952,0,-0.1182722538357816,0.49298710483559854,0,1
1181,0.11810000000000236,0,1,-0.49302407352776739,-0.058774822610363077,0,0.11837294833186064,-0.49297511111054315,0,1
1181,0.11810000000000236,1,1,0.49302407352776739,0.058774822610363077,0,-0.11837294833186064,0.49297511111054315,0,1
1182,0.11820000000000236,0,1,-0.49301223623293422,-0.05882412012147413,0,0.11847364400861596,-0.49296310688832218,0,1
1182,0.11820000000000236,1,1,0.49301223623293422,0.05882412012147413,0,-0.11847364400861596,0.49296310688832218,0,1
1183,0.11830000000000236,0,1,-0.49300038886853337,-0.058873416432162963,0,0.11857434086705267,-0.49295109216807548,0,1
1183,0.11830000000000236,1,1,0.49300038886853337,0.058873416432162963,0,-0.11857434086705267,0.49295109216807548,0,1
1184,0.11840000000000236,0,1,-0.49298853143444665,-0.05892271154137977,0,0.11867503890817585,-0.49293906694894218,0,1
1184,0.11840000000000236,1,1,0.49298853143444665,0.05892271154137977,0,-0.11867503890817585,0.49293906694894218,0,1
1185,0.11850000000000237,0,1,-0.49297666393055584,-0.058972005448074662,0,0.11877573813299062,-0.4929270312300606,0,1
1185,0.11850000000000237,1,1,0.49297666393055584,0.058972005448074662,0,-0.11877573813299062,0.4929270312300606,0,1
1186,0.11860000000000237,0,1,-0.49296478635674251,-0.059021298151197665,0,0.1188764385425021,-0.49291498501056819,0,1
1186,0.11860000000000237,1,1,0.49296478635674251,0.059021298151197665,0,-0.1188764385425021,0.49291498501056819,0,1
1187,0.11870000000000237,0,1,-0.49295289871288828,-0.059070589649698725,0,0.1189771401377154,-0.49290292828960175,0,1
1187,0.11870000000000237,1,1,0.49295289871288828,0.059070589649698725,0,-0.1189771401377154,0.49290292828960175,0,1
1188,0.11880000000000238,0,1,-0.4929410009988745,-0.059119879942527688,0,0.11907784291963565,-0.4928908610662972,0,1
1188,0.11880000000000238,1,1,0.4929410009988745,0.059119879942527688,0,-0.11907784291963565,0.4928908610662972,0,1
1189,0.11890000000000238,0,1,-0.49292909321458256,-0.059169169028634318,0,0.11917854688926796,-0.49287878333978968,0,1
1189,0.11890000000000238,1,1,0.49292909321458256,0.059169169028634318,0,-0.11917854688926796,0.49287878333978968,0,1
1190,0.11900000000000238,0,1,-0.49291717535989366,-0.059218456906968295,0,0.11927925204761748,-0.4928666951092136,0,1
1190,0.11900000000000238,1,1,0.49291717535989366,0.059218456906968295,0,-0.11927925204761748,0.4928666951092136,0,1
1191,0.11910000000000238,0,1,-0.49290524743468889,-0.059267743576479216,0,0.11937995839568936,-0.49285459637370249,0,1
1191,0.11910000000000238,1,1,0.49290524743468889,0.059267743576479216,0,-0.11937995839568936,0.49285459637370249,0,1
1192,0.11920000000000239,0,1,-0.49289330943884929,-0.059317029036116589,0,0.11948066593448874,-0.49284248713238921,0,1
1192,0.11920000000000239,1,1,0.49289330943884929,0.059317029036116589,0,-0.11948066593448874,0.49284248713238921,0,1
1193,0.11930000000000239,0,1,-0.49288136137225586,-0.05936631328482983,0,0.11958137466502076,-0.49283036738440567,0,1
1193,0.11930000000000239,1,1,0.49288136137225586,0.05936631328482983,0,-0.11958137466502076,0.49283036738440567,0,1
1194,0.11940000000000239,0,1,-0.49286940323478934,-0.059415596321568273,0,0.11968208458829062,-0.49281823712888317,0,1
1194,0.11940000000000239,1,1,0.49286940323478934,0.059415596321568273,0,-0.11968208458829062,0.49281823712888317,0,1
1195,0.1195000000000024,0,1,-0.4928574350263305,-0.059464878145281161,0,0.11978279570530345,-0.4928060963649521,0,1
1195,0.1195000000000024,1,1,0.4928574350263305,0.059464878145281161,0,-0.11978279570530345,0.4928060963649521,0,1
1196,0.1196000000000024,0,1,-0.49284545674675995,-0.059514158754917654,0,0.11988350801706445,-0.49279394509174207,0,1
1196,0.1196000000000024,1,1,0.49284545674675995,0.059514158754917654,0,-0.11988350801706445,0.49279394509174207,0,1
1197,0.1197000000000024,0,1,-0.49283346839595826,-0.059563438149426828,0,0.11998422152457879,-0.49278178330838196,0,1
1197,0.1197000000000024,1,1,0.49283346839595826,0.059563438149426828,0,-0.11998422152457879,0.49278178330838196,0,1
1198,0.1198000000000024,0,1,-0.49282146997380583,-0.059612716327757664,0,0.12008493622885165,-0.4927696110139998,0,1
1198,0.1198000000000024,1,1,0.49282146997380583,0.059612716327757664,0,-0.12008493622885165,0.4927696110139998,0,1
1199,0.11990000000000241,0,1,-0.49280946148018295,-0.059661993288859065,0,0.12018565213088823,-0.49275742820772289,0,1
1199,0.11990000000000241,1,1,0.49280946148018295,0.059661993288859065,0,-0.12018565213088823,0.49275742820772289,0,1
1200,0.12000000000000241,0,1,-0.49279744291496985,-0.059711269031679837,0,0.12028636923169374,-0.49274523488867766,0,1
1200,0.12000000000000241,1,1,0.49279744291496985,0.059711269031679837,0,-0.12028636923169374,0.49274523488867766,0,1
1201,0.12010000000000241,0,1,-0.49278541427804667,-0.059760543555168702,0,0.12038708753227337,-0.49273303105598981,0,1
1201,0.12010000000000241,1,1,0.49278541427804667,0.059760543555168702,0,-0.12038708753227337,0.49273303105598981,0,1
1202,0.12020000000000242,0,1,-0.49277337556929346,-0.059809816858274301,0,0.12048780703363232,-0.49272081670878426,0,1
1202,0.12020000000000242,1,1,0.49277337556929346,0.059809816858274301,0,-0.12048780703363232,0.49272081670878426,0,1
1203,0.12030000000000242,0,1,-0.49276132678859008,-0.059859088939945182,0,0.12058852773677584,-0.4927085918461851,0,1
1203,0.12030000000000242,1,1,0.49276132678859008,0.059859088939945182,0,-0.12058852773677584,0.4927085918461851,0,1
1204,0.12040000000000242,0,1,-0.49274926793581642,-0.059908359799129798,0,0.12068924964270912,-0.49269635646731569,0,1
1204,0.12040000000000242,1,1,0.49274926793581642,0.059908359799129798,0,-0.12068924964270912,0.49269635646731569,0,1
1205,0.12050000000000242,0,1,-0.49273719901085217,-0.059957629434776533,0,0.12078997275243741,-0.49268411057129852,0,1
1205,0.12050000000000242,1,1,0.49273719901085217,0.059957629434776533,0,-0.12078997275243741,0.49268411057129852,0,1
1206,0.12060000000000243,0,1,-0.49272512001357693,-0.060006897845833664,0,0.12089069706696594,-0.49267185415725528,0,1
1206,0.12060000000000243,1,1,0.49272512001357693,0.060006897845833664,0,-0.12089069706696594,0.49267185415725528,0,1
1207,0.12070000000000243,0,1,-0.49271303094387026,-0.060056165031249387,0,0.12099142258729995,-0.49265958722430697,0,1
1207,0.12070000000000243,1,1,0.49271303094387026,0.060056165031249387,0,-0.12099142258729995,0.49265958722430697,0,1
1208,0.12080000000000243,0,1,-0.49270093180161151,-0.060105430989971814,0,0.12109214931444469,-0.49264730977157373,0,1
1208,0.12080000000000243,1,1,0.49270093180161151,0.060105430989971814,0,-0.12109214931444469,0.49264730977157373,0,1
1209,0.12090000000000244,0,1,-0.49268882258668006,-0.060154695720948968,0,0.1211928772494054,-0.49263502179817492,0,1
1209,0.12090000000000244,1,1,0.49268882258668006,0.060154695720948968,0,-0.1211928772494054,0.49263502179817492,0,1
1210,0.12100000000000244,0,1,-0.49267670329895513,-0.060203959223128788,0,0.12129360639318737,-0.49262272330322909,0,1
1210,0.12100000000000244,1,1,0.49267670329895513,0.060203959223128788,0,-0.12129360639318737,0.49262272330322909,0,1
1211,0.12110000000000244,0,1,-0.49266457393831581,-0.060253221495459114,0,0.12139433674679584,-0.49261041428585406,0,1
1211,0.12110000000000244,1,1,0.49266457393831581,0.060253221495459114,0,-0.12139433674679584,0.49261041428585406,0,1
1212,0.12120000000000244,0,1,-0.49265243450464113,-0.060302482536887698,0,0.12149506831123609,-0.4925980947451668,0,1
1212,0.12120000000000244,1,1,0.49265243450464113,0.060302482536887698,0,-0.12149506831123609,0.4925980947451668,0,1
1213,0.12130000000000245,0,1,-0.49264028499780999,-0.060351742346362217,0,0.1215958010875134,-0.49258576468028353,0,1
1213,0.12130000000000245,1,1,0.49264028499780999,0.060351742346362217,0,-0.1215958010875134,0.49258576468028353,0,1
1214,0.12140000000000245,0,1,-0.49262812541770123,-0.060401000922830246,0,0.12169653507663307,-0.49257342409031962,0,1
1214,0.12140000000000245,1,1,0.49262812541770123,0.060401000922830246,0,-0.12169653507663307,0.49257342409031962,0,1
1215,0.12150000000000245,0,1,-0.49261595576419359,-0.060450258265239275,0,0.12179727027960037,-0.49256107297438967,0,1
1215,0.12150000000000245,1,1,0.49261595576419359,0.060450258265239275,0,-0.12179727027960037,0.49256107297438967,0,1
1216,0.12160000000000246,0,1,-0.49260377603716565,-0.060499514372536714,0,0.12189800669742061,-0.49254871133160749,0,1
1216,0.12160000000000246,1,1,0.49260377603716565,0.060499514372536714,0,-0.12189800669742061,0.49254871133160749,0,1
1217,0.12170000000000246,0,1,-0.4925915862364959,-0.060548769243669878,0,0.12199874433109908,-0.49253633916108613,0,1
1217,0.12170000000000246,1,1,0.4925915862364959,0.060548769243669878,0,-0.12199874433109908,0.49253633916108613,0,1
1218,0.12180000000000246,0,1,-0.49257938636206278,-0.060598022877585984,0,0.1220994831816411,-0.49252395646193786,0,1
1218,0.12180000000000246,1,1,0.49257938636206278,0.060598022877585984,0,-0.1220994831816411,0.49252395646193786,0,1
1219,0.12190000000000246,0,1,-0.49256717641374459,-0.06064727527323218,0,0.12220022325005198,-0.49251156323327405,0,1
1219,0.12190000000000246,1,1,0.49256717641374459,0.06064727527323218,0,-0.12220022325005198,0.49251156323327405,0,1
1220,0.12200000000000247,0,1,-0.49255495639141961,-0.06069652642955551,0,0.12230096453733703,-0.49249915947420542,0,1
1220,0.12200000000000247,1,1,0.49255495639141961,0.06069652642955551,0,-0.12230096453733703,0.49249915947420542,0,1
1221,0.12210000000000247,0,1,-0.49254272629496587,-0.060745776345502933,0,0.12240170704450161,-0.49248674518384178,0,1
1221,0.12210000000000247,1,1,0.49254272629496587,0.060745776345502933,0,-0.12240170704450161,0.49248674518384178,0,1
1222,0.12220000000000247,0,1,-0.49253048612426142,-0.06079502502002132,0,0.12250245077255102,-0.49247432036129218,0,1
1222,0.12220000000000247,1,1,0.49253048612426142,0.06079502502002132,0,-0.12250245077255102,0.49247432036129218,0,1
1223,0.12230000000000248,0,1,-0.4925182358791842,-0.060844272452057452,0,0.12260319572249062,-0.49246188500566496,0,1
1223,0.12230000000000248,1,1,0.4925182358791842,0.060844272452057452,0,-0.12260319572249062,0.49246188500566496,0,1
1224,0.12240000000000248,0,1,-0.49250597555961195,-0.060893518640558017,0,0.12270394189532575,-0.49244943911606753,0,1
1224,0.12240000000000248,1,1,0.49250597555961195,0.060893518640558017,0,-0.12270394189532575,0.49244943911606753,0,1
1225,0.12250000000000248,0,1,-0.4924937051654224,-0.060942763584469622,0,0.12280468929206176,-0.49243698269160657,0,1
1225,0.12250000000000248,1,1,0.4924937051654224,0.060942763584469622,0,-0.12280468929206176,0.49243698269160657,0,1
1226,0.12260000000000248,0,1,-0.4924814246964932,-0.060992007282738785,0,0.12290543791370401,-0.49242451573138796,0,1
1226,0.12260000000000248,1,1,0.4924814246964932,0.060992007282738785,0,-0.12290543791370401,0.49242451573138796,0,1
1227,0.12270000000000249,0,1,-0.49246913415270183,-0.061041249734311923,0,0.12300618776125787,-0.49241203823451685,0,1
1227,0.12270000000000249,1,1,0.49246913415270183,0.061041249734311923,0,-0.12300618776125787,0.49241203823451685,0,1
1228,0.12280000000000249,0,1,-0.49245683353392572,-0.061090490938135372,0,0.12310693883572869,-0.49239955020009746,0,1
1228,0.12280000000000249,1,1,0.49245683353392572,0.061090490938135372,0,-0.12310693883572869,0.49239955020009746,0,1
1229,0.12290000000000249,0,1,-0.49244452284004214,-0.061139730893155379,0,0.12320769113812187,-0.49238705162723334,0,1
1229,0.12290000000000249,1,1,0.49244452284004214,0.061139730893155379,0,-0.12320769113812187,0.49238705162723334,0,1
1230,0.1230000000000025,0,1,-0.4924322020709283,-0.061188969598318099,0,0.12330844466944277,-0.49237454251502721,0,1
1230,0.1230000000000025,1,1,0.4924322020709283,0.061188969598318099,0,-0.12330844466944277,0.49237454251502721,0,1
1231,0.1231000000000025,0,1,-0.49241987122646136,-0.061238207052569604,0,0.12340919943069679,-0.49236202286258096,0,1
1231,0.1231000000000025,1,1,0.49241987122646136,0.061238207052569604,0,-0.12340919943069679,0.49236202286258096,0,1
1232,0.1232000000000025,0,1,-0.49240753030651829,-0.061287443254855863,0,0.12350995542288933,-0.49234949266899575,0,1
1232,0.1232000000000025,1,1,0.49240753030651829,0.061287443254855863,0,-0.12350995542288933,0.49234949266899575,0,1
1233,0.1233000000000025,0,1,-0.49239517931097598,-0.061336678204122759,0,0.12361071264702578,-0.49233695193337185,0,1
1233,0.1233000000000025,1,1,0.49239517931097598,0.061336678204122759,0,-0.12361071264702578,0.49233695193337185,0,1
1234,0.12340000000000251,0,1,-0.49238281823971131,-0.061385911899316095,0,0.12371147110411154,-0.49232440065480881,0,1
1234,0.12340000000000251,1,1,0.49238281823971131,0.061385911899316095,0,-0.12371147110411154,0.49232440065480881,0,1
1235,0.12350000000000251,0,1,-0.49237044709260092,-0.061435144339381575,0,0.12381223079515204,-0.49231183883240542,0,1
1235,0.12350000000000251,1,1,0.49237044709260092,0.061435144339381575,0,-0.12381223079515204,0.49231183883240542,0,1
1236,0.12360000000000251,0,1,-0.49235806586952141,-0.061484375523264814,0,0.12391299172115269,-0.49229926646525957,0,1
1236,0.12360000000000251,1,1,0.49235806586952141,0.061484375523264814,0,-0.12391299172115269,0.49229926646525957,0,1
1237,0.12370000000000252,0,1,-0.49234567457034928,-0.061533605449911342,0,0.12401375388311892,-0.49228668355246841,0,1
1237,0.12370000000000252,1,1,0.49234567457034928,0.061533605449911342,0,-0.12401375388311892,0.49228668355246841,0,1
1238,0.12380000000000252,0,1,-0.49233327319496095,-0.061582834118266587,0,0.12411451728205615,-0.49227409009312828,0,1
1238,0.12380000000000252,1,1,0.49233327319496095,0.061582834118266587,0,-0.12411451728205615,0.49227409009312828,0,1
1239,0.12390000000000252,0,1,-0.49232086174323275,-0.061632061527275898,0,0.12421528191896981,-0.49226148608633474,0,1
1239,0.12390000000000252,1,1,0.49232086174323275,0.061632061527275898,0,-0.12421528191896981,0.49226148608633474,0,1
1240,0.12400000000000252,0,1,-0.49230844021504083,-0.06168128767588453,0,0.12431604779486537,-0.49224887153118252,0,1
1240,0.12400000000000252,1,1,0.49230844021504083,0.06168128767588453,0,-0.12431604779486537,0.49224887153118252,0,1
1241,0.12410000000000253,0,1,-0.49229600861026135,-0.061730512563037646,0,0.12441681491074826,-0.49223624642676561,0,1
1241,0.12410000000000253,1,1,0.49229600861026135,0.061730512563037646,0,-0.12441681491074826,0.49223624642676561,0,1
1242,0.12420000000000253,0,1,-0.49228356692877029,-0.061779736187680324,0,0.12451758326762392,-0.49222361077217719,0,1
1242,0.12420000000000253,1,1,0.49228356692877029,0.061779736187680324,0,-0.12451758326762392,0.49222361077217719,0,1
1243,0.12430000000000253,0,1,-0.49227111517044353,-0.061828958548757543,0,0.12461835286649783,-0.49221096456650959,0,1
1243,0.12430000000000253,1,1,0.49227111517044353,0.061828958548757543,0,-0.12461835286649783,0.49221096456650959,0,1
1244,0.12440000000000254,0,1,-0.49225865333515689,-0.061878179645214193,0,0.12471912370837546,-0.49219830780885437,0,1
1244,0.12440000000000254,1,1,0.49225865333515689,0.061878179645214193,0,-0.12471912370837546,0.49219830780885437,0,1
1245,0.12450000000000254,0,1,-0.49224618142278603,-0.061927399475995078,0,0.12481989579426227,-0.49218564049830232,0,1
1245,0.12450000000000254,1,1,0.49224618142278603,0.061927399475995078,0,-0.12481989579426227,0.49218564049830232,0,1
1246,0.12460000000000254,0,1,-0.49223369943320661,-0.061976618040044909,0,0.12492066912516374,-0.49217296263394344,0,1
1246,0.12460000000000254,1,1,0.49223369943320661,0.061976618040044909,0,-0.12492066912516374,0.49217296263394344,0,1
1247,0.12470000000000254,0,1,-0.4922212073662941,-0.062025835336308302,0,0.12502144370208534,-0.49216027421486686,0,1
1247,0.12470000000000254,1,1,0.4922212073662941,0.062025835336308302,0,-0.12502144370208534,0.49216027421486686,0,1
1248,0.12480000000000255,0,1,-0.49220870522192389,-0.062075051363729788,0,0.12512221952603259,-0.49214757524016101,0,1
1248,0.12480000000000255,1,1,0.49220870522192389,0.062075051363729788,0,-0.12512221952603259,0.49214757524016101,0,1
1249,0.12490000000000255,0,1,-0.4921961929999713,-0.062124266121253803,0,0.12522299659801098,-0.49213486570891346,0,1
1249,0.12490000000000255,1,1,0.4921961929999713,0.062124266121253803,0,-0.12522299659801098,0.49213486570891346,0,1
1250,0.12500000000000255,0,1,-0.49218367070031149,-0.062173479607824697,0,0.12532377491902599,-0.49212214562021095,0,1
1250,0.12500000000000255,1,1,0.49218367070031149,0.062173479607824697,0,-0.12532377491902599,0.49212214562021095,0,1
1251,0.12510000000000254,0,1,-0.49217113832281961,-0.062222691822386718,0,0.12542455449008313,-0.49210941497313954,0,1
1251,0.12510000000000254,1,1,0.49217113832281961,0.062222691822386718,0,-0.12542455449008313,0.49210941497313954,0,1
1252,0.12520000000000253,0,1,-0.4921585958673706,-0.062271902763884029,0,0.12552533531218793,-0.49209667376678434,0,1
1252,0.12520000000000253,1,1,0.4921585958673706,0.062271902763884029,0,-0.12552533531218793,0.49209667376678434,0,1
1253,0.12530000000000252,0,1,-0.49214604333383938,-0.062321112431260706,0,0.12562611738634591,-0.49208392200022982,0,1
1253,0.12530000000000252,1,1,0.49214604333383938,0.062321112431260706,0,-0.12562611738634591,0.49208392200022982,0,1
1254,0.12540000000000251,0,1,-0.49213348072210072,-0.06237032082346073,0,0.1257269007135626,-0.49207115967255954,0,1
1254,0.12540000000000251,1,1,0.49213348072210072,0.06237032082346073,0,-0.1257269007135626,0.49207115967255954,0,1
1255,0.1255000000000025,0,1,-0.49212090803202935,-0.062419527939427989,0,0.12582768529484351,-0.49205838678285629,0,1
1255,0.1255000000000025,1,1,0.49212090803202935,0.062419527939427989,0,-0.12582768529484351,0.49205838678285629,0,1
1256,0.12560000000000249,0,1,-0.49210832526349985,-0.062468733778106272,0,0.12592847113119418,-0.49204560333020203,0,1
1256,0.12560000000000249,1,1,0.49210832526349985,0.062468733778106272,0,-0.12592847113119418,0.49204560333020203,0,1
1257,0.12570000000000248,0,1,-0.49209573241638671,-0.062517938338439299,0,0.12602925822362018,-0.49203280931367799,0,1
1257,0.12570000000000248,1,1,0.49209573241638671,0.062517938338439299,0,-0.12602925822362018,0.49203280931367799,0,1
1258,0.12580000000000247,0,1,-0.49208312949056437,-0.062567141619370673,0,0.12613004657312704,-0.49202000473236457,0,1
1258,0.12580000000000247,1,1,0.49208312949056437,0.062567141619370673,0,-0.12613004657312704,0.49202000473236457,0,1
1259,0.12590000000000245,0,1,-0.49207051648590705,-0.062616343619843903,0,0.12623083618072031,-0.4920071895853414,0,1
1259,0.12590000000000245,1,1,0.49207051648590705,0.062616343619843903,0,-0.12623083618072031,0.4920071895853414,0,1
1260,0.12600000000000244,0,1,-0.492057893402289,-0.062665544338802434,0,0.12633162704740555,-0.49199436387168721,0,1
1260,0.12600000000000244,1,1,0.492057893402289,0.062665544338802434,0,-0.12633162704740555,0.49199436387168721,0,1
1261,0.12610000000000243,0,1,-0.49204526023958428,-0.062714743775189596,0,0.12643241917418835,-0.49198152759048008,0,1
1261,0.12610000000000243,1,1,0.49204526023958428,0.062714743775189596,0,-0.12643241917418835,0.49198152759048008,0,1
1262,0.12620000000000242,0,1,-0.49203261699766687,-0.062763941927948638,0,0.12653321256207425,-0.49196868074079714,0,1
1262,0.12620000000000242,1,1,0.49203261699766687,0.062763941927948638,0,-0.12653321256207425,0.49196868074079714,0,1
1263,0.12630000000000241,0,1,-0.49201996367641065,-0.062813138796022724,0,0.12663400721206886,-0.49195582332171484,0,1
1263,0.12630000000000241,1,1,0.49201996367641065,0.062813138796022724,0,-0.12663400721206886,0.49195582332171484,0,1
1264,0.1264000000000024,0,1,-0.49200730027568945,-0.062862334378354895,0,0.12673480312517774,-0.49194295533230875,0,1
1264,0.1264000000000024,1,1,0.49200730027568945,0.062862334378354895,0,-0.12673480312517774,0.49194295533230875,0,1
1265,0.12650000000000239,0,1,-0.49199462679537692,-0.06291152867388812,0,0.12683560030240648,-0.49193007677165368,0,1
1265,0.12650000000000239,1,1,0.49199462679537692,0.06291152867388812,0,-0.12683560030240648,0.49193007677165368,0,1
1266,0.12660000000000238,0,1,-0.49198194323534666,-0.062960721681565288,0,0.1269363987447607,-0.49191718763882358,0,1
1266,0.12660000000000238,1,1,0.49198194323534666,0.062960721681565288,0,-0.1269363987447607,0.49191718763882358,0,1
1267,0.12670000000000237,0,1,-0.49196924959547217,-0.063009913400329173,0,0.12703719845324599,-0.4919042879328917,0,1
1267,0.12670000000000237,1,1,0.49196924959547217,0.063009913400329173,0,-0.12703719845324599,0.4919042879328917,0,1
1268,0.12680000000000236,0,1,-0.49195654587562687,-0.063059103829122456,0,0.12713799942886794,-0.49189137765293045,0,1
1268,0.12680000000000236,1,1,0.49195654587562687,0.063059103829122456,0,-0.12713799942886794,0.49189137765293045,0,1
1269,0.12690000000000234,0,1,-0.49194383207568398,-0.063108292966887747,0,0.12723880167263218,-0.4918784567980114,0,1
1269,0.12690000000000234,1,1,0.49194383207568398,0.063108292966887747,0,-0.12723880167263218,0.4918784567980114,0,1
1270,0.12700000000000233,0,1,-0.49193110819551672,-0.063157480812567543,0,0.12733960518554432,-0.49186552536720535,0,1
1270,0.12700000000000233,1,1,0.49193110819551672,0.063157480812567543,0,-0.12733960518554432,0.49186552536720535,0,1
1271,0.12710000000000232,0,1,-0.49191837423499818,-0.06320666736510426,0,0.12744040996861,-0.49185258335958226,0,1
1271,0.12710000000000232,1,1,0.49191837423499818,0.06320666736510426,0,-0.12744040996861,0.49185258335958226,0,1
1272,0.12720000000000231,0,1,-0.4919056301940013,-0.063255852623440217,0,0.12754121602283483,-0.49183963077421139,0,1
1272,0.12720000000000231,1,1,0.4919056301940013,0.063255852623440217,0,-0.12754121602283483,0.49183963077421139,0,1
1273,0.1273000000000023,0,1,-0.49189287607239901,-0.063305036586517635,0,0.12764202334922448,-0.49182666761016108,0,1
1273,0.1273000000000023,1,1,0.49189287607239901,0.063305036586517635,0,-0.12764202334922448,0.49182666761016108,0,1
1274,0.12740000000000229,0,1,-0.49188011187006409,-0.063354219253278651,0,0.12774283194878455,-0.49181369386649898,0,1
1274,0.12740000000000229,1,1,0.49188011187006409,0.063354219253278651,0,-0.12774283194878455,0.49181369386649898,0,1
1275,0.12750000000000228,0,1,-0.49186733758686918,-0.063403400622665307,0,0.12784364182252073,-0.49180070954229183,0,1
1275,0.12750000000000228,1,1,0.49186733758686918,0.063403400622665307,0,-0.12784364182252073,0.49180070954229183,0,1
1276,0.12760000000000227,0,1,-0.49185455322268695,-0.063452580693619531,0,0.12794445297143864,-0.49178771463660559,0,1
1276,0.12760000000000227,1,1,0.49185455322268695,0.063452580693619531,0,-0.12794445297143864,0.49178771463660559,0,1
1277,0.12770000000000226,0,1,-0.49184175877738978,-0.063501759465083185,0,0.12804526539654396,-0.49177470914850552,0,1
1277,0.12770000000000226,1,1,0.49184175877738978,0.063501759465083185,0,-0.12804526539654396,0.49177470914850552,0,1
1278,0.12780000000000225,0,1,-0.4918289542508501,-0.063550936935998031,0,0.12814607909884235,-0.49176169307705592,0,1
1278,0.12780000000000225,1,1,0.4918289542508501,0.063550936935998031,0,-0.12814607909884235,0.49176169307705592,0,1
1279,0.12790000000000223,0,1,-0.49181613964294024,-0.063600113105305736,0,0.12824689407933948,-0.49174866642132042,0,1
1279,0.12790000000000223,1,1,0.49181613964294024,0.063600113105305736,0,-0.12824689407933948,0.49174866642132042,0,1
1280,0.12800000000000222,0,1,-0.4918033149535323,-0.063649287971947868,0,0.12834771033904102,-0.49173562918036179,0,1
1280,0.12800000000000222,1,1,0.4918033149535323,0.063649287971947868,0,-0.12834771033904102,0.49173562918036179,0,1
1281,0.12810000000000221,0,1,-0.49179048018249838,-0.063698461534865899,0,0.12844852787895267,-0.49172258135324198,0,1
1281,0.12810000000000221,1,1,0.49179048018249838,0.063698461534865899,0,-0.12844852787895267,0.49172258135324198,0,1
1282,0.1282000000000022,0,1,-0.49177763532971047,-0.063747633793001218,0,0.12854934670008011,-0.4917095229390222,0,1
1282,0.1282000000000022,1,1,0.49177763532971047,0.063747633793001218,0,-0.12854934670008011,0.4917095229390222,0,1
1283,0.12830000000000219,0,1,-0.49176478039504046,-0.063796804745295116,0,0.12865016680342903,-0.49169645393676276,0,1
1283,0.12830000000000219,1,1,0.49176478039504046,0.063796804745295116,0,-0.12865016680342903,0.49169645393676276,0,1
1284,0.12840000000000218,0,1,-0.4917519153783601,-0.063845974390688787,0,0.12875098819000513,-0.49168337434552328,0,1
1284,0.12840000000000218,1,1,0.4917519153783601,0.063845974390688787,0,-0.12875098819000513,0.49168337434552328,0,1
1285,0.12850000000000217,0,1,-0.49173904027954113,-0.063895142728123341,0,0.12885181086081413,-0.49167028416436248,0,1
1285,0.12850000000000217,1,1,0.49173904027954113,0.063895142728123341,0,-0.12885181086081413,0.49167028416436248,0,1
1286,0.12860000000000216,0,1,-0.49172615509845502,-0.06394430975653978,0,0.12895263481686173,-0.49165718339233833,0,1
1286,0.12860000000000216,1,1,0.49172615509845502,0.06394430975653978,0,-0.12895263481686173,0.49165718339233833,0,1
1287,0.12870000000000215,0,1,-0.49171325983497333,-0.063993475474879019,0,0.12905346005915366,-0.49164407202850796,0,1
1287,0.12870000000000215,1,1,0.49171325983497333,0.063993475474879019,0,-0.12905346005915366,0.49164407202850796,0,1
1288,0.12880000000000214,0,1,-0.49170035448896743,-0.064042639882081864,0,0.12915428658869563,-0.49163095007192775,0,1
1288,0.12880000000000214,1,1,0.49170035448896743,0.064042639882081864,0,-0.12915428658869563,0.49163095007192775,0,1
1289,0.12890000000000212,0,1,-0.49168743906030854,-0.064091802977089052,0,0.12925511440649337,-0.49161781752165323,0,1
1289,0.12890000000000212,1,1,0.49168743906030854,0.064091802977089052,0,-0.12925511440649337,0.49161781752165323,0,1
1290,0.12900000000000211,0,1,-0.49167451354886788,-0.064140964758841221,0,0.12935594351355262,-0.49160467437673916,0,1
1290,0.12900000000000211,1,1,0.49167451354886788,0.064140964758841221,0,-0.12935594351355262,0.49160467437673916,0,1
1291,0.1291000000000021,0,1,-0.49166157795451654,-0.064190125226278899,0,0.12945677391087909,-0.49159152063623945,0,1
1291,0.1291000000000021,1,1,0.49166157795451654,0.064190125226278899,0,-0.12945677391087909,0.49159152063623945,0,1
1292,0.12920000000000209,0,1,-0.49164863227712546,-0.064239284378342518,0,0.12955760559947857,-0.49157835629920726,0,1
1292,0.12920000000000209,1,1,0.49164863227712546,0.064239284378342518,0,-0.12955760559947857,0.49157835629920726,0,1
1293,0.12930000000000208,0,1,-0.49163567651656553,-0.064288442213972438,0,0.12965843858035678,-0.4915651813646949,0,1
1293,0.12930000000000208,1,1,0.49163567651656553,0.064288442213972438,0,-0.12965843858035678,0.4915651813646949,0,1
1294,0.12940000000000207,0,1,-0.49162271067270752,-0.064337598732108911,0,0.12975927285451949,-0.49155199583175385,0,1
1294,0.12940000000000207,1,1,0.49162271067270752,0.064337598732108911,0,-0.12975927285451949,0.49155199583175385,0,1
1295,0.12950000000000206,0,1,-0.49160973474542208,-0.064386753931692089,0,0.12986010842297246,-0.49153879969943487,0,1
1295,0.12950000000000206,1,1,0.49160973474542208,0.064386753931692089,0,-0.12986010842297246,0.49153879969943487,0,1
1296,0.12960000000000205,0,1,-0.49159674873457976,-0.06443590781166203,0,0.12996094528672147,-0.49152559296678788,0,1
1296,0.12960000000000205,1,1,0.49159674873457976,0.06443590781166203,0,-0.12996094528672147,0.49152559296678788,0,1
1297,0.12970000000000204,0,1,-0.49158375264005111,-0.064485060370958705,0,0.1300617834467723,-0.49151237563286193,0,1
1297,0.12970000000000204,1,1,0.49158375264005111,0.064485060370958705,0,-0.1300617834467723,0.49151237563286193,0,1
1298,0.12980000000000202,0,1,-0.49157074646170645,-0.064534211608521991,0,0.13016262290413069,-0.49149914769670539,0,1
1298,0.12980000000000202,1,1,0.49157074646170645,0.064534211608521991,0,-0.13016262290413069,0.49149914769670539,0,1
1299,0.12990000000000201,0,1,-0.49155773019941607,-0.064583361523291666,0,0.13026346365980246,-0.49148590915736567,0,1
1299,0.12990000000000201,1,1,0.49155773019941607,0.064583361523291666,0,-0.13026346365980246,0.49148590915736567,0,1
1300,0.130000000000002,0,1,-0.4915447038530501,-0.064632510114207398,0,0.13036430571479338,-0.49147266001388951,0,1
1300,0.130000000000002,1,1,0.4915447038530501,0.064632510114207398,0,-0.13036430571479338,0.49147266001388951,0,1
1301,0.13010000000000199,0,1,-0.49153166742247861,-0.064681657380208785,0,0.13046514907010925,-0.49145940026532275,0,1
1301,0.13010000000000199,1,1,0.49153166742247861,0.064681657380208785,0,-0.13046514907010925,0.49145940026532275,0,1
1302,0.13020000000000198,0,1,-0.49151862090757159,-0.064730803320235314,0,0.1305659937267559,-0.49144612991071052,0,1
1302,0.13020000000000198,1,1,0.49151862090757159,0.064730803320235314,0,-0.1305659937267559,0.49144612991071052,0,1
1303,0.13030000000000197,0,1,-0.49150556430819892,-0.064779947933226389,0,0.13066683968573911,-0.49143284894909706,0,1
1303,0.13030000000000197,1,1,0.49150556430819892,0.064779947933226389,0,-0.13066683968573911,0.49143284894909706,0,1
1304,0.13040000000000196,0,1,-0.49149249762423036,-0.064829091218121304,0,0.1307676869480647,-0.49141955737952581,0,1
1304,0.13040000000000196,1,1,0.49149249762423036,0.064829091218121304,0,-0.1307676869480647,0.49141955737952581,0,1
1305,0.13050000000000195,0,1,-0.49147942085553553,-0.064878233173859254,0,0.13086853551473848,-0.49140625520103942,0,1
1305,0.13050000000000195,1,1,0.49147942085553553,0.064878233173859254,0,-0.13086853551473848,0.49140625520103942,0,1
1306,0.13060000000000194,0,1,-0.49146633400198408,-0.064927373799379351,0,0.13096938538676628,-0.49139294241267978,0,1
1306,0.13060000000000194,1,1,0.49146633400198408,0.064927373799379351,0,-0.13096938538676628,0.49139294241267978,0,1
1307,0.13070000000000193,0,1,-0.4914532370634454,-0.064976513093620625,0,0.13107023656515393,-0.49137961901348787,0,1
1307,0.13070000000000193,1,1,0.4914532370634454,0.064976513093620625,0,-0.13107023656515393,0.49137961901348787,0,1
1308,0.13080000000000191,0,1,-0.49144013003978887,-0.06502565105552198,0,0.13117108905090727,-0.49136628500250396,0,1
1308,0.13080000000000191,1,1,0.49144013003978887,0.06502565105552198,0,-0.13117108905090727,0.49136628500250396,0,1
1309,0.1309000000000019,0,1,-0.49142701293088376,-0.065074787684022237,0,0.13127194284503213,-0.49135294037876748,0,1
1309,0.1309000000000019,1,1,0.49142701293088376,0.065074787684022237,0,-0.13127194284503213,0.49135294037876748,0,1
1310,0.13100000000000189,0,1,-0.49141388573659928,-0.06512392297806012,0,0.13137279794853438,-0.49133958514131704,0,1
1310,0.13100000000000189,1,1,0.49141388573659928,0.06512392297806012,0,-0.13137279794853438,0.49133958514131704,0,1
1311,0.13110000000000188,0,1,-0.49140074845680443,-0.065173056936574256,0,0.13147365436241984,-0.4913262192891904,0,1
1311,0.13110000000000188,1,1,0.49140074845680443,0.065173056936574256,0,-0.13147365436241984,0.4913262192891904,0,1
1312,0.13120000000000187,0,1,-0.4913876010913682,-0.065222189558503174,0,0.13157451208769441,-0.49131284282142462,0,1
1312,0.13120000000000187,1,1,0.4913876010913682,0.065222189558503174,0,-0.13157451208769441,0.49131284282142462,0,1
1313,0.13130000000000186,0,1,-0.49137444364015942,-0.065271320842785321,0,0.13167537112536393,-0.49129945573705586,0,1
1313,0.13130000000000186,1,1,0.49137444364015942,0.065271320842785321,0,-0.13167537112536393,0.49129945573705586,0,1
1314,0.13140000000000185,0,1,-0.49136127610304686,-0.065320450788359033,0,0.13177623147643425,-0.49128605803511949,0,1
1314,0.13140000000000185,1,1,0.49136127610304686,0.065320450788359033,0,-0.13177623147643425,0.49128605803511949,0,1
1315,0.13150000000000184,0,1,-0.49134809847989924,-0.065369579394162547,0,0.13187709314191126,-0.49127264971465012,0,1
1315,0.13150000000000184,1,1,0.49134809847989924,0.065369579394162547,0,-0.13187709314191126,0.49127264971465012,0,1
1316,0.13160000000000183,0,1,-0.49133491077058505,-0.065418706659134018,0,0.13197795612280086,-0.49125923077468153,0,1
1316,0.13160000000000183,1,1,0.49133491077058505,0.065418706659134018,0,-0.13197795612280086,0.49125923077468153,0,1
1317,0.13170000000000182,0,1,-0.49132171297497279,-0.065467832582211491,0,0.13207882042010891,-0.4912458012142466,0,1
1317,0.13170000000000182,1,1,0.49132171297497279,0.065467832582211491,0,-0.13207882042010891,0.4912458012142466,0,1
1318,0.1318000000000018,0,1,-0.49130850509293078,-0.065516957162332912,0,0.13217968603484129,-0.49123236103237755,0,1
1318,0.1318000000000018,1,1,0.49130850509293078,0.065516957162332912,0,-0.13217968603484129,0.49123236103237755,0,1
1319,0.13190000000000179,0,1,-0.4912952871243273,-0.065566080398436144,0,0.13228055296800392,-0.49121891022810565,0,1
1319,0.13190000000000179,1,1,0.4912952871243273,0.065566080398436144,0,-0.13228055296800392,0.49121891022810565,0,1
1320,0.13200000000000178,0,1,-0.4912820590690305,-0.065615202289458954,0,0.1323814212206027,-0.49120544880046152,0,1
1320,0.13200000000000178,1,1,0.4912820590690305,0.065615202289458954,0,-0.1323814212206027,0.49120544880046152,0,1
1321,0.13210000000000177,0,1,-0.49126882092690843,-0.065664322834338998,0,0.13248229079364354,-0.49119197674847481,0,1
1321,0.13210000000000177,1,1,0.49126882092690843,0.065664322834338998,0,-0.13248229079364354,0.49119197674847481,0,1
1322,0.13220000000000176,0,1,-0.49125557269782905,-0.065713442032013847,0,0.13258316168813233,-0.49117849407117442,0,1
1322,0.13220000000000176,1,1,0.49125557269782905,0.065713442032013847,0,-0.13258316168813233,0.49117849407117442,0,1
1323,0.13230000000000175,0,1,-0.49124231438166022,-0.065762559881420962,0,0.13268403390507502,-0.49116500076758846,0,1
1323,0.13230000000000175,1,1,0.49124231438166022,0.065762559881420962,0,-0.13268403390507502,0.49116500076758846,0,1
1324,0.13240000000000174,0,1,-0.49122904597826972,-0.065811676381497722,0,0.1327849074454775,-0.49115149683674425,0,1
1324,0.13240000000000174,1,1,0.49122904597826972,0.065811676381497722,0,-0.1327849074454775,0.49115149683674425,0,1
1325,0.13250000000000173,0,1,-0.49121576748752516,-0.065860791531181392,0,0.13288578231034573,-0.49113798227766819,0,1
1325,0.13250000000000173,1,1,0.49121576748752516,0.065860791531181392,0,-0.13288578231034573,0.49113798227766819,0,1
1326,0.13260000000000172,0,1,-0.49120247890929414,-0.065909905329409157,0,0.13298665850068561,-0.49112445708938601,0,1
1326,0.13260000000000172,1,1,0.49120247890929414,0.065909905329409157,0,-0.13298665850068561,0.49112445708938601,0,1
1327,0.13270000000000171,0,1,-0.49118918024344405,-0.065959017775118089,0,0.13308753601750312,-0.4911109212709226,0,1
1327,0.13270000000000171,1,1,0.49118918024344405,0.065959017775118089,0,-0.13308753601750312,0.4911109212709226,0,1
1328,0.13280000000000169,0,1,-0.49117587148984232,-0.066008128867245178,0,0.13318841486180416,-0.49109737482130195,0,1
1328,0.13280000000000169,1,1,0.49117587148984232,0.066008128867245178,0,-0.13318841486180416,0.49109737482130195,0,1
1329,0.13290000000000168,0,1,-0.49116255264835612,-0.066057238604727314,0,0.13328929503459472,-0.49108381773954729,0,1
1329,0.13290000000000168,1,1,0.49116255264835612,0.066057238604727314,0,-0.13328929503459472,0.49108381773954729,0,1
1330,0.13300000000000167,0,1,-0.49114922371885267,-0.066106346986501266,0,0.13339017653688073,-0.49107025002468102,0,1
1330,0.13300000000000167,1,1,0.49114922371885267,0.066106346986501266,0,-0.13339017653688073,0.49107025002468102,0,1
1331,0.13310000000000166,0,1,-0.49113588470119895,-0.066155454011503731,0,0.13349105936966818,-0.49105667167572481,0,1
1331,0.13310000000000166,1,1,0.49113588470119895,0.066155454011503731,0,-0.13349105936966818,0.49105667167572481,0,1
1332,0.13320000000000165,0,1,-0.49112253559526198,-0.06620455967867131,0,0.133591943533963,-0.49104308269169944,0,1
1332,0.13320000000000165,1,1,0.49112253559526198,0.06620455967867131,0,-0.133591943533963,0.49104308269169944,0,1
1333,0.13330000000000164,0,1,-0.49110917640090856,-0.066253663986940478,0,0.1336928290307712,-0.49102948307162486,0,1
1333,0.13330000000000164,1,1,0.49110917640090856,0.066253663986940478,0,-0.1336928290307712,0.49102948307162486,0,1
1334,0.13340000000000163,0,1,-0.49109580711800549,-0.066302766935247642,0,0.13379371586109873,-0.4910158728145203,0,1
1334,0.13340000000000163,1,1,0.49109580711800549,0.066302766935247642,0,-0.13379371586109873,0.4910158728145203,0,1
1335,0.13350000000000162,0,1,-0.49108242774641936,-0.066351868522529098,0,0.13389460402595157,-0.49100225191940411,0,1
1335,0.13350000000000162,1,1,0.49108242774641936,0.066351868522529098,0,-0.13389460402595157,0.49100225191940411,0,1
1336,0.13360000000000161,0,1,-0.49106903828601678,-0.066400968747721043,0,0.13399549352633575,-0.49098862038529378,0,1
1336,0.13360000000000161,1,1,0.49106903828601678,0.066400968747721043,0,-0.13399549352633575,0.49098862038529378,0,1
1337,0.1337000000000016,0,1,-0.49105563873666414,-0.066450067609759578,0,0.13409638436325721,-0.49097497821120611,0,1
1337,0.1337000000000016,1,1,0.49105563873666414,0.066450067609759578,0,-0.13409638436325721,0.49097497821120611,0,1
1338,0.13380000000000158,0,1,-0.49104222909822781,-0.066499165107580693,0,0.13419727653772198,-0.49096132539615706,0,1
1338,0.13380000000000158,1,1,0.49104222909822781,0.066499165107580693,0,-0.13419727653772198,0.49096132539615706,0,1
1339,0.13390000000000157,0,1,-0.49102880937057403,-0.06654826124012031,0,0.13429817005073605,-0.49094766193916167,0,1
1339,0.13390000000000157,1,1,0.49102880937057403,0.06654826124012031,0,-0.13429817005073605,0.49094766193916167,0,1
1340,0.13400000000000156,0,1,-0.49101537955356894,-0.066597356006314223,0,0.13439906490330544,-0.49093398783923425,0,1
1340,0.13400000000000156,1,1,0.49101537955356894,0.066597356006314223,0,-0.13439906490330544,0.49093398783923425,0,1
1341,0.13410000000000155,0,1,-0.49100193964707861,-0.066646449405098146,0,0.13449996109643617,-0.49092030309538831,0,1
1341,0.13410000000000155,1,1,0.49100193964707861,0.066646449405098146,0,-0.13449996109643617,0.49092030309538831,0,1
1342,0.13420000000000154,0,1,-0.49098848965096897,-0.066695541435407679,0,0.13460085863113425,-0.49090660770663652,0,1
1342,0.13420000000000154,1,1,0.49098848965096897,0.066695541435407679,0,-0.13460085863113425,0.49090660770663652,0,1
1343,0.13430000000000153,0,1,-0.49097502956510586,-0.066744632096178341,0,0.13470175750840571,-0.49089290167199073,0,1
1343,0.13430000000000153,1,1,0.49097502956510586,0.066744632096178341,0,-0.13470175750840571,0.49089290167199073,0,1
1344,0.13440000000000152,0,1,-0.49096155938935504,-0.066793721386345539,0,0.13480265772925656,-0.49087918499046196,0,1
1344,0.13440000000000152,1,1,0.49096155938935504,0.066793721386345539,0,-0.13480265772925656,0.49087918499046196,0,1
1345,0.13450000000000151,0,1,-0.49094807912358213,-0.066842809304844583,0,0.13490355929469286,-0.49086545766106049,0,1
1345,0.13450000000000151,1,1,0.49094807912358213,0.066842809304844583,0,-0.13490355929469286,0.49086545766106049,0,1
1346,0.1346000000000015,0,1,-0.49093458876765267,-0.066891895850610686,0,0.13500446220572065,-0.49085171968279573,0,1
1346,0.1346000000000015,1,1,0.49093458876765267,0.066891895850610686,0,-0.13500446220572065,0.49085171968279573,0,1
1347,0.13470000000000149,0,1,-0.49092108832143211,-0.066940981022578963,0,0.13510536646334598,-0.49083797105467625,0,1
1347,0.13470000000000149,1,1,0.49092108832143211,0.066940981022578963,0,-0.13510536646334598,0.49083797105467625,0,1
1348,0.13480000000000147,0,1,-0.49090757778478578,-0.066990064819684433,0,0.13520627206857488,-0.49082421177570984,0,1
1348,0.13480000000000147,1,1,0.49090757778478578,0.066990064819684433,0,-0.13520627206857488,0.49082421177570984,0,1
1349,0.13490000000000146,0,1,-0.49089405715757894,-0.067039147240862004,0,0.13530717902241343,-0.49081044184490352,0,1
1349,0.13490000000000146,1,1,0.49089405715757894,0.067039147240862004,0,-0.13530717902241343,0.49081044184490352,0,1
1350,0.13500000000000145,0,1,-0.49088052643967672,-0.0670882282850465,0,0.13540808732586768,-0.49079666126126342,0,1
1350,0.13500000000000145,1,1,0.49088052643967672,0.0670882282850465,0,-0.13540808732586768,0.49079666126126342,0,1
1351,0.13510000000000144,0,1,-0.49086698563094416,-0.06713730795117262,0,0.13550899697994367,-0.49078287002379489,0,1
1351,0.13510000000000144,1,1,0.49086698563094416,0.06713730795117262,0,-0.13550899697994367,0.49078287002379489,0,1
1352,0.13520000000000143,0,1,-0.49085343473124615,-0.067186386238174994,0,0.13560990798564751,-0.49076906813150245,0,1
1352,0.13520000000000143,1,1,0.49085343473124615,0.067186386238174994,0,-0.13560990798564751,0.49076906813150245,0,1
1353,0.13530000000000142,0,1,-0.49083987374044757,-0.067235463144988142,0,0.13571082034398527,-0.49075525558338978,0,1
1353,0.13530000000000142,1,1,0.49083987374044757,0.067235463144988142,0,-0.13571082034398527,0.49075525558338978,0,1
1354,0.13540000000000141,0,1,-0.49082630265841315,-0.067284538670546484,0,0.13581173405596303,-0.49074143237845985,0,1
1354,0.13540000000000141,1,1,0.49082630265841315,0.067284538670546484,0,-0.13581173405596303,0.49074143237845985,0,1
1355,0.1355000000000014,0,1,-0.49081272148500754,-0.067333612813784333,0,0.13591264912258688,-0.49072759851571468,0,1
1355,0.1355000000000014,1,1,0.49081272148500754,0.067333612813784333,0,-0.13591264912258688,0.49072759851571468,0,1
1356,0.13560000000000139,0,1,-0.4907991302200953,-0.0673826855736359,0,0.13601356554486294,-0.49071375399415557,0,1
1356,0.13560000000000139,1,1,0.4907991302200953,0.0673826855736359,0,-0.13601356554486294,0.49071375399415557,0,1
1357,0.13570000000000138,0,1,-0.49078552886354082,-0.067431756949035318,0,0.13611448332379725,-0.49069989881278298,0,1
1357,0.13570000000000138,1,1,0.49078552886354082,0.067431756949035318,0,-0.13611448332379725,0.49069989881278298,0,1
1358,0.13580000000000136,0,1,-0.49077191741520843,-0.067480826938916591,0,0.13621540246039596,-0.49068603297059649,0,1
1358,0.13580000000000136,1,1,0.49077191741520843,0.067480826938916591,0,-0.13621540246039596,0.49068603297059649,0,1
1359,0.13590000000000135,0,1,-0.49075829587496239,-0.067529895542213655,0,0.13631632295566515,-0.49067215646659496,0,1
1359,0.13590000000000135,1,1,0.49075829587496239,0.067529895542213655,0,-0.13631632295566515,0.49067215646659496,0,1
1360,0.13600000000000134,0,1,-0.49074466424266683,-0.067578962757860309,0,0.13641724481061096,-0.49065826929977635,0,1
1360,0.13600000000000134,1,1,0.49074466424266683,0.067578962757860309,0,-0.13641724481061096,0.49065826929977635,0,1
1361,0.13610000000000133,0,1,-0.49073102251818579,-0.067628028584790292,0,0.13651816802623951,-0.49064437146913792,0,1
1361,0.13610000000000133,1,1,0.49073102251818579,0.067628028584790292,0,-0.13651816802623951,0.49064437146913792,0,1
1362,0.13620000000000132,0,1,-0.49071737070138316,-0.06767709302193721,0,0.1366190926035569,-0.49063046297367596,0,1
1362,0.13620000000000132,1,1,0.49071737070138316,0.06767709302193721,0,-0.1366190926035569,0.49063046297367596,0,1
1363,0.13630000000000131,0,1,-0.49070370879212283,-0.06772615606823458,0,0.13672001854356927,-0.49061654381238606,0,1
1363,0.13630000000000131,1,1,0.49070370879212283,0.06772615606823458,0,-0.13672001854356927,0.49061654381238606,0,1
1364,0.1364000000000013,0,1,-0.49069003679026846,-0.067775217722615813,0,0.13682094584728277,-0.49060261398426297,0,1
1364,0.1364000000000013,1,1,0.49069003679026846,0.067775217722615813,0,-0.13682094584728277,0.49060261398426297,0,1
1365,0.13650000000000129,0,1,-0.49067635469568371,-0.067824277984014233,0,0.13692187451570351,-0.49058867348830054,0,1
1365,0.13650000000000129,1,1,0.49067635469568371,0.067824277984014233,0,-0.13692187451570351,0.49058867348830054,0,1
1366,0.13660000000000128,0,1,-0.49066266250823215,-0.06787333685136307,0,0.13702280454983765,-0.49057472232349192,0,1
1366,0.13660000000000128,1,1,0.49066266250823215,0.06787333685136307,0,-0.13702280454983765,0.49057472232349192,0,1
1367,0.13670000000000126,0,1,-0.49064896022777715,-0.067922394323595425,0,0.13712373595069133,-0.49056076048882935,0,1
1367,0.13670000000000126,1,1,0.49064896022777715,0.067922394323595425,0,-0.13712373595069133,0.49056076048882935,0,1
1368,0.13680000000000125,0,1,-0.49063524785418211,-0.067971450399644306,0,0.13722466871927072,-0.49054678798330437,0,1
1368,0.13680000000000125,1,1,0.49063524785418211,0.067971450399644306,0,-0.13722466871927072,0.49054678798330437,0,1
1369,0.13690000000000124,0,1,-0.49062152538731019,-0.068020505078442636,0,0.13732560285658199,-0.49053280480590755,0,1
1369,0.13690000000000124,1,1,0.49062152538731019,0.068020505078442636,0,-0.13732560285658199,0.49053280480590755,0,1
1370,0.13700000000000123,0,1,-0.49060779282702455,-0.068069558358923227,0,0.13742653836363128,-0.49051881095562871,0,1
1370,0.13700000000000123,1,1,0.49060779282702455,0.068069558358923227,0,-0.13742653836363128,0.49051881095562871,0,1
1371,0.13710000000000122,0,1,-0.49059405017318819,-0.068118610240018793,0,0.13752747524142478,-0.49050480643145689,0,1
1371,0.13710000000000122,1,1,0.49059405017318819,0.068118610240018793,0,-0.13752747524142478,0.49050480643145689,0,1
1372,0.13720000000000121,0,1,-0.49058029742566406,-0.068167660720661938,0,0.13762841349096863,-0.49049079123238026,0,1
1372,0.13720000000000121,1,1,0.49058029742566406,0.068167660720661938,0,-0.13762841349096863,0.49049079123238026,0,1
1373,0.1373000000000012,0,1,-0.49056653458431498,-0.068216709799785169,0,0.13772935311326906,-0.49047676535738621,0,1
1373,0.1373000000000012,1,1,0.49056653458431498,0.068216709799785169,0,-0.13772935311326906,0.49047676535738621,0,1
1374,0.13740000000000119,0,1,-0.49055276164900363,-0.06826575747632091,0,0.1378302941093322,-0.49046272880546127,0,1
1374,0.13740000000000119,1,1,0.49055276164900363,0.06826575747632091,0,-0.1378302941093322,0.49046272880546127,0,1
1375,0.13750000000000118,0,1,-0.49053897861959272,-0.068314803749201458,0,0.13793123648016428,-0.49044868157559113,0,1
1375,0.13750000000000118,1,1,0.49053897861959272,0.068314803749201458,0,-0.13793123648016428,0.49044868157559113,0,1
1376,0.13760000000000117,0,1,-0.4905251854959447,-0.068363848617359016,0,0.13803218022677149,-0.49043462366676077,0,1
1376,0.13760000000000117,1,1,0.4905251854959447,0.068363848617359016,0,-0.13803218022677149,0.49043462366676077,0,1
1377,0.13770000000000115,0,1,-0.49051138227792201,-0.068412892079725687,0,0.13813312535016004,-0.49042055507795423,0,1
1377,0.13770000000000115,1,1,0.49051138227792201,0.068412892079725687,0,-0.13813312535016004,0.49042055507795423,0,1
1378,0.13780000000000114,0,1,-0.49049756896538699,-0.068461934135233479,0,0.1382340718513361,-0.49040647580815483,0,1
1378,0.13780000000000114,1,1,0.49049756896538699,0.068461934135233479,0,-0.1382340718513361,0.49040647580815483,0,1
1379,0.13790000000000113,0,1,-0.49048374555820184,-0.068510974782814288,0,0.13833501973130591,-0.49039238585634493,0,1
1379,0.13790000000000113,1,1,0.49048374555820184,0.068510974782814288,0,-0.13833501973130591,0.49039238585634493,0,1
1380,0.13800000000000112,0,1,-0.4904699120562287,-0.068560014021399926,0,0.13843596899107566,-0.49037828522150623,0,1
1380,0.13800000000000112,1,1,0.4904699120562287,0.068560014021399926,0,-0.13843596899107566,0.49037828522150623,0,1
1381,0.13810000000000111,0,1,-0.4904560684593296,-0.068609051849922081,0,0.13853691963165157,-0.49036417390261955,0,1
1381,0.13810000000000111,1,1,0.4904560684593296,0.068609051849922081,0,-0.13853691963165157,0.49036417390261955,0,1
1382,0.1382000000000011,0,1,-0.49044221476736644,-0.068658088267312345,0,0.1386378716540399,-0.49035005189866482,0,1
1382,0.1382000000000011,1,1,0.49044221476736644,0.068658088267312345,0,-0.1386378716540399,0.49035005189866482,0,1
1383,0.13830000000000109,0,1,-0.49042835098020104,-0.06870712327250221,0,0.13873882505924684,-0.49033591920862124,0,1
1383,0.13830000000000109,1,1,0.49042835098020104,0.06870712327250221,0,-0.13873882505924684,0.49033591920862124,0,1
1384,0.13840000000000108,0,1,-0.49041447709769515,-0.068756156864423074,0,0.13883977984827864,-0.49032177583146719,0,1
1384,0.13840000000000108,1,1,0.49041447709769515,0.068756156864423074,0,-0.13883977984827864,0.49032177583146719,0,1
1385,0.13850000000000107,0,1,-0.49040059311971029,-0.068805189042006221,0,0.13894073602214155,-0.49030762176618015,0,1
1385,0.13850000000000107,1,1,0.49040059311971029,0.068805189042006221,0,-0.13894073602214155,0.49030762176618015,0,1
1386,0.13860000000000106,0,1,-0.4903866990461081,-0.06885421980418284,0,0.13904169358184182,-0.49029345701173682,0,1
1386,0.13860000000000106,1,1,0.4903866990461081,0.06885421980418284,0,-0.13904169358184182,0.49029345701173682,0,1
1387,0.13870000000000104,0,1,-0.4903727948767499,-0.068903249149884008,0,0.13914265252838567,-0.49027928156711309,0,1
1387,0.13870000000000104,1,1,0.4903727948767499,0.068903249149884008,0,-0.13914265252838567,0.49027928156711309,0,1
1388,0.13880000000000103,0,1,-0.49035888061149707,-0.068952277078040719,0,0.13924361286277939,-0.49026509543128405,0,1
1388,0.13880000000000103,1,1,0.49035888061149707,0.068952277078040719,0,-0.13924361286277939,0.49026509543128405,0,1
1389,0.13890000000000102,0,1,-0.4903449562502108,-0.069001303587583843,0,0.1393445745860292,-0.49025089860322391,0,1
1389,0.13890000000000102,1,1,0.4903449562502108,0.069001303587583843,0,-0.1393445745860292,0.49025089860322391,0,1
1390,0.13900000000000101,0,1,-0.49033102179275218,-0.069050328677444164,0,0.13944553769914139,-0.4902366910819061,0,1
1390,0.13900000000000101,1,1,0.49033102179275218,0.069050328677444164,0,-0.13944553769914139,0.4902366910819061,0,1
1391,0.139100000000001,0,1,-0.49031707723898227,-0.069099352346552359,0,0.13954650220312223,-0.49022247286630322,0,1
1391,0.139100000000001,1,1,0.49031707723898227,0.069099352346552359,0,-0.13954650220312223,0.49022247286630322,0,1
1392,0.13920000000000099,0,1,-0.49030312258876196,-0.06914837459383899,0,0.13964746809897796,-0.49020824395538704,0,1
1392,0.13920000000000099,1,1,0.49030312258876196,0.06914837459383899,0,-0.13964746809897796,0.49020824395538704,0,1
1393,0.13930000000000098,0,1,-0.49028915784195204,-0.069197395418234525,0,0.13974843538771489,-0.49019400434812849,0,1
1393,0.13930000000000098,1,1,0.49028915784195204,0.069197395418234525,0,-0.13974843538771489,0.49019400434812849,0,1
1394,0.13940000000000097,0,1,-0.49027518299841327,-0.069246414818669333,0,0.1398494040703393,-0.49017975404349767,0,1
1394,0.13940000000000097,1,1,0.49027518299841327,0.069246414818669333,0,-0.1398494040703393,0.49017975404349767,0,1
1395,0.13950000000000096,0,1,-0.49026119805800622,-0.069295432794073686,0,0.13995037414785749,-0.49016549304046397,0,1
1395,0.13950000000000096,1,1,0.49026119805800622,0.069295432794073686,0,-0.13995037414785749,0.49016549304046397,0,1
1396,0.13960000000000095,0,1,-0.49024720302059144,-0.069344449343377731,0,0.14005134562127572,-0.49015122133799582,0,1
1396,0.13960000000000095,1,1,0.49024720302059144,0.069344449343377731,0,-0.14005134562127572,0.49015122133799582,0,1
1397,0.13970000000000093,0,1,-0.49023319788602931,-0.069393464465511534,0,0.14015231849160031,-0.49013693893506088,0,1
1397,0.13970000000000093,1,1,0.49023319788602931,0.069393464465511534,0,-0.14015231849160031,0.49013693893506088,0,1
1398,0.13980000000000092,0,1,-0.49021918265418013,-0.069442478159405047,0,0.14025329275983756,-0.49012264583062598,0,1
1398,0.13980000000000092,1,1,0.49021918265418013,0.069442478159405047,0,-0.14025329275983756,0.49012264583062598,0,1
1399,0.13990000000000091,0,1,-0.49020515732490416,-0.069491490423988111,0,0.14035426842699378,-0.49010834202365711,0,1
1399,0.13990000000000091,1,1,0.49020515732490416,0.069491490423988111,0,-0.14035426842699378,0.49010834202365711,0,1
1400,0.1400000000000009,0,1,-0.49019112189806147,-0.069540501258190474,0,0.14045524549407529,-0.49009402751311948,0,1
1400,0.1400000000000009,1,1,0.49019112189806147,0.069540501258190474,0,-0.14045524549407529,0.49009402751311948,0,1
1401,0.14010000000000089,0,1,-0.49017707637351204,-0.069589510660941781,0,0.14055622396208839,-0.49007970229797743,0,1
1401,0.14010000000000089,1,1,0.49017707637351204,0.069589510660941781,0,-0.14055622396208839,0.49007970229797743,0,1
1402,0.14020000000000088,0,1,-0.49016302075111584,-0.069638518631171584,0,0.14065720383203939,-0.4900653663771945,0,1
1402,0.14020000000000088,1,1,0.49016302075111584,0.069638518631171584,0,-0.14065720383203939,0.4900653663771945,0,1
1403,0.14030000000000087,0,1,-0.49014895503073264,-0.069687525167809308,0,0.14075818510493465,-0.49005101974973342,0,1
1403,0.14030000000000087,1,1,0.49014895503073264,0.069687525167809308,0,-0.14075818510493465,0.49005101974973342,0,1
1404,0.14040000000000086,0,1,-0.49013487921222215,-0.069736530269784283,0,0.14085916778178048,-0.49003666241455607,0,1
1404,0.14040000000000086,1,1,0.49013487921222215,0.069736530269784283,0,-0.14085916778178048,0.49003666241455607,0,1
1405,0.14050000000000085,0,1,-0.490120793295444,-0.06978553393602574,0,0.14096015186358321,-0.4900222943706235,0,1
1405,0.14050000000000085,1,1,0.490120793295444,0.06978553393602574,0,-0.14096015186358321,0.4900222943706235,0,1
1406,0.14060000000000084,0,1,-0.49010669728025763,-0.069834536165462799,0,0.1410611373513492,-0.49000791561689594,0,1
1406,0.14060000000000084,1,1,0.49010669728025763,0.069834536165462799,0,-0.1410611373513492,0.49000791561689594,0,1
1407,0.14070000000000082,0,1,-0.49009259116652248,-0.069883536957024484,0,0.14116212424608476,-0.48999352615233283,0,1
1407,0.14070000000000082,1,1,0.49009259116652248,0.069883536957024484,0,-0.14116212424608476,0.48999352615233283,0,1
1408,0.14080000000000081,0,1,-0.4900784749540979,-0.06993253630963972,0,0.14126311254879628,-0.48997912597589277,0,1
1408,0.14080000000000081,1,1,0.4900784749540979,0.06993253630963972,0,-0.14126311254879628,0.48997912597589277,0,1
1409,0.1409000000000008,0,1,-0.49006434864284304,-0.06998153422223731,0,0.14136410226049009,-0.4899647150865335,0,1
1409,0.1409000000000008,1,1,0.49006434864284304,0.06998153422223731,0,-0.14136410226049009,0.4899647150865335,0,1
1410,0.14100000000000079,0,1,-0.49005021223261697,-0.070030530693745957,0,0.14146509338217256,-0.48995029348321195,0,1
1410,0.14100000000000079,1,1,0.49005021223261697,0.070030530693745957,0,-0.14146509338217256,0.48995029348321195,0,1
1411,0.14110000000000078,0,1,-0.49003606572327874,-0.070079525723094283,0,0.14156608591485006,-0.48993586116488425,0,1
1411,0.14110000000000078,1,1,0.49003606572327874,0.070079525723094283,0,-0.14156608591485006,0.48993586116488425,0,1
1412,0.14120000000000077,0,1,-0.49002190911468724,-0.070128519309210768,0,0.14166707985952895,-0.48992141813050566,0,1
1412,0.14120000000000077,1,1,0.49002190911468724,0.070128519309210768,0,-0.14166707985952895,0.48992141813050566,0,1
1413,0.14130000000000076,0,1,-0.49000774240670131,-0.070177511451023813,0,0.1417680752172156,-0.48990696437903064,0,1
1413,0.14130000000000076,1,1,0.49000774240670131,0.070177511451023813,0,-0.1417680752172156,0.48990696437903064,0,1
1414,0.14140000000000075,0,1,-0.48999356559917956,-0.07022650214746172,0,0.14186907198891638,-0.4898924999094128,0,1
1414,0.14140000000000075,1,1,0.48999356559917956,0.07022650214746172,0,-0.14186907198891638,0.4898924999094128,0,1
1415,0.14150000000000074,0,1,-0.48997937869198066,-0.070275491397452663,0,0.14197007017563767,-0.48987802472060499,0,1
1415,0.14150000000000074,1,1,0.48997937869198066,0.070275491397452663,0,-0.14197007017563767,0.48987802472060499,0,1
1416,0.14160000000000073,0,1,-0.48996518168496311,-0.070324479199924725,0,0.14207106977838588,-0.48986353881155914,0,1
1416,0.14160000000000073,1,1,0.48996518168496311,0.070324479199924725,0,-0.14207106977838588,0.48986353881155914,0,1
1417,0.14170000000000071,0,1,-0.48995097457798525,-0.070373465553805886,0,0.1421720707981674,-0.48984904218122644,0,1
1417,0.14170000000000071,1,1,0.48995097457798525,0.070373465553805886,0,-0.1421720707981674,0.48984904218122644,0,1
1418,0.1418000000000007,0,1,-0.48993675737090542,-0.070422450458024005,0,0.14227307323598862,-0.48983453482855716,0,1
1418,0.1418000000000007,1,1,0.48993675737090542,0.070422450458024005,0,-0.14227307323598862,0.48983453482855716,0,1
1419,0.14190000000000069,0,1,-0.48992253006358183,-0.070471433911506856,0,0.14237407709285593,-0.48982001675250081,0,1
1419,0.14190000000000069,1,1,0.48992253006358183,0.070471433911506856,0,-0.14237407709285593,0.48982001675250081,0,1
1420,0.14200000000000068,0,1,-0.48990829265587255,-0.070520415913182102,0,0.14247508236977574,-0.48980548795200607,0,1
1420,0.14200000000000068,1,1,0.48990829265587255,0.070520415913182102,0,-0.14247508236977574,0.48980548795200607,0,1
1421,0.14210000000000067,0,1,-0.48989404514763557,-0.070569396461977296,0,0.14257608906775446,-0.48979094842602078,0,1
1421,0.14210000000000067,1,1,0.48989404514763557,0.070569396461977296,0,-0.14257608906775446,0.48979094842602078,0,1
1422,0.14220000000000066,0,1,-0.48987978753872879,-0.070618375556819893,0,0.1426770971877985,-0.48977639817349194,0,1
1422,0.14220000000000066,1,1,0.48987978753872879,0.070618375556819893,0,-0.1426770971877985,0.48977639817349194,0,1
1423,0.14230000000000065,0,1,-0.48986551982901,-0.070667353196637236,0,0.14277810673091429,-0.48976183719336575,0,1
1423,0.14230000000000065,1,1,0.48986551982901,0.070667353196637236,0,-0.14277810673091429,0.48976183719336575,0,1
1424,0.14240000000000064,0,1,-0.48985124201833691,-0.070716329380356574,0,0.14287911769810824,-0.48974726548458752,0,1
1424,0.14240000000000064,1,1,0.48985124201833691,0.070716329380356574,0,-0.14287911769810824,0.48974726548458752,0,1
1425,0.14250000000000063,0,1,-0.48983695410656708,-0.070765304106905028,0,0.14298013009038679,-0.48973268304610185,0,1
1425,0.14250000000000063,1,1,0.48983695410656708,0.070765304106905028,0,-0.14298013009038679,0.48973268304610185,0,1
1426,0.14260000000000062,0,1,-0.48982265609355802,-0.070814277375209636,0,0.14308114390875637,-0.48971808987685239,0,1
1426,0.14260000000000062,1,1,0.48982265609355802,0.070814277375209636,0,-0.14308114390875637,0.48971808987685239,0,1
1427,0.1427000000000006,0,1,-0.48980834797916717,-0.070863249184197327,0,0.14318215915422342,-0.489703485975782,0,1
1427,0.1427000000000006,1,1,0.48980834797916717,0.070863249184197327,0,-0.14318215915422342,0.489703485975782,0,1
1428,0.14280000000000059,0,1,-0.48979402976325176,-0.070912219532794904,0,0.14328317582779437,-0.4896888713418327,0,1
1428,0.14280000000000059,1,1,0.48979402976325176,0.070912219532794904,0,-0.14328317582779437,0.4896888713418327,0,1
1429,0.14290000000000058,0,1,-0.48977970144566896,-0.070961188419929086,0,0.14338419393047566,-0.48967424597394577,0,1
1429,0.14290000000000058,1,1,0.48977970144566896,0.070961188419929086,0,-0.14338419393047566,0.48967424597394577,0,1
1430,0.14300000000000057,0,1,-0.48976536302627593,-0.071010155844526482,0,0.14348521346327375,-0.4896596098710615,0,1
1430,0.14300000000000057,1,1,0.48976536302627593,0.071010155844526482,0,-0.14348521346327375,0.4896596098710615,0,1
1431,0.14310000000000056,0,1,-0.48975101450492958,-0.071059121805513589,0,0.14358623442719512,-0.48964496303211946,0,1
1431,0.14310000000000056,1,1,0.48975101450492958,0.071059121805513589,0,-0.14358623442719512,0.48964496303211946,0,1
1432,0.14320000000000055,0,1,-0.48973665588148685,-0.071108086301816795,0,0.14368725682324618,-0.4896303054560584,0,1
1432,0.14320000000000055,1,1,0.48973665588148685,0.071108086301816795,0,-0.14368725682324618,0.4896303054560584,0,1
1433,0.14330000000000054,0,1,-0.48972228715580451,-0.071157049332362401,0,0.14378828065243343,-0.48961563714181622,0,1
1433,0.14330000000000054,1,1,0.48972228715580451,0.071157049332362401,0,-0.14378828065243343,0.48961563714181622,0,1
1434,0.14340000000000053,0,1,-0.48970790832773925,-0.071206010896076588,0,0.14388930591576332,-0.48960095808832993,0,1
1434,0.14340000000000053,1,1,0.48970790832773925,0.071206010896076588,0,-0.14388930591576332,0.48960095808832993,0,1
1435,0.14350000000000052,0,1,-0.48969351939714767,-0.071254970991885422,0,0.14399033261424232,-0.48958626829453578,0,1
1435,0.14350000000000052,1,1,0.48969351939714767,0.071254970991885422,0,-0.14399033261424232,0.48958626829453578,0,1
1436,0.14360000000000051,0,1,-0.48967912036388622,-0.071303929618714873,0,0.14409136074887693,-0.48957156775936916,0,1
1436,0.14360000000000051,1,1,0.48967912036388622,0.071303929618714873,0,-0.14409136074887693,0.48957156775936916,0,1
1437,0.14370000000000049,0,1,-0.48966471122781136,-0.071352886775490815,0,0.1441923903206736,-0.48955685648176467,0,1
1437,0.14370000000000049,1,1,0.48966471122781136,0.071352886775490815,0,-0.1441923903206736,0.48955685648176467,0,1
1438,0.14380000000000048,0,1,-0.4896502919887793,-0.071401842461138995,0,0.14429342133063883,-0.48954213446065603,0,1
1438,0.14380000000000048,1,1,0.4896502919887793,0.071401842461138995,0,-0.14429342133063883,0.48954213446065603,0,1
1439,0.14390000000000047,0,1,-0.48963586264664621,-0.071450796674585065,0,0.14439445377977911,-0.48952740169497611,0,1
1439,0.14390000000000047,1,1,0.48963586264664621,0.071450796674585065,0,-0.14439445377977911,0.48952740169497611,0,1
1440,0.14400000000000046,0,1,-0.48962142320126822,-0.071499749414754565,0,0.14449548766910092,-0.48951265818365697,0,1
1440,0.14400000000000046,1,1,0.48962142320126822,0.071499749414754565,0,-0.14449548766910092,0.48951265818365697,0,1
1441,0.14410000000000045,0,1,-0.48960697365250133,-0.071548700680572924,0,0.14459652299961079,-0.48949790392562992,0,1
1441,0.14410000000000045,1,1,0.48960697365250133,0.071548700680572924,0,-0.14459652299961079,0.48949790392562992,0,1
1442,0.14420000000000044,0,1,-0.48959251400020137,-0.071597650470965488,0,0.14469755977231519,-0.48948313891982531,0,1
1442,0.14420000000000044,1,1,0.48959251400020137,0.071597650470965488,0,-0.14469755977231519,0.48948313891982531,0,1
1443,0.14430000000000043,0,1,-0.48957804424422413,-0.071646598784857476,0,0.14479859798822065,-0.48946836316517273,0,1
1443,0.14430000000000043,1,1,0.48957804424422413,0.071646598784857476,0,-0.14479859798822065,0.48946836316517273,0,1
1444,0.14440000000000042,0,1,-0.48956356438442533,-0.071695545621174001,0,0.14489963764833366,-0.48945357666060091,0,1
1444,0.14440000000000042,1,1,0.48956356438442533,0.071695545621174001,0,-0.14489963764833366,0.48945357666060091,0,1
1445,0.14450000000000041,0,1,-0.48954907442066048,-0.071744490978840059,0,0.14500067875366074,-0.48943877940503777,0,1
1445,0.14450000000000041,1,1,0.48954907442066048,0.071744490978840059,0,-0.14500067875366074,0.48943877940503777,0,1
1446,0.14460000000000039,0,1,-0.48953457435278513,-0.071793434856780566,0,0.14510172130520843,-0.4894239713974104,0,1
1446,0.14460000000000039,1,1,0.48953457435278513,0.071793434856780566,0,-0.14510172130520843,0.4894239713974104,0,1
1447,0.14470000000000038,0,1,-0.48952006418065463,-0.071842377253920314,0,0.14520276530398324,-0.48940915263664503,0,1
1447,0.14470000000000038,1,1,0.48952006418065463,0.071842377253920314,0,-0.14520276530398324,0.48940915263664503,0,1
1448,0.14480000000000037,0,1,-0.48950554390412426,-0.071891318169183982,0,0.14530381075099169,-0.48939432312166709,0,1
1448,0.14480000000000037,1,1,0.48950554390412426,0.071891318169183982,0,-0.14530381075099169,0.48939432312166709,0,1
1449,0.14490000000000036,0,1,-0.48949101352304919,-0.071940257601496152,0,0.14540485764724032,-0.48937948285140115,0,1
1449,0.14490000000000036,1,1,0.48949101352304919,0.071940257601496152,0,-0.14540485764724032,0.48937948285140115,0,1
1450,0.14500000000000035,0,1,-0.48947647303728448,-0.071989195549781296,0,0.14550590599373567,-0.48936463182477091,0,1
1450,0.14500000000000035,1,1,0.48947647303728448,0.071989195549781296,0,-0.14550590599373567,0.48936463182477091,0,1
1451,0.14510000000000034,0,1,-0.48946192244668513,-0.072038132012963774,0,0.14560695579148428,-0.48934977004069935,0,1
1451,0.14510000000000034,1,1,0.48946192244668513,0.072038132012963774,0,-0.14560695579148428,0.48934977004069935,0,1
1452,0.14520000000000033,0,1,-0.48944736175110598,-0.072087066989967849,0,0.14570800704149267,-0.48933489749810849,0,1
1452,0.14520000000000033,1,1,0.48944736175110598,0.072087066989967849,0,-0.14570800704149267,0.48933489749810849,0,1
1453,0.14530000000000032,0,1,-0.48943279095040182,-0.07213600047971766,0,0.14580905974476741,-0.48932001419591964,0,1
1453,0.14530000000000032,1,1,0.48943279095040182,0.07213600047971766,0,-0.14580905974476741,0.48932001419591964,0,1
1454,0.14540000000000031,0,1,-0.48941821004442732,-0.072184932481137248,0,0.14591011390231506,-0.48930512013305316,0,1
1454,0.14540000000000031,1,1,0.48941821004442732,0.072184932481137248,0,-0.14591011390231506,0.48930512013305316,0,1
1455,0.1455000000000003,0,1,-0.48940361903303709,-0.072233862993150558,0,0.14601116951514218,-0.48929021530842864,0,1
1455,0.1455000000000003,1,1,0.48940361903303709,0.072233862993150558,0,-0.14601116951514218,0.48929021530842864,0,1
1456,0.14560000000000028,0,1,-0.48938901791608558,-0.072282792014681407,0,0.14611222658425529,-0.48927529972096478,0,1
1456,0.14560000000000028,1,1,0.48938901791608558,0.072282792014681407,0,-0.14611222658425529,0.48927529972096478,0,1
1457,0.14570000000000027,0,1,-0.48937440669342713,-0.072331719544653506,0,0.14621328511066101,-0.48926037336957956,0,1
1457,0.14570000000000027,1,1,0.48937440669342713,0.072331719544653506,0,-0.14621328511066101,0.48926037336957956,0,1
1458,0.14580000000000026,0,1,-0.48935978536491609,-0.072380645581990463,0,0.14631434509536587,-0.48924543625319,0,1
1458,0.14580000000000026,1,1,0.48935978536491609,0.072380645581990463,0,-0.14631434509536587,0.48924543625319,0,1
1459,0.14590000000000025,0,1,-0.48934515393040656,-0.07242957012561578,0,0.14641540653937646,-0.48923048837071231,0,1
1459,0.14590000000000025,1,1,0.48934515393040656,0.07242957012561578,0,-0.14641540653937646,0.48923048837071231,0,1
1460,0.14600000000000024,0,1,-0.48933051238975261,-0.072478493174452846,0,0.14651646944369937,-0.48921552972106191,0,1
1460,0.14600000000000024,1,1,0.48933051238975261,0.072478493174452846,0,-0.14651646944369937,0.48921552972106191,0,1
1461,0.14610000000000023,0,1,-0.48931586074280825,-0.072527414727424952,0,0.14661753380934117,-0.4892005603031534,0,1
1461,0.14610000000000023,1,1,0.48931586074280825,0.072527414727424952,0,-0.14661753380934117,0.4892005603031534,0,1
1462,0.14620000000000022,0,1,-0.48930119898942731,-0.072576334783455265,0,0.14671859963730846,-0.48918558011590046,0,1
1462,0.14620000000000022,1,1,0.48930119898942731,0.072576334783455265,0,-0.14671859963730846,0.48918558011590046,0,1
1463,0.14630000000000021,0,1,-0.48928652712946358,-0.072625253341466856,0,0.14681966692860782,-0.48917058915821604,0,1
1463,0.14630000000000021,1,1,0.48928652712946358,0.072625253341466856,0,-0.14681966692860782,0.48917058915821604,0,1
1464,0.1464000000000002,0,1,-0.48927184516277072,-0.072674170400382682,0,0.14692073568424582,-0.48915558742901211,0,1
1464,0.1464000000000002,1,1,0.48927184516277072,0.072674170400382682,0,-0.14692073568424582,0.48915558742901211,0,1
1465,0.14650000000000019,0,1,-0.48925715308920231,-0.072723085959125577,0,0.14702180590522909,-0.48914057492719998,0,1
1465,0.14650000000000019,1,1,0.48925715308920231,0.072723085959125577,0,-0.14702180590522909,0.48914057492719998,0,1
1466,0.14660000000000017,0,1,-0.48924245090861179,-0.072772000016618293,0,0.14712287759256421,-0.48912555165168997,0,1
1466,0.14660000000000017,1,1,0.48924245090861179,0.072772000016618293,0,-0.14712287759256421,0.48912555165168997,0,1
1467,0.14670000000000016,0,1,-0.48922773862085256,-0.072820912571783469,0,0.1472239507472578,-0.48911051760139163,0,1
1467,0.14670000000000016,1,1,0.48922773862085256,0.072820912571783469,0,-0.1472239507472578,0.48911051760139163,0,1
1468,0.14680000000000015,0,1,-0.48921301622577784,-0.072869823623543606,0,0.14732502537031647,-0.4890954727752137,0,1
1468,0.14680000000000015,1,1,0.48921301622577784,0.072869823623543606,0,-0.14732502537031647,0.4890954727752137,0,1
1469,0.14690000000000014,0,1,-0.48919828372324081,-0.072918733170821121,0,0.14742610146274682,-0.48908041717206402,0,1
1469,0.14690000000000014,1,1,0.48919828372324081,0.072918733170821121,0,-0.14742610146274682,0.48908041717206402,0,1
1470,0.14700000000000013,0,1,-0.48918354111309453,-0.072967641212538334,0,0.14752717902555548,-0.48906535079084962,0,1
1470,0.14700000000000013,1,1,0.48918354111309453,0.072967641212538334,0,-0.14752717902555548,0.48906535079084962,0,1
1471,0.14710000000000012,0,1,-0.48916878839519196,-0.073016547747617414,0,0.14762825805974908,-0.48905027363047671,0,1
1471,0.14710000000000012,1,1,0.48916878839519196,0.073016547747617414,0,-0.14762825805974908,0.48905027363047671,0,1
1472,0.14720000000000011,0,1,-0.48915402556938598,-0.073065452774980458,0,0.14772933856633425,-0.48903518568985066,0,1
1472,0.14720000000000011,1,1,0.48915402556938598,0.073065452774980458,0,-0.14772933856633425,0.48903518568985066,0,1
1473,0.1473000000000001,0,1,-0.48913925263552932,-0.07311435629354944,0,0.14783042054631759,-0.48902008696787597,0,1
1473,0.1473000000000001,1,1,0.48913925263552932,0.07311435629354944,0,-0.14783042054631759,0.48902008696787597,0,1
1474,0.14740000000000009,0,1,-0.48912446959347466,-0.073163258302246223,0,0.14793150400070576,-0.48900497746345634,0,1
1474,0.14740000000000009,1,1,0.48912446959347466,0.073163258302246223,0,-0.14793150400070576,0.48900497746345634,0,1
1475,0.14750000000000008,0,1,-0.48910967644307457,-0.073212158799992572,0,0.14803258893050539,-0.48898985717549459,0,1
1475,0.14750000000000008,1,1,0.48910967644307457,0.073212158799992572,0,-0.14803258893050539,0.48898985717549459,0,1
1476,0.14760000000000006,0,1,-0.48909487318418154,-0.073261057785710126,0,0.14813367533672311,-0.48897472610289272,0,1
1476,0.14760000000000006,1,1,0.48909487318418154,0.073261057785710126,0,-0.14813367533672311,0.48897472610289272,0,1
1477,0.14770000000000005,0,1,-0.48908005981664787,-0.073309955258320417,0,0.14823476322036558,-0.48895958424455194,0,1
1477,0.14770000000000005,1,1,0.48908005981664787,0.073309955258320417,0,-0.14823476322036558,0.48895958424455194,0,1
1478,0.14780000000000004,0,1,-0.48906523634032584,-0.073358851216744875,0,0.14833585258243945,-0.48894443159937251,0,1
1478,0.14780000000000004,1,1,0.48906523634032584,0.073358851216744875,0,-0.14833585258243945,0.48894443159937251,0,1
1479,0.14790000000000003,0,1,-0.48905040275506761,-0.073407745659904808,0,0.14843694342395136,-0.48892926816625398,0,1
1479,0.14790000000000003,1,1,0.48905040275506761,0.073407745659904808,0,-0.14843694342395136,0.48892926816625398,0,1
1480,0.14800000000000002,0,1,-0.48903555906072521,-0.07345663858672144,0,0.14853803574590799,-0.48891409394409496,0,1
1480,0.14800000000000002,1,1,0.48903555906072521,0.07345663858672144,0,-0.14853803574590799,0.48891409394409496,0,1
1481,0.14810000000000001,0,1,-0.48902070525715063,-0.073505529996115843,0,0.14863912954931599,-0.48889890893179327,0,1
1481,0.14810000000000001,1,1,0.48902070525715063,0.073505529996115843,0,-0.14863912954931599,0.48889890893179327,0,1
1482,0.1482,0,1,-0.48900584134419572,-0.073554419887009018,0,0.14874022483518201,-0.48888371312824591,0,1
1482,0.1482,1,1,0.48900584134419572,0.073554419887009018,0,-0.14874022483518201,0.48888371312824591,0,1
1483,0.14829999999999999,0,1,-0.48899096732171221,-0.073603308258321842,0,0.14884132160451274,-0.48886850653234898,0,1
1483,0.14829999999999999,1,1,0.48899096732171221,0.073603308258321842,0,-0.14884132160451274,0.48886850653234898,0,1
1484,0.14839999999999998,0,1,-0.48897608318955177,-0.073652195108975083,0,0.14894241985831483,-0.48885328914299775,0,1
1484,0.14839999999999998,1,1,0.48897608318955177,0.073652195108975083,0,-0.14894241985831483,0.48885328914299775,0,1
1485,0.14849999999999997,0,1,-0.48896118894756596,-0.07370108043788938,0,0.14904351959759499,-0.48883806095908666,0,1
1485,0.14849999999999997,1,1,0.48896118894756596,0.07370108043788938,0,-0.14904351959759499,0.48883806095908666,0,1
1486,0.14859999999999995,0,1,-0.48894628459560618,-0.073749964243985291,0,0.14914462082335986,-0.48882282197950938,0,1
1486,0.14859999999999995,1,1,0.48894628459560618,0.073749964243985291,0,-0.14914462082335986,0.48882282197950938,0,1
1487,0.14869999999999994,0,1,-0.48893137013352383,-0.073798846526183237,0,0.14924572353661614,-0.48880757220315862,0,1
1487,0.14869999999999994,1,1,0.48893137013352383,0.073798846526183237,0,-0.14924572353661614,0.48880757220315862,0,1
1488,0.14879999999999993,0,1,-0.4889164455611702,-0.073847727283403553,0,0.14934682773837052,-0.48879231162892633,0,1
1488,0.14879999999999993,1,1,0.4889164455611702,0.073847727283403553,0,-0.14934682773837052,0.48879231162892633,0,1
1489,0.14889999999999992,0,1,-0.48890151087839634,-0.073896606514566449,0,0.1494479334296297,-0.48877704025570357,0,1
1489,0.14889999999999992,1,1,0.48890151087839634,0.073896606514566449,0,-0.1494479334296297,0.48877704025570357,0,1
1490,0.14899999999999991,0,1,-0.48888656608505338,-0.073945484218592025,0,0.14954904061140037,-0.48876175808238059,0,1
1490,0.14899999999999991,1,1,0.48888656608505338,0.073945484218592025,0,-0.14954904061140037,0.48876175808238059,0,1
1491,0.1490999999999999,0,1,-0.48887161118099226,-0.073994360394400258,0,0.14965014928468923,-0.48874646510784681,0,1
1491,0.1490999999999999,1,1,0.48887161118099226,0.073994360394400258,0,-0.14965014928468923,0.48874646510784681,0,1
1492,0.14919999999999989,0,1,-0.48885664616606378,-0.074043235040911037,0,0.14975125945050297,-0.48873116133099076,0,1
1492,0.14919999999999989,1,1,0.48885664616606378,0.074043235040911037,0,-0.14975125945050297,0.48873116133099076,0,1
1493,0.14929999999999988,0,1,-0.48884167104011872,-0.074092108157044131,0,0.14985237110984828,-0.48871584675070018,0,1
1493,0.14929999999999988,1,1,0.48884167104011872,0.074092108157044131,0,-0.14985237110984828,0.48871584675070018,0,1
1494,0.14939999999999987,0,1,-0.48882668580300775,-0.074140979741719196,0,0.1499534842637319,-0.48870052136586195,0,1
1494,0.14939999999999987,1,1,0.48882668580300775,0.074140979741719196,0,-0.1499534842637319,0.48870052136586195,0,1
1495,0.14949999999999986,0,1,-0.48881169045458139,-0.074189849793855789,0,0.15005459891316053,-0.48868518517536214,0,1
1495,0.14949999999999986,1,1,0.48881169045458139,0.074189849793855789,0,-0.15005459891316053,0.48868518517536214,0,1
1496,0.14959999999999984,0,1,-0.48879668499469009,-0.074238718312373331,0,0.15015571505914091,-0.48866983817808585,0,1
1496,0.14959999999999984,1,1,0.48879668499469009,0.074238718312373331,0,-0.15015571505914091,0.48866983817808585,0,1
1497,0.14969999999999983,0,1,-0.48878166942318418,-0.074287585296191144,0,0.15025683270267973,-0.48865448037291748,0,1
1497,0.14969999999999983,1,1,0.48878166942318418,0.074287585296191144,0,-0.15025683270267973,0.48865448037291748,0,1
1498,0.14979999999999982,0,1,-0.48876664373991391,-0.074336450744228441,0,0.15035795184478373,-0.48863911175874053,0,1
1498,0.14979999999999982,1,1,0.48876664373991391,0.074336450744228441,0,-0.15035795184478373,0.48863911175874053,0,1
1499,0.14989999999999981,0,1,-0.48875160794472944,-0.074385314655404322,0,0.15045907248645965,-0.48862373233443768,0,1
1499,0.14989999999999981,1,1,0.48875160794472944,0.074385314655404322,0,-0.15045907248645965,0.48862373233443768,0,1
1500,0.1499999999999998,0,1,-0.48873656203748078,-0.074434177028637763,0,0.1505601946287142,-0.4886083420988907,0,1
1500,0.1499999999999998,1,1,0.48873656203748078,0.074434177028637763,0,-0.1505601946287142,0.4886083420988907,0,1
1501,0.15009999999999979,0,1,-0.48872150601801789,-0.074483037862847656,0,0.15066131827255411,-0.48859294105098061,0,1
1501,0.15009999999999979,1,1,0.48872150601801789,0.074483037862847656,0,-0.15066131827255411,0.48859294105098061,0,1
1502,0.15019999999999978,0,1,-0.48870643988619061,-0.074531897156952756,0,0.15076244341898612,-0.48857752918958752,0,1
1502,0.15019999999999978,1,1,0.48870643988619061,0.074531897156952756,0,-0.15076244341898612,0.48857752918958752,0,1
1503,0.15029999999999977,0,1,-0.48869136364184873,-0.074580754909871719,0,0.15086357006901699,-0.48856210651359072,0,1
1503,0.15029999999999977,1,1,0.48869136364184873,0.074580754909871719,0,-0.15086357006901699,0.48856210651359072,0,1
1504,0.15039999999999976,0,1,-0.48867627728484181,-0.074629611120523076,0,0.15096469822365344,-0.4885466730218686,0,1
1504,0.15039999999999976,1,1,0.48867627728484181,0.074629611120523076,0,-0.15096469822365344,0.4885466730218686,0,1
1505,0.15049999999999975,0,1,-0.48866118081501947,-0.074678465787825263,0,0.15106582788390224,-0.48853122871329885,0,1
1505,0.15049999999999975,1,1,0.48866118081501947,0.074678465787825263,0,-0.15106582788390224,0.48853122871329885,0,1
1506,0.15059999999999973,0,1,-0.48864607423223105,-0.074727318910696588,0,0.15116695905077016,-0.48851577358675813,0,1
1506,0.15059999999999973,1,1,0.48864607423223105,0.074727318910696588,0,-0.15116695905077016,0.48851577358675813,0,1
1507,0.15069999999999972,0,1,-0.48863095753632596,-0.074776170488055266,0,0.1512680917252639,-0.4885003076411224,0,1
1507,0.15069999999999972,1,1,0.48863095753632596,0.074776170488055266,0,-0.1512680917252639,0.4885003076411224,0,1
1508,0.15079999999999971,0,1,-0.48861583072715342,-0.074825020518819382,0,0.15136922590839028,-0.48848483087526673,0,1
1508,0.15079999999999971,1,1,0.48861583072715342,0.074825020518819382,0,-0.15136922590839028,0.48848483087526673,0,1
1509,0.1508999999999997,0,1,-0.48860069380456256,-0.074873869001906915,0,0.15147036160115601,-0.48846934328806529,0,1
1509,0.1508999999999997,1,1,0.48860069380456256,0.074873869001906915,0,-0.15147036160115601,0.48846934328806529,0,1
1510,0.15099999999999969,0,1,-0.48858554676840243,-0.074922715936235715,0,0.15157149880456788,-0.4884538448783915,0,1
1510,0.15099999999999969,1,1,0.48858554676840243,0.074922715936235715,0,-0.15157149880456788,0.4884538448783915,0,1
1511,0.15109999999999968,0,1,-0.48857038961852201,-0.074971561320723551,0,0.15167263751963267,-0.48843833564511785,0,1
1511,0.15109999999999968,1,1,0.48857038961852201,0.074971561320723551,0,-0.15167263751963267,0.48843833564511785,0,1
1512,0.15119999999999967,0,1,-0.48855522235477006,-0.075020405154288067,0,0.15177377774735715,-0.48842281558711603,0,1
1512,0.15119999999999967,1,1,0.48855522235477006,0.075020405154288067,0,-0.15177377774735715,0.48842281558711603,0,1
1513,0.15129999999999966,0,1,-0.48854004497699532,-0.075069247435846781,0,0.15187491948874807,-0.48840728470325689,0,1
1513,0.15129999999999966,1,1,0.48854004497699532,0.075069247435846781,0,-0.15187491948874807,0.48840728470325689,0,1
1514,0.15139999999999965,0,1,-0.48852485748504643,-0.075118088164317101,0,0.15197606274481223,-0.48839174299241045,0,1
1514,0.15139999999999965,1,1,0.48852485748504643,0.075118088164317101,0,-0.15197606274481223,0.48839174299241045,0,1
1515,0.15149999999999963,0,1,-0.48850965987877193,-0.075166927338616338,0,0.15207720751655643,-0.48837619045344577,0,1
1515,0.15149999999999963,1,1,0.48850965987877193,0.075166927338616338,0,-0.15207720751655643,0.48837619045344577,0,1
1516,0.15159999999999962,0,1,-0.48849445215802029,-0.075215764957661677,0,0.15217835380498743,-0.4883606270852312,0,1
1516,0.15159999999999962,1,1,0.48849445215802029,0.075215764957661677,0,-0.15217835380498743,0.4883606270852312,0,1
1517,0.15169999999999961,0,1,-0.48847923432263979,-0.075264601020370206,0,0.15227950161111203,-0.48834505288663416,0,1
1517,0.15169999999999961,1,1,0.48847923432263979,0.075264601020370206,0,-0.15227950161111203,0.48834505288663416,0,1
1518,0.1517999999999996,0,1,-0.48846400637247867,-0.075313435525658876,0,0.15238065093593703,-0.48832946785652126,0,1
1518,0.1517999999999996,1,1,0.48846400637247867,0.075313435525658876,0,-0.15238065093593703,0.48832946785652126,0,1
1519,0.15189999999999959,0,1,-0.48844876830738509,-0.075362268472444524,0,0.15248180178046922,-0.48831387199375825,0,1
1519,0.15189999999999959,1,1,0.48844876830738509,0.075362268472444524,0,-0.15248180178046922,0.48831387199375825,0,1
1520,0.15199999999999958,0,1,-0.48843352012720703,-0.075411099859643893,0,0.15258295414571538,-0.4882982652972101,0,1
1520,0.15199999999999958,1,1,0.48843352012720703,0.075411099859643893,0,-0.15258295414571538,0.4882982652972101,0,1
1521,0.15209999999999957,0,1,-0.48841826183179249,-0.075459929686173613,0,0.15268410803268234,-0.48828264776574076,0,1
1521,0.15209999999999957,1,1,0.48841826183179249,0.075459929686173613,0,-0.15268410803268234,0.48828264776574076,0,1
1522,0.15219999999999956,0,1,-0.4884029934209892,-0.075508757950950189,0,0.15278526344237689,-0.48826701939821349,0,1
1522,0.15219999999999956,1,1,0.4884029934209892,0.075508757950950189,0,-0.15278526344237689,0.48826701939821349,0,1
1523,0.15229999999999955,0,1,-0.48838771489464494,-0.075557584652890017,0,0.15288642037580585,-0.48825138019349068,0,1
1523,0.15229999999999955,1,1,0.48838771489464494,0.075557584652890017,0,-0.15288642037580585,0.48825138019349068,0,1
1524,0.15239999999999954,0,1,-0.48837242625260735,-0.075606409790909365,0,0.15298757883397604,-0.48823573015043381,0,1
1524,0.15239999999999954,1,1,0.48837242625260735,0.075606409790909365,0,-0.15298757883397604,0.48823573015043381,0,1
1525,0.15249999999999952,0,1,-0.48835712749472393,-0.075655233363924407,0,0.15308873881789425,-0.48822006926790357,0,1
1525,0.15249999999999952,1,1,0.48835712749472393,0.075655233363924407,0,-0.15308873881789425,0.48822006926790357,0,1
1526,0.15259999999999951,0,1,-0.48834181862084214,-0.075704055370851203,0,0.15318990032856733,-0.48820439754475975,0,1
1526,0.15259999999999951,1,1,0.48834181862084214,0.075704055370851203,0,-0.15318990032856733,0.48820439754475975,0,1
1527,0.1526999999999995,0,1,-0.48832649963080926,-0.075752875810605677,0,0.15329106336700207,-0.48818871497986133,0,1
1527,0.1526999999999995,1,1,0.48832649963080926,0.075752875810605677,0,-0.15329106336700207,0.48818871497986133,0,1
1528,0.15279999999999949,0,1,-0.48831117052447254,-0.075801694682103668,0,0.15339222793420532,-0.48817302157206638,0,1
1528,0.15279999999999949,1,1,0.48831117052447254,0.075801694682103668,0,-0.15339222793420532,0.48817302157206638,0,1
1529,0.15289999999999948,0,1,-0.48829583130167914,-0.075850511984260877,0,0.15349339403118389,-0.48815731732023221,0,1
1529,0.15289999999999948,1,1,0.48829583130167914,0.075850511984260877,0,-0.15349339403118389,0.48815731732023221,0,1
1530,0.15299999999999947,0,1,-0.48828048196227603,-0.075899327715992906,0,0.15359456165894464,-0.48814160222321523,0,1
1530,0.15299999999999947,1,1,0.48828048196227603,0.075899327715992906,0,-0.15359456165894464,0.48814160222321523,0,1
1531,0.15309999999999946,0,1,-0.48826512250611015,-0.075948141876215222,0,0.15369573081849439,-0.48812587627987103,0,1
1531,0.15309999999999946,1,1,0.48826512250611015,0.075948141876215222,0,-0.15369573081849439,0.48812587627987103,0,1
1532,0.15319999999999945,0,1,-0.4882497529330283,-0.075996954463843205,0,0.15379690151083997,-0.4881101394890543,0,1
1532,0.15319999999999945,1,1,0.4882497529330283,0.075996954463843205,0,-0.15379690151083997,0.4881101394890543,0,1
1533,0.15329999999999944,0,1,-0.48823437324287722,-0.076045765477792113,0,0.15389807373698824,-0.48809439184961895,0,1
1533,0.15329999999999944,1,1,0.48823437324287722,0.076045765477792113,0,-0.15389807373698824,0.48809439184961895,0,1
1534,0.15339999999999943,0,1,-0.48821898343550352,-0.076094574916977076,0,0.15399924749794602,-0.48807863336041796,0,1
1534,0.15339999999999943,1,1,0.48821898343550352,0.076094574916977076,0,-0.15399924749794602,0.48807863336041796,0,1
1535,0.15349999999999941,0,1,-0.48820358351075371,-0.076143382780313115,0,0.15410042279472019,-0.48806286402030352,0,1
1535,0.15349999999999941,1,1,0.48820358351075371,0.076143382780313115,0,-0.15410042279472019,0.48806286402030352,0,1
1536,0.1535999999999994,0,1,-0.48818817346847426,-0.076192189066715141,0,0.15420159962831759,-0.48804708382812689,0,1
1536,0.1535999999999994,1,1,0.48818817346847426,0.076192189066715141,0,-0.15420159962831759,0.48804708382812689,0,1
1537,0.15369999999999939,0,1,-0.48817275330851145,-0.076240993775097951,0,0.15430277799974504,-0.4880312927827386,0,1
1537,0.15369999999999939,1,1,0.48817275330851145,0.076240993775097951,0,-0.15430277799974504,0.4880312927827386,0,1
1538,0.15379999999999938,0,1,-0.48815732303071147,-0.07628979690437622,0,0.15440395791000944,-0.48801549088298823,0,1
1538,0.15379999999999938,1,1,0.48815732303071147,0.07628979690437622,0,-0.15440395791000944,0.48801549088298823,0,1
1539,0.15389999999999937,0,1,-0.48814188263492048,-0.076338598453464523,0,0.15450513936011762,-0.4879996781277246,0,1
1539,0.15389999999999937,1,1,0.48814188263492048,0.076338598453464523,0,-0.15450513936011762,0.4879996781277246,0,1
1540,0.15399999999999936,0,1,-0.48812643212098444,-0.0763873984212773,0,0.15460632235107644,-0.48798385451579557,0,1
1540,0.15399999999999936,1,1,0.48812643212098444,0.0763873984212773,0,-0.15460632235107644,0.48798385451579557,0,1
1541,0.15409999999999935,0,1,-0.48811097148874932,-0.076436196806728876,0,0.15470750688389279,-0.48796802004604817,0,1
1541,0.15409999999999935,1,1,0.48811097148874932,0.076436196806728876,0,-0.15470750688389279,0.48796802004604817,0,1
1542,0.15419999999999934,0,1,-0.48809550073806096,-0.076484993608733481,0,0.15480869295957353,-0.48795217471732866,0,1
1542,0.15419999999999934,1,1,0.48809550073806096,0.076484993608733481,0,-0.15480869295957353,0.48795217471732866,0,1
1543,0.15429999999999933,0,1,-0.48808001986876498,-0.076533788826205221,0,0.15490988057912553,-0.4879363185284824,0,1
1543,0.15429999999999933,1,1,0.48808001986876498,0.076533788826205221,0,-0.15490988057912553,0.4879363185284824,0,1
1544,0.15439999999999932,0,1,-0.48806452888070706,-0.076582582458058074,0,0.15501106974355566,-0.48792045147835389,0,1
1544,0.15439999999999932,1,1,0.48806452888070706,0.076582582458058074,0,-0.15501106974355566,0.48792045147835389,0,1
1545,0.1544999999999993,0,1,-0.48804902777373271,-0.07663137450320591,0,0.1551122604538708,-0.48790457356578676,0,1
1545,0.1544999999999993,1,1,0.48804902777373271,0.07663137450320591,0,-0.1551122604538708,0.48790457356578676,0,1
1546,0.15459999999999929,0,1,-0.48803351654768734,-0.076680164960562486,0,0.15521345271107784,-0.48788868478962377,0,1
1546,0.15459999999999929,1,1,0.48803351654768734,0.076680164960562486,0,-0.15521345271107784,0.48788868478962377,0,1
1547,0.15469999999999928,0,1,-0.48801799520241623,-0.076728953829041449,0,0.15531464651618365,-0.48787278514870691,0,1
1547,0.15469999999999928,1,1,0.48801799520241623,0.076728953829041449,0,-0.15531464651618365,0.48787278514870691,0,1
1548,0.15479999999999927,0,1,-0.48800246373776462,-0.076777741107556322,0,0.15541584187019514,-0.48785687464187727,0,1
1548,0.15479999999999927,1,1,0.48800246373776462,0.076777741107556322,0,-0.15541584187019514,0.48785687464187727,0,1
1549,0.15489999999999926,0,1,-0.48798692215357758,-0.076826526795020514,0,0.15551703877411915,-0.48784095326797505,0,1
1549,0.15489999999999926,1,1,0.48798692215357758,0.076826526795020514,0,-0.15551703877411915,0.48784095326797505,0,1
1550,0.15499999999999925,0,1,-0.48797137044970018,-0.076875310890347312,0,0.15561823722896262,-0.48782502102583969,0,1
1550,0.15499999999999925,1,1,0.48797137044970018,0.076875310890347312,0,-0.15561823722896262,0.48782502102583969,0,1
1551,0.15509999999999924,0,1,-0.48795580862597726,-0.076924093392449891,0,0.15571943723573242,-0.48780907791430966,0,1
1551,0.15509999999999924,1,1,0.48795580862597726,0.076924093392449891,0,-0.15571943723573242,0.48780907791430966,0,1
1552,0.15519999999999923,0,1,-0.48794023668225367,-0.076972874300241328,0,0.15582063879543545,-0.48779312393222268,0,1
1552,0.15519999999999923,1,1,0.48794023668225367,0.076972874300241328,0,-0.15582063879543545,0.48779312393222268,0,1
1553,0.15529999999999922,0,1,-0.48792465461837414,-0.07702165361263455,0,0.15592184190907862,-0.48777715907841557,0,1
1553,0.15529999999999922,1,1,0.48792465461837414,0.07702165361263455,0,-0.15592184190907862,0.48777715907841557,0,1
1554,0.15539999999999921,0,1,-0.48790906243418325,-0.077070431328542396,0,0.15602304657766883,-0.48776118335172425,0,1
1554,0.15539999999999921,1,1,0.48790906243418325,0.077070431328542396,0,-0.15602304657766883,0.48776118335172425,0,1
1555,0.15549999999999919,0,1,-0.4878934601295255,-0.077119207446877572,0,0.15612425280221298,-0.48774519675098388,0,1
1555,0.15549999999999919,1,1,0.4878934601295255,0.077119207446877572,0,-0.15612425280221298,0.48774519675098388,0,1
1556,0.15559999999999918,0,1,-0.4878778477042453,-0.077167981966552668,0,0.15622546058371797,-0.48772919927502867,0,1
1556,0.15559999999999918,1,1,0.4878778477042453,0.077167981966552668,0,-0.15622546058371797,0.48772919927502867,0,1
1557,0.15569999999999917,0,1,-0.48786222515818695,-0.077216754886480166,0,0.15632666992319075,-0.48771319092269205,0,1
1557,0.15569999999999917,1,1,0.48786222515818695,0.077216754886480166,0,-0.15632666992319075,0.48771319092269205,0,1
1558,0.15579999999999916,0,1,-0.48784659249119461,-0.077265526205572435,0,0.15642788082163819,-0.48769717169280657,0,1
1558,0.15579999999999916,1,1,0.48784659249119461,0.077265526205572435,0,-0.15642788082163819,0.48769717169280657,0,1
1559,0.15589999999999915,0,1,-0.48783094970311247,-0.077314295922741721,0,0.15652909328006723,-0.48768114158420389,0,1
1559,0.15589999999999915,1,1,0.48783094970311247,0.077314295922741721,0,-0.15652909328006723,0.48768114158420389,0,1
1560,0.15599999999999914,0,1,-0.48781529679378444,-0.077363064036900145,0,0.15663030729948477,-0.48766510059571488,0,1
1560,0.15599999999999914,1,1,0.48781529679378444,0.077363064036900145,0,-0.15663030729948477,0.48766510059571488,0,1
1561,0.15609999999999913,0,1,-0.48779963376305446,-0.077411830546959715,0,0.15673152288089776,-0.48764904872616949,0,1
1561,0.15609999999999913,1,1,0.48779963376305446,0.077411830546959715,0,-0.15673152288089776,0.48764904872616949,0,1
1562,0.15619999999999912,0,1,-0.4877839606107664,-0.077460595451832329,0,0.15683274002531311,-0.48763298597439686,0,1
1562,0.15619999999999912,1,1,0.4877839606107664,0.077460595451832329,0,-0.15683274002531311,0.48763298597439686,0,1
1563,0.15629999999999911,0,1,-0.48776827733676387,-0.077509358750429774,0,0.15693395873373775,-0.48761691233922522,0,1
1563,0.15629999999999911,1,1,0.48776827733676387,0.077509358750429774,0,-0.15693395873373775,0.48761691233922522,0,1
1564,0.1563999999999991,0,1,-0.48775258394089049,-0.0775581204416637,0,0.15703517900717862,-0.487600827819482,0,1
1564,0.1563999999999991,1,1,0.48775258394089049,0.0775581204416637,0,-0.15703517900717862,0.487600827819482,0,1
1565,0.15649999999999908,0,1,-0.48773688042298979,-0.077606880524445643,0,0.15713640084664263,-0.48758473241399375,0,1
1565,0.15649999999999908,1,1,0.48773688042298979,0.077606880524445643,0,-0.15713640084664263,0.48758473241399375,0,1
1566,0.15659999999999907,0,1,-0.48772116678290511,-0.077655638997687043,0,0.15723762425313673,-0.48756862612158614,0,1
1566,0.15659999999999907,1,1,0.48772116678290511,0.077655638997687043,0,-0.15723762425313673,0.48756862612158614,0,1
1567,0.15669999999999906,0,1,-0.4877054430204798,-0.077704395860299202,0,0.15733884922766783,-0.48755250894108404,0,1
1567,0.15669999999999906,1,1,0.4877054430204798,0.077704395860299202,0,-0.15733884922766783,0.48755250894108404,0,1
1568,0.15679999999999905,0,1,-0.48768970913555704,-0.077753151111193311,0,0.15744007577124292,-0.4875363808713114,0,1
1568,0.15679999999999905,1,1,0.48768970913555704,0.077753151111193311,0,-0.15744007577124292,0.4875363808713114,0,1
1569,0.15689999999999904,0,1,-0.48767396512797989,-0.077801904749280448,0,0.15754130388486889,-0.48752024191109133,0,1
1569,0.15689999999999904,1,1,0.48767396512797989,0.077801904749280448,0,-0.15754130388486889,0.48752024191109133,0,1
1570,0.15699999999999903,0,1,-0.48765821099759138,-0.077850656773471555,0,0.15764253356955274,-0.48750409205924616,0,1
1570,0.15699999999999903,1,1,0.48765821099759138,0.077850656773471555,0,-0.15764253356955274,0.48750409205924616,0,1
1571,0.15709999999999902,0,1,-0.4876424467442344,-0.077899407182677474,0,0.15774376482630137,-0.48748793131459722,0,1
1571,0.15709999999999902,1,1,0.4876424467442344,0.077899407182677474,0,-0.15774376482630137,0.48748793131459722,0,1
1572,0.15719999999999901,0,1,-0.48762667236775176,-0.077948155975808939,0,0.15784499765612175,-0.48747175967596512,0,1
1572,0.15719999999999901,1,1,0.48762667236775176,0.077948155975808939,0,-0.15784499765612175,0.48747175967596512,0,1
1573,0.157299999999999,0,1,-0.48761088786798612,-0.077996903151776542,0,0.15794623206002084,-0.48745557714216947,0,1
1573,0.157299999999999,1,1,0.48761088786798612,0.077996903151776542,0,-0.15794623206002084,0.48745557714216947,0,1
1574,0.15739999999999899,0,1,-0.48759509324478012,-0.078045648709490753,0,0.1580474680390056,-0.48743938371202916,0,1
1574,0.15739999999999899,1,1,0.48759509324478012,0.078045648709490753,0,-0.1580474680390056,0.48743938371202916,0,1
1575,0.15749999999999897,0,1,-0.48757928849797622,-0.078094392647861957,0,0.15814870559408298,-0.48742317938436214,0,1
1575,0.15749999999999897,1,1,0.48757928849797622,0.078094392647861957,0,-0.15814870559408298,0.48742317938436214,0,1
1576,0.15759999999999896,0,1,-0.48756347362741681,-0.078143134965800387,0,0.15824994472625994,-0.48740696415798551,0,1
1576,0.15759999999999896,1,1,0.48756347362741681,0.078143134965800387,0,-0.15824994472625994,0.48740696415798551,0,1
1577,0.15769999999999895,0,1,-0.4875476486329442,-0.078191875662216193,0,0.15835118543654345,-0.48739073803171551,0,1
1577,0.15769999999999895,1,1,0.4875476486329442,0.078191875662216193,0,-0.15835118543654345,0.48739073803171551,0,1
1578,0.15779999999999894,0,1,-0.48753181351440056,-0.07824061473601937,0,0.15845242772594045,-0.48737450100436752,0,1
1578,0.15779999999999894,1,1,0.48753181351440056,0.07824061473601937,0,-0.15845242772594045,0.48737450100436752,0,1
1579,0.15789999999999893,0,1,-0.48751596827162796,-0.078289352186119807,0,0.15855367159545794,-0.48735825307475611,0,1
1579,0.15789999999999893,1,1,0.48751596827162796,0.078289352186119807,0,-0.15855367159545794,0.48735825307475611,0,1
1580,0.15799999999999892,0,1,-0.48750011290446843,-0.078338088011427276,0,0.15865491704610285,-0.48734199424169494,0,1
1580,0.15799999999999892,1,1,0.48750011290446843,0.078338088011427276,0,-0.15865491704610285,0.48734199424169494,0,1
1581,0.15809999999999891,0,1,-0.4874842474127638,-0.078386822210851442,0,0.15875616407888218,-0.4873257245039968,0,1
1581,0.15809999999999891,1,1,0.4874842474127638,0.078386822210851442,0,-0.15875616407888218,0.4873257245039968,0,1
1582,0.1581999999999989,0,1,-0.48746837179635594,-0.078435554783301845,0,0.15885741269480291,-0.48730944386047365,0,1
1582,0.1581999999999989,1,1,0.48746837179635594,0.078435554783301845,0,-0.15885741269480291,0.48730944386047365,0,1
1583,0.15829999999999889,0,1,-0.48745248605508645,-0.078484285727687897,0,0.15895866289487201,-0.48729315230993658,0,1
1583,0.15829999999999889,1,1,0.48745248605508645,0.078484285727687897,0,-0.15895866289487201,0.48729315230993658,0,1
1584,0.15839999999999888,0,1,-0.48743659018879698,-0.078533015042918888,0,0.15905991468009645,-0.48727684985119585,0,1
1584,0.15839999999999888,1,1,0.48743659018879698,0.078533015042918888,0,-0.15905991468009645,0.48727684985119585,0,1
1585,0.15849999999999886,0,1,-0.48742068419732898,-0.078581742727904011,0,0.15916116805148323,-0.48726053648306078,0,1
1585,0.15849999999999886,1,1,0.48742068419732898,0.078581742727904011,0,-0.15916116805148323,0.48726053648306078,0,1
1586,0.15859999999999885,0,1,-0.48740476808052385,-0.078630468781552318,0,0.15926242301003932,-0.48724421220433983,0,1
1586,0.15859999999999885,1,1,0.48740476808052385,0.078630468781552318,0,-0.15926242301003932,0.48724421220433983,0,1
1587,0.15869999999999884,0,1,-0.48738884183822284,-0.078679193202772751,0,0.15936367955677169,-0.48722787701384074,0,1
1587,0.15869999999999884,1,1,0.48738884183822284,0.078679193202772751,0,-0.15936367955677169,0.48722787701384074,0,1
1588,0.15879999999999883,0,1,-0.48737290547026718,-0.078727915990474129,0,0.15946493769268735,-0.48721153091037023,0,1
1588,0.15879999999999883,1,1,0.48737290547026718,0.078727915990474129,0,-0.15946493769268735,0.48721153091037023,0,1
1589,0.15889999999999882,0,1,-0.48735695897649789,-0.07877663714356517,0,0.1595661974187933,-0.4871951738927342,0,1
1589,0.15889999999999882,1,1,0.48735695897649789,0.07877663714356517,0,-0.1595661974187933,0.4871951738927342,0,1
1590,0.15899999999999881,0,1,-0.48734100235675604,-0.078825356660954443,0,0.1596674587360965,-0.48717880595973778,0,1
1590,0.15899999999999881,1,1,0.48734100235675604,0.078825356660954443,0,-0.1596674587360965,0.48717880595973778,0,1
1591,0.1590999999999988,0,1,-0.48732503561088242,-0.078874074541550418,0,0.15976872164560399,-0.48716242711018509,0,1
1591,0.1590999999999988,1,1,0.48732503561088242,0.078874074541550418,0,-0.15976872164560399,0.48716242711018509,0,1
1592,0.15919999999999879,0,1,-0.48730905873871788,-0.07892279078426144,0,0.15986998614832273,-0.48714603734287948,0,1
1592,0.15919999999999879,1,1,0.48730905873871788,0.07892279078426144,0,-0.15986998614832273,0.48714603734287948,0,1
1593,0.15929999999999878,0,1,-0.48729307174010306,-0.07897150538799573,0,0.15997125224525974,-0.48712963665662345,0,1
1593,0.15929999999999878,1,1,0.48729307174010306,0.07897150538799573,0,-0.15997125224525974,0.48712963665662345,0,1
1594,0.15939999999999876,0,1,-0.48727707461487851,-0.079020218351661398,0,0.160072519937422,-0.48711322505021859,0,1
1594,0.15939999999999876,1,1,0.48727707461487851,0.079020218351661398,0,-0.160072519937422,0.48711322505021859,0,1
1595,0.15949999999999875,0,1,-0.48726106736288477,-0.079068929674166413,0,0.16017378922581652,-0.48709680252246562,0,1
1595,0.15949999999999875,1,1,0.48726106736288477,0.079068929674166413,0,-0.16017378922581652,0.48709680252246562,0,1
1596,0.15959999999999874,0,1,-0.48724504998396218,-0.079117639354418665,0,0.16027506011145032,-0.4870803690721644,0,1
1596,0.15959999999999874,1,1,0.48724504998396218,0.079117639354418665,0,-0.16027506011145032,0.4870803690721644,0,1
1597,0.15969999999999873,0,1,-0.48722902247795102,-0.079166347391325886,0,0.16037633259533041,-0.48706392469811399,0,1
1597,0.15969999999999873,1,1,0.48722902247795102,0.079166347391325886,0,-0.16037633259533041,0.48706392469811399,0,1
1598,0.15979999999999872,0,1,-0.4872129848446915,-0.079215053783795703,0,0.16047760667846378,-0.48704746939911253,0,1
1598,0.15979999999999872,1,1,0.4872129848446915,0.079215053783795703,0,-0.16047760667846378,0.48704746939911253,0,1
1599,0.15989999999999871,0,1,-0.48719693708402367,-0.079263758530735612,0,0.16057888236185744,-0.48703100317395726,0,1
1599,0.15989999999999871,1,1,0.48719693708402367,0.079263758530735612,0,-0.16057888236185744,0.48703100317395726,0,1
1600,0.1599999999999987,0,1,-0.48718087919578751,-0.079312461631053002,0,0.16068015964651841,-0.48701452602144463,0,1
1600,0.1599999999999987,1,1,0.48718087919578751,0.079312461631053002,0,-0.16068015964651841,0.48701452602144463,0,1
1601,0.16009999999999869,0,1,-0.48716481117982285,-0.079361163083655151,0,0.16078143853345372,-0.48699803794037022,0,1
1601,0.16009999999999869,1,1,0.48716481117982285,0.079361163083655151,0,-0.16078143853345372,0.48699803794037022,0,1
1602,0.16019999999999868,0,1,-0.48714873303596951,-0.079409862887449181,0,0.16088271902367038,-0.48698153892952867,0,1
1602,0.16019999999999868,1,1,0.48714873303596951,0.079409862887449181,0,-0.16088271902367038,0.48698153892952867,0,1
1603,0.16029999999999867,0,1,-0.48713264476406715,-0.079458561041342135,0,0.1609840011181754,-0.48696502898771382,0,1
1603,0.16029999999999867,1,1,0.48713264476406715,0.079458561041342135,0,-0.1609840011181754,0.48696502898771382,0,1
1604,0.16039999999999865,0,1,-0.48711654636395535,-0.0795072575442409,0,0.16108528481797582,-0.48694850811371865,0,1
1604,0.16039999999999865,1,1,0.48711654636395535,0.0795072575442409,0,-0.16108528481797582,0.48694850811371865,0,1
1605,0.16049999999999864,0,1,-0.48710043783547358,-0.079555952395052268,0,0.16118657012407864,-0.48693197630633522,0,1
1605,0.16049999999999864,1,1,0.48710043783547358,0.079555952395052268,0,-0.16118657012407864,0.48693197630633522,0,1
1606,0.16059999999999863,0,1,-0.48708431917846118,-0.079604645592682904,0,0.16128785703749091,-0.48691543356435479,0,1
1606,0.16059999999999863,1,1,0.48708431917846118,0.079604645592682904,0,-0.16128785703749091,0.48691543356435479,0,1
1607,0.16069999999999862,0,1,-0.48706819039275745,-0.079653337136039337,0,0.16138914555921963,-0.48689887988656771,0,1
1607,0.16069999999999862,1,1,0.48706819039275745,0.079653337136039337,0,-0.16138914555921963,0.48689887988656771,0,1
1608,0.16079999999999861,0,1,-0.48705205147820152,-0.079702027024027997,0,0.16149043569027186,-0.48688231527176346,0,1
1608,0.16079999999999861,1,1,0.48705205147820152,0.079702027024027997,0,-0.16149043569027186,0.48688231527176346,0,1
1609,0.1608999999999986,0,1,-0.48703590243463252,-0.079750715255555174,0,0.16159172743165462,-0.48686573971873071,0,1
1609,0.1608999999999986,1,1,0.48703590243463252,0.079750715255555174,0,-0.16159172743165462,0.48686573971873071,0,1
1610,0.16099999999999859,0,1,-0.48701974326188935,-0.07979940182952705,0,0.16169302078437492,-0.48684915322625716,0,1
1610,0.16099999999999859,1,1,0.48701974326188935,0.07979940182952705,0,-0.16169302078437492,0.48684915322625716,0,1
1611,0.16109999999999858,0,1,-0.48700357395981092,-0.079848086744849681,0,0.16179431574943981,-0.48683255579312973,0,1
1611,0.16109999999999858,1,1,0.48700357395981092,0.079848086744849681,0,-0.16179431574943981,0.48683255579312973,0,1
1612,0.16119999999999857,0,1,-0.48698739452823597,-0.079896770000428996,0,0.16189561232785635,-0.48681594741813444,0,1
1612,0.16119999999999857,1,1,0.48698739452823597,0.079896770000428996,0,-0.16189561232785635,0.48681594741813444,0,1
1613,0.16129999999999856,0,1,-0.48697120496700319,-0.079945451595170816,0,0.16199691052063156,-0.48679932810005649,0,1
1613,0.16129999999999856,1,1,0.48697120496700319,0.079945451595170816,0,-0.16199691052063156,0.48679932810005649,0,1
1614,0.16139999999999854,0,1,-0.48695500527595115,-0.079994131527980822,0,0.16209821032877247,-0.48678269783768013,0,1
1614,0.16139999999999854,1,1,0.48695500527595115,0.079994131527980822,0,-0.16209821032877247,0.48678269783768013,0,1
1615,0.16149999999999853,0,1,-0.48693879545491825,-0.080042809797764583,0,0.16219951175328615,-0.48676605662978883,0,1
1615,0.16149999999999853,1,1,0.48693879545491825,0.080042809797764583,0,-0.16219951175328615,0.48676605662978883,0,1
1616,0.16159999999999852,0,1,-0.4869225755037429,-0.080091486403427559,0,0.1623008147951796,-0.48674940447516507,0,1
1616,0.16159999999999852,1,1,0.4869225755037429,0.080091486403427559,0,-0.1623008147951796,0.48674940447516507,0,1
1617,0.16169999999999851,0,1,-0.48690634542226341,-0.080140161343875069,0,0.1624021194554599,-0.48673274137259059,0,1
1617,0.16169999999999851,1,1,0.48690634542226341,0.080140161343875069,0,-0.1624021194554599,0.48673274137259059,0,1
1618,0.1617999999999985,0,1,-0.48689010521031784,-0.080188834618012322,0,0.1625034257351341,-0.48671606732084621,0,1
1618,0.1617999999999985,1,1,0.48689010521031784,0.080188834618012322,0,-0.1625034257351341,0.48671606732084621,0,1
1619,0.16189999999999849,0,1,-0.48687385486774432,-0.080237506224744404,0,0.16260473363520922,-0.48669938231871185,0,1
1619,0.16189999999999849,1,1,0.48687385486774432,0.080237506224744404,0,-0.16260473363520922,0.48669938231871185,0,1
1620,0.16199999999999848,0,1,-0.48685759439438081,-0.080286176162976272,0,0.16270604315669232,-0.48668268636496664,0,1
1620,0.16199999999999848,1,1,0.48685759439438081,0.080286176162976272,0,-0.16270604315669232,0.48668268636496664,0,1
1621,0.16209999999999847,0,1,-0.48684132379006512,-0.080334844431612762,0,0.16280735430059048,-0.48666597945838874,0,1
1621,0.16209999999999847,1,1,0.48684132379006512,0.080334844431612762,0,-0.16280735430059048,0.48666597945838874,0,1
1622,0.16219999999999846,0,1,-0.48682504305463503,-0.080383511029558596,0,0.16290866706791074,-0.48664926159775551,0,1
1622,0.16219999999999846,1,1,0.48682504305463503,0.080383511029558596,0,-0.16290866706791074,0.48664926159775551,0,1
1623,0.16229999999999845,0,1,-0.48680875218792824,-0.080432175955718374,0,0.16300998145966014,-0.48663253278184343,0,1
1623,0.16229999999999845,1,1,0.48680875218792824,0.080432175955718374,0,-0.16300998145966014,0.48663253278184343,0,1
1624,0.16239999999999843,0,1,-0.48679245118978226,-0.080480839208996555,0,0.16311129747684575,-0.48661579300942814,0,1
1624,0.16239999999999843,1,1,0.48679245118978226,0.080480839208996555,0,-0.16311129747684575,0.48661579300942814,0,1
1625,0.16249999999999842,0,1,-0.48677614006003456,-0.080529500788297501,0,0.16321261512047461,-0.4865990422792843,0,1
1625,0.16249999999999842,1,1,0.48677614006003456,0.080529500788297501,0,-0.16321261512047461,0.4865990422792843,0,1
1626,0.16259999999999841,0,1,-0.48675981879852254,-0.080578160692525436,0,0.16331393439155378,-0.48658228059018582,0,1
1626,0.16259999999999841,1,1,0.48675981879852254,0.080578160692525436,0,-0.16331393439155378,0.48658228059018582,0,1
1627,0.1626999999999984,0,1,-0.48674348740508339,-0.080626818920584459,0,0.16341525529109036,-0.48656550794090569,0,1
1627,0.1626999999999984,1,1,0.48674348740508339,0.080626818920584459,0,-0.16341525529109036,0.48656550794090569,0,1
1628,0.16279999999999839,0,1,-0.48672714587955429,-0.080675475471378544,0,0.16351657782009138,-0.48654872433021601,0,1
1628,0.16279999999999839,1,1,0.48672714587955429,0.080675475471378544,0,-0.16351657782009138,0.48654872433021601,0,1
1629,0.16289999999999838,0,1,-0.48671079422177227,-0.080724130343811568,0,0.16361790197956391,-0.48653192975688803,0,1
1629,0.16289999999999838,1,1,0.48671079422177227,0.080724130343811568,0,-0.16361790197956391,0.48653192975688803,0,1
1630,0.16299999999999837,0,1,-0.48669443243157429,-0.080772783536787254,0,0.16371922777051504,-0.48651512421969217,0,1
1630,0.16299999999999837,1,1,0.48669443243157429,0.080772783536787254,0,-0.16371922777051504,0.48651512421969217,0,1
1631,0.16309999999999836,0,1,-0.48667806050879725,-0.080821435049209217,0,0.16382055519395181,-0.48649830771739788,0,1
1631,0.16309999999999836,1,1,0.48667806050879725,0.080821435049209217,0,-0.16382055519395181,0.48649830771739788,0,1
1632,0.16319999999999835,0,1,-0.48666167845327785,-0.080870084879980958,0,0.16392188425088128,-0.48648148024877386,0,1
1632,0.16319999999999835,1,1,0.48666167845327785,0.080870084879980958,0,-0.16392188425088128,0.48648148024877386,0,1
1633,0.16329999999999834,0,1,-0.48664528626485276,-0.08091873302800584,0,0.16402321494231054,-0.48646464181258781,0,1
1633,0.16329999999999834,1,1,0.48664528626485276,0.08091873302800584,0,-0.16402321494231054,0.48646464181258781,0,1
1634,0.16339999999999832,0,1,-0.48662888394335851,-0.080967379492187103,0,0.16412454726924666,-0.48644779240760666,0,1
1634,0.16339999999999832,1,1,0.48662888394335851,0.080967379492187103,0,-0.16412454726924666,0.48644779240760666,0,1
1635,0.16349999999999831,0,1,-0.48661247148863157,-0.081016024271427858,0,0.16422588123269671,-0.48643093203259641,0,1
1635,0.16349999999999831,1,1,0.48661247148863157,0.081016024271427858,0,-0.16422588123269671,0.48643093203259641,0,1
1636,0.1635999999999983,0,1,-0.48659604890050828,-0.081064667364631124,0,0.16432721683366777,-0.4864140606863222,0,1
1636,0.1635999999999983,1,1,0.48659604890050828,0.081064667364631124,0,-0.16432721683366777,0.4864140606863222,0,1
1637,0.16369999999999829,0,1,-0.48657961617882489,-0.081113308770699763,0,0.16442855407316692,-0.48639717836754831,0,1
1637,0.16369999999999829,1,1,0.48657961617882489,0.081113308770699763,0,-0.16442855407316692,0.48639717836754831,0,1
1638,0.16379999999999828,0,1,-0.48656317332341759,-0.081161948488536514,0,0.16452989295220125,-0.48638028507503817,0,1
1638,0.16379999999999828,1,1,0.48656317332341759,0.081161948488536514,0,-0.16452989295220125,0.48638028507503817,0,1
1639,0.16389999999999827,0,1,-0.48654672033412238,-0.08121058651704402,0,0.1646312334717778,-0.48636338080755426,0,1
1639,0.16389999999999827,1,1,0.48654672033412238,0.08121058651704402,0,-0.1646312334717778,0.48636338080755426,0,1
1640,0.16399999999999826,0,1,-0.4865302572107752,-0.081259222855124769,0,0.16473257563290367,-0.48634646556385824,0,1
1640,0.16399999999999826,1,1,0.4865302572107752,0.081259222855124769,0,-0.16473257563290367,0.48634646556385824,0,1
1641,0.16409999999999825,0,1,-0.48651378395321193,-0.081307857501681152,0,0.16483391943658596,-0.48632953934271095,0,1
1641,0.16409999999999825,1,1,0.48651378395321193,0.081307857501681152,0,-0.16483391943658596,0.48632953934271095,0,1
1642,0.16419999999999824,0,1,-0.48649730056126828,-0.081356490455615424,0,0.16493526488383173,-0.48631260214287225,0,1
1642,0.16419999999999824,1,1,0.48649730056126828,0.081356490455615424,0,-0.16493526488383173,0.48631260214287225,0,1
1643,0.16429999999999823,0,1,-0.48648080703477992,-0.081405121715829712,0,0.16503661197564806,-0.48629565396310115,0,1
1643,0.16429999999999823,1,1,0.48648080703477992,0.081405121715829712,0,-0.16503661197564806,0.48629565396310115,0,1
1644,0.16439999999999821,0,1,-0.48646430337358237,-0.081453751281226019,0,0.16513796071304204,-0.48627869480215585,0,1
1644,0.16439999999999821,1,1,0.48646430337358237,0.081453751281226019,0,-0.16513796071304204,0.48627869480215585,0,1
1645,0.1644999999999982,0,1,-0.48644778957751106,-0.081502379150706239,0,0.16523931109702078,-0.48626172465879364,0,1
1645,0.1644999999999982,1,1,0.48644778957751106,0.081502379150706239,0,-0.16523931109702078,0.48626172465879364,0,1
1646,0.16459999999999819,0,1,-0.48643126564640138,-0.081551005323172124,0,0.16534066312859133,-0.48624474353177088,0,1
1646,0.16459999999999819,1,1,0.48643126564640138,0.081551005323172124,0,-0.16534066312859133,0.48624474353177088,0,1
1647,0.16469999999999818,0,1,-0.48641473158008852,-0.081599629797525303,0,0.16544201680876081,-0.48622775141984315,0,1
1647,0.16469999999999818,1,1,0.48641473158008852,0.081599629797525303,0,-0.16544201680876081,0.48622775141984315,0,1
1648,0.16479999999999817,0,1,-0.48639818737840762,-0.081648252572667293,0,0.16554337213853629,-0.48621074832176503,0,1
1648,0.16479999999999817,1,1,0.48639818737840762,0.081648252572667293,0,-0.16554337213853629,0.48621074832176503,0,1
1649,0.16489999999999816,0,1,-0.48638163304119375,-0.081696873647499474,0,0.16564472911892486,-0.48619373423629036,0,1
1649,0.16489999999999816,1,1,0.48638163304119375,0.081696873647499474,0,-0.16564472911892486,0.48619373423629036,0,1
1650,0.16499999999999815,0,1,-0.48636506856828188,-0.081745493020923099,0,0.16574608775093361,-0.48617670916217209,0,1
1650,0.16499999999999815,1,1,0.48636506856828188,0.081745493020923099,0,-0.16574608775093361,0.48617670916217209,0,1
1651,0.16509999999999814,0,1,-0.4863484939595068,-0.081794110691839311,0,0.16584744803556964,-0.48615967309816216,0,1
1651,0.16509999999999814,1,1,0.4863484939595068,0.081794110691839311,0,-0.16584744803556964,0.48615967309816216,0,1
1652,0.16519999999999813,0,1,-0.48633190921470326,-0.081842726659149129,0,0.16594880997384004,-0.48614262604301178,0,1
1652,0.16519999999999813,1,1,0.48633190921470326,0.081842726659149129,0,-0.16594880997384004,0.48614262604301178,0,1
1653,0.16529999999999812,0,1,-0.48631531433370589,-0.08189134092175343,0,0.16605017356675192,-0.48612556799547124,0,1
1653,0.16529999999999812,1,1,0.48631531433370589,0.08189134092175343,0,-0.16605017356675192,0.48612556799547124,0,1
1654,0.1653999999999981,0,1,-0.48629870931634922,-0.081939953478552971,0,0.16615153881531236,-0.48610849895428987,0,1
1654,0.1653999999999981,1,1,0.48629870931634922,0.081939953478552971,0,-0.16615153881531236,0.48610849895428987,0,1
1655,0.16549999999999809,0,1,-0.4862820941624677,-0.081988564328448393,0,0.16625290572052848,-0.48609141891821628,0,1
1655,0.16549999999999809,1,1,0.4862820941624677,0.081988564328448393,0,-0.16625290572052848,0.48609141891821628,0,1
1656,0.16559999999999808,0,1,-0.48626546887189565,-0.082037173470340216,0,0.16635427428340735,-0.48607432788599803,0,1
1656,0.16559999999999808,1,1,0.48626546887189565,0.082037173470340216,0,-0.16635427428340735,0.48607432788599803,0,1
1657,0.16569999999999807,0,1,-0.48624883344446729,-0.082085780903128819,0,0.16645564450495609,-0.48605722585638195,0,1
1657,0.16569999999999807,1,1,0.48624883344446729,0.082085780903128819,0,-0.16645564450495609,0.48605722585638195,0,1
1658,0.16579999999999806,0,1,-0.48623218788001682,-0.082134386625714456,0,0.16655701638618178,-0.48604011282811393,0,1
1658,0.16579999999999806,1,1,0.48623218788001682,0.082134386625714456,0,-0.16655701638618178,0.48604011282811393,0,1
1659,0.16589999999999805,0,1,-0.48621553217837821,-0.082182990636997272,0,0.16665838992809154,-0.48602298879993899,0,1
1659,0.16589999999999805,1,1,0.48621553217837821,0.082182990636997272,0,-0.16665838992809154,0.48602298879993899,0,1
1660,0.16599999999999804,0,1,-0.48619886633938542,-0.082231592935877271,0,0.16675976513169247,-0.48600585377060124,0,1
1660,0.16599999999999804,1,1,0.48619886633938542,0.082231592935877271,0,-0.16675976513169247,0.48600585377060124,0,1
1661,0.16609999999999803,0,1,-0.48618219036287225,-0.082280193521254333,0,0.16686114199799165,-0.48598870773884389,0,1
1661,0.16609999999999803,1,1,0.48618219036287225,0.082280193521254333,0,-0.16686114199799165,0.48598870773884389,0,1
1662,0.16619999999999802,0,1,-0.48616550424867244,-0.082328792392028213,0,0.16696252052799621,-0.48597155070340942,0,1
1662,0.16619999999999802,1,1,0.48616550424867244,0.082328792392028213,0,-0.16696252052799621,0.48597155070340942,0,1
1663,0.166299999999998,0,1,-0.48614880799661964,-0.082377389547098556,0,0.16706390072271324,-0.48595438266303925,0,1
1663,0.166299999999998,1,1,0.48614880799661964,0.082377389547098556,0,-0.16706390072271324,0.48595438266303925,0,1
1664,0.16639999999999799,0,1,-0.48613210160654735,-0.082425984985364867,0,0.16716528258314986,-0.48593720361647402,0,1
1664,0.16639999999999799,1,1,0.48613210160654735,0.082425984985364867,0,-0.16716528258314986,0.48593720361647402,0,1
1665,0.16649999999999798,0,1,-0.48611538507828905,-0.082474578705726512,0,0.16726666611031316,-0.48592001356245351,0,1
1665,0.16649999999999798,1,1,0.48611538507828905,0.082474578705726512,0,-0.16726666611031316,0.48592001356245351,0,1
1666,0.16659999999999797,0,1,-0.48609865841167804,-0.08252317070708276,0,0.16736805130521024,-0.48590281249971656,0,1
1666,0.16659999999999797,1,1,0.48609865841167804,0.08252317070708276,0,-0.16736805130521024,0.48590281249971656,0,1
1667,0.16669999999999796,0,1,-0.48608192160654751,-0.082571760988332729,0,0.16746943816884824,-0.48588560042700113,0,1
1667,0.16669999999999796,1,1,0.48608192160654751,0.082571760988332729,0,-0.16746943816884824,0.48588560042700113,0,1
1668,0.16679999999999795,0,1,-0.48606517466273064,-0.082620349548375424,0,0.16757082670223425,-0.48586837734304433,0,1
1668,0.16679999999999795,1,1,0.48606517466273064,0.082620349548375424,0,-0.16757082670223425,0.48586837734304433,0,1
1669,0.16689999999999794,0,1,-0.4860484175800604,-0.082668936386109726,0,0.16767221690637538,-0.48585114324658241,0,1
1669,0.16689999999999794,1,1,0.4860484175800604,0.082668936386109726,0,-0.16767221690637538,0.48585114324658241,0,1
1670,0.16699999999999793,0,1,-0.48603165035836976,-0.082717521500434391,0,0.16777360878227873,-0.48583389813635069,0,1
1670,0.16699999999999793,1,1,0.48603165035836976,0.082717521500434391,0,-0.16777360878227873,0.48583389813635069,0,1
1671,0.16709999999999792,0,1,-0.48601487299749152,-0.082766104890248021,0,0.16787500233095143,-0.48581664201108365,0,1
1671,0.16709999999999792,1,1,0.48601487299749152,0.082766104890248021,0,-0.16787500233095143,0.48581664201108365,0,1
1672,0.16719999999999791,0,1,-0.48599808549725843,-0.082814686554449124,0,0.16797639755340057,-0.48579937486951486,0,1
1672,0.16719999999999791,1,1,0.48599808549725843,0.082814686554449124,0,-0.16797639755340057,0.48579937486951486,0,1
1673,0.16729999999999789,0,1,-0.48598128785750311,-0.08286326649193608,0,0.16807779445063328,-0.48578209671037698,0,1
1673,0.16729999999999789,1,1,0.48598128785750311,0.08286326649193608,0,-0.16807779445063328,0.48578209671037698,0,1
1674,0.16739999999999788,0,1,-0.48596448007805804,-0.082911844701607118,0,0.16817919302365666,-0.48576480753240187,0,1
1674,0.16739999999999788,1,1,0.48596448007805804,0.082911844701607118,0,-0.16817919302365666,0.48576480753240187,0,1
1675,0.16749999999999787,0,1,-0.48594766215875568,-0.082960421182360355,0,0.16828059327347783,-0.48574750733432048,0,1
1675,0.16749999999999787,1,1,0.48594766215875568,0.082960421182360355,0,-0.16828059327347783,0.48574750733432048,0,1
1676,0.16759999999999786,0,1,-0.48593083409942833,-0.083008995933093785,0,0.16838199520110389,-0.48573019611486284,0,1
1676,0.16759999999999786,1,1,0.48593083409942833,0.083008995933093785,0,-0.16838199520110389,0.48573019611486284,0,1
1677,0.16769999999999785,0,1,-0.48591399589990825,-0.083057568952705274,0,0.16848339880754196,-0.48571287387275813,0,1
1677,0.16769999999999785,1,1,0.48591399589990825,0.083057568952705274,0,-0.16848339880754196,0.48571287387275813,0,1
1678,0.16779999999999784,0,1,-0.4858971475600275,-0.083106140240092552,0,0.16858480409379917,-0.48569554060673464,0,1
1678,0.16779999999999784,1,1,0.4858971475600275,0.083106140240092552,0,-0.16858480409379917,0.48569554060673464,0,1
1679,0.16789999999999783,0,1,-0.48588028907961811,-0.083154709794153223,0,0.16868621106088261,-0.48567819631551978,0,1
1679,0.16789999999999783,1,1,0.48588028907961811,0.083154709794153223,0,-0.16868621106088261,0.48567819631551978,0,1
1680,0.16799999999999782,0,1,-0.485863420458512,-0.083203277613784779,0,0.16878761970979941,-0.48566084099784007,0,1
1680,0.16799999999999782,1,1,0.485863420458512,0.083203277613784779,0,-0.16878761970979941,0.48566084099784007,0,1
1681,0.16809999999999781,0,1,-0.48584654169654101,-0.083251843697884562,0,0.1688890300415567,-0.48564347465242114,0,1
1681,0.16809999999999781,1,1,0.48584654169654101,0.083251843697884562,0,-0.1688890300415567,0.48564347465242114,0,1
1682,0.1681999999999978,0,1,-0.48582965279353685,-0.0833004080453498,0,0.16899044205716157,-0.48562609727798778,0,1
1682,0.1681999999999978,1,1,0.48582965279353685,0.0833004080453498,0,-0.16899044205716157,0.48562609727798778,0,1
1683,0.16829999999999778,0,1,-0.48581275374933114,-0.083348970655077598,0,0.16909185575762117,-0.48560870887326385,0,1
1683,0.16829999999999778,1,1,0.48581275374933114,0.083348970655077598,0,-0.16909185575762117,0.48560870887326385,0,1
1684,0.16839999999999777,0,1,-0.48579584456375535,-0.083397531525964921,0,0.16919327114394259,-0.48559130943697232,0,1
1684,0.16839999999999777,1,1,0.48579584456375535,0.083397531525964921,0,-0.16919327114394259,0.48559130943697232,0,1
1685,0.16849999999999776,0,1,-0.48577892523664096,-0.083446090656908625,0,0.16929468821713295,-0.48557389896783532,0,1
1685,0.16849999999999776,1,1,0.48577892523664096,0.083446090656908625,0,-0.16929468821713295,0.48557389896783532,0,1
1686,0.16859999999999775,0,1,-0.48576199576781925,-0.083494648046805411,0,0.16939610697819937,-0.48555647746457403,0,1
1686,0.16859999999999775,1,1,0.48576199576781925,0.083494648046805411,0,-0.16939610697819937,0.48555647746457403,0,1
1687,0.16869999999999774,0,1,-0.48574505615712144,-0.083543203694551871,0,0.169497527428149,-0.48553904492590888,0,1
1687,0.16869999999999774,1,1,0.48574505615712144,0.083543203694551871,0,-0.169497527428149,0.48553904492590888,0,1
1688,0.16879999999999773,0,1,-0.48572810640437863,-0.083591757599044456,0,0.1695989495679889,-0.48552160135055927,0,1
1688,0.16879999999999773,1,1,0.48572810640437863,0.083591757599044456,0,-0.1695989495679889,0.48552160135055927,0,1
1689,0.16889999999999772,0,1,-0.48571114650942182,-0.083640309759179507,0,0.16970037339872623,-0.48550414673724379,0,1
1689,0.16889999999999772,1,1,0.48571114650942182,0.083640309759179507,0,-0.16970037339872623,0.48550414673724379,0,1
1690,0.16899999999999771,0,1,-0.48569417647208196,-0.083688860173853227,0,0.16980179892136812,-0.48548668108468007,0,1
1690,0.16899999999999771,1,1,0.48569417647208196,0.083688860173853227,0,-0.16980179892136812,0.48548668108468007,0,1
1691,0.1690999999999977,0,1,-0.48567719629218981,-0.083737408841961694,0,0.16990322613692166,-0.48546920439158497,0,1
1691,0.1690999999999977,1,1,0.48567719629218981,0.083737408841961694,0,-0.16990322613692166,0.48546920439158497,0,1
1692,0.16919999999999769,0,1,-0.4856602059695761,-0.083785955762400846,0,0.17000465504639398,-0.48545171665667436,0,1
1692,0.16919999999999769,1,1,0.4856602059695761,0.083785955762400846,0,-0.17000465504639398,0.48545171665667436,0,1
1693,0.16929999999999767,0,1,-0.48564320550407147,-0.083834500934066511,0,0.17010608565079219,-0.48543421787866331,0,1
1693,0.16929999999999767,1,1,0.48564320550407147,0.083834500934066511,0,-0.17010608565079219,0.48543421787866331,0,1
1694,0.16939999999999766,0,1,-0.4856261948955064,-0.083883044355854378,0,0.17020751795112343,-0.48541670805626597,0,1
1694,0.16939999999999766,1,1,0.4856261948955064,0.083883044355854378,0,-0.17020751795112343,0.48541670805626597,0,1
1695,0.16949999999999765,0,1,-0.4856091741437113,-0.08393158602666001,0,0.17030895194839482,-0.48539918718819552,0,1
1695,0.16949999999999765,1,1,0.4856091741437113,0.08393158602666001,0,-0.17030895194839482,0.48539918718819552,0,1
1696,0.16959999999999764,0,1,-0.48559214324851646,-0.083980125945378833,0,0.17041038764361346,-0.4853816552731644,0,1
1696,0.16959999999999764,1,1,0.48559214324851646,0.083980125945378833,0,-0.17041038764361346,0.4853816552731644,0,1
1697,0.16969999999999763,0,1,-0.48557510220975209,-0.084028664110906148,0,0.1705118250377865,-0.48536411230988408,0,1
1697,0.16969999999999763,1,1,0.48557510220975209,0.084028664110906148,0,-0.1705118250377865,0.48536411230988408,0,1
1698,0.16979999999999762,0,1,-0.48555805102724831,-0.08407720052213713,0,0.17061326413192104,-0.48534655829706513,0,1
1698,0.16979999999999762,1,1,0.48555805102724831,0.08407720052213713,0,-0.17061326413192104,0.48534655829706513,0,1
1699,0.16989999999999761,0,1,-0.48554098970083509,-0.084125735177966843,0,0.1707147049270242,-0.48532899323341727,0,1
1699,0.16989999999999761,1,1,0.48554098970083509,0.084125735177966843,0,-0.1707147049270242,0.48532899323341727,0,1
1700,0.1699999999999976,0,1,-0.48552391823034241,-0.084174268077290185,0,0.17081614742410312,-0.48531141711764936,0,1
1700,0.1699999999999976,1,1,0.48552391823034241,0.084174268077290185,0,-0.17081614742410312,0.48531141711764936,0,1
1701,0.17009999999999759,0,1,-0.48550683661560001,-0.084222799219001956,0,0.17091759162416489,-0.48529382994846931,0,1
1701,0.17009999999999759,1,1,0.48550683661560001,0.084222799219001956,0,-0.17091759162416489,0.48529382994846931,0,1
1702,0.17019999999999758,0,1,-0.48548974485643759,-0.084271328601996806,0,0.17101903752821668,-0.48527623172458412,0,1
1702,0.17019999999999758,1,1,0.48548974485643759,0.084271328601996806,0,-0.17101903752821668,0.48527623172458412,0,1
1703,0.17029999999999756,0,1,-0.48547264295268477,-0.084319856225169271,0,0.17112048513726558,-0.48525862244470003,0,1
1703,0.17029999999999756,1,1,0.48547264295268477,0.084319856225169271,0,-0.17112048513726558,0.48525862244470003,0,1
1704,0.17039999999999755,0,1,-0.48545553090417104,-0.084368382087413735,0,0.1712219344523187,-0.48524100210752225,0,1
1704,0.17039999999999755,1,1,0.48545553090417104,0.084368382087413735,0,-0.1712219344523187,0.48524100210752225,0,1
1705,0.17049999999999754,0,1,-0.4854384087107258,-0.084416906187624485,0,0.17132338547438317,-0.48522337071175514,0,1
1705,0.17049999999999754,1,1,0.4854384087107258,0.084416906187624485,0,-0.17132338547438317,0.48522337071175514,0,1
1706,0.17059999999999753,0,1,-0.48542127637217836,-0.084465428524695657,0,0.17142483820446611,-0.48520572825610225,0,1
1706,0.17059999999999753,1,1,0.48542127637217836,0.084465428524695657,0,-0.17142483820446611,0.48520572825610225,0,1
1707,0.17069999999999752,0,1,-0.4854041338883579,-0.084513949097521274,0,0.17152629264357466,-0.48518807473926617,0,1
1707,0.17069999999999752,1,1,0.4854041338883579,0.084513949097521274,0,-0.17152629264357466,0.48518807473926617,0,1
1708,0.17079999999999751,0,1,-0.48538698125909352,-0.084562467904995206,0,0.17162774879271592,-0.48517041015994861,0,1
1708,0.17079999999999751,1,1,0.48538698125909352,0.084562467904995206,0,-0.17162774879271592,0.48517041015994861,0,1
1709,0.1708999999999975,0,1,-0.48536981848421423,-0.0846109849460112,0,0.17172920665289701,-0.48515273451685037,0,1
1709,0.1708999999999975,1,1,0.48536981848421423,0.0846109849460112,0,-0.17172920665289701,0.48515273451685037,0,1
1710,0.17099999999999749,0,1,-0.48535264556354896,-0.084659500219462891,0,0.17183066622512508,-0.48513504780867139,0,1
1710,0.17099999999999749,1,1,0.48535264556354896,0.084659500219462891,0,-0.17183066622512508,0.48513504780867139,0,1
1711,0.17109999999999748,0,1,-0.48533546249692644,-0.084708013724243761,0,0.17193212751040723,-0.48511735003411072,0,1
1711,0.17109999999999748,1,1,0.48533546249692644,0.084708013724243761,0,-0.17193212751040723,0.48511735003411072,0,1
1712,0.17119999999999747,0,1,-0.48531826928417537,-0.084756525459247167,0,0.17203359050975059,-0.48509964119186649,0,1
1712,0.17119999999999747,1,1,0.48531826928417537,0.084756525459247167,0,-0.17203359050975059,0.48509964119186649,0,1
1713,0.17129999999999745,0,1,-0.4853010659251244,-0.084805035423366357,0,0.17213505522416225,-0.48508192128063599,0,1
1713,0.17129999999999745,1,1,0.4853010659251244,0.084805035423366357,0,-0.17213505522416225,0.48508192128063599,0,1
1714,0.17139999999999744,0,1,-0.48528385241960198,-0.084853543615494423,0,0.17223652165464937,-0.48506419029911563,0,1
1714,0.17139999999999744,1,1,0.48528385241960198,0.084853543615494423,0,-0.17223652165464937,0.48506419029911563,0,1
1715,0.17149999999999743,0,1,-0.48526662876743654,-0.084902050034524335,0,0.17233798980221904,-0.48504644824600079,0,1
1715,0.17149999999999743,1,1,0.48526662876743654,0.084902050034524335,0,-0.17233798980221904,0.48504644824600079,0,1
1716,0.17159999999999742,0,1,-0.48524939496845632,-0.084950554679348936,0,0.17243945966787838,-0.48502869511998614,0,1
1716,0.17159999999999742,1,1,0.48524939496845632,0.084950554679348936,0,-0.17243945966787838,0.48502869511998614,0,1
1717,0.17169999999999741,0,1,-0.48523215102248951,-0.084999057548860932,0,0.17254093125263453,-0.48501093091976538,0,1
1717,0.17169999999999741,1,1,0.48523215102248951,0.084999057548860932,0,-0.17254093125263453,0.48501093091976538,0,1
1718,0.1717999999999974,0,1,-0.48521489692936426,-0.085047558641952903,0,0.17264240455749461,-0.48499315564403128,0,1
1718,0.1717999999999974,1,1,0.48521489692936426,0.085047558641952903,0,-0.17264240455749461,0.48499315564403128,0,1
1719,0.17189999999999739,0,1,-0.48519763268890853,-0.085096057957517304,0,0.17274387958346571,-0.48497536929147578,0,1
1719,0.17189999999999739,1,1,0.48519763268890853,0.085096057957517304,0,-0.17274387958346571,0.48497536929147578,0,1
1720,0.17199999999999738,0,1,-0.48518035830095019,-0.085144555494446453,0,0.17284535633155498,-0.48495757186078986,0,1
1720,0.17199999999999738,1,1,0.48518035830095019,0.085144555494446453,0,-0.17284535633155498,0.48495757186078986,0,1
1721,0.17209999999999737,0,1,-0.48516307376531703,-0.085193051251632526,0,0.17294683480276951,-0.48493976335066369,0,1
1721,0.17209999999999737,1,1,0.48516307376531703,0.085193051251632526,0,-0.17294683480276951,0.48493976335066369,0,1
1722,0.17219999999999736,0,1,-0.48514577908183676,-0.085241545227967591,0,0.17304831499811643,-0.48492194375978648,0,1
1722,0.17219999999999736,1,1,0.48514577908183676,0.085241545227967591,0,-0.17304831499811643,0.48492194375978648,0,1
1723,0.17229999999999734,0,1,-0.48512847425033695,-0.085290037422343576,0,0.17314979691860286,-0.48490411308684661,0,1
1723,0.17229999999999734,1,1,0.48512847425033695,0.085290037422343576,0,-0.17314979691860286,0.48490411308684661,0,1
1724,0.17239999999999733,0,1,-0.48511115927064508,-0.085338527833652256,0,0.17325128056523592,-0.48488627133053153,0,1
1724,0.17239999999999733,1,1,0.48511115927064508,0.085338527833652256,0,-0.17325128056523592,0.48488627133053153,0,1
1725,0.17249999999999732,0,1,-0.48509383414258855,-0.085387016460785309,0,0.17335276593902271,-0.48486841848952777,0,1
1725,0.17249999999999732,1,1,0.48509383414258855,0.085387016460785309,0,-0.17335276593902271,0.48486841848952777,0,1
1726,0.17259999999999731,0,1,-0.48507649886599463,-0.085435503302634261,0,0.17345425304097037,-0.48485055456252102,0,1
1726,0.17259999999999731,1,1,0.48507649886599463,0.085435503302634261,0,-0.17345425304097037,0.48485055456252102,0,1
1727,0.1726999999999973,0,1,-0.48505915344069056,-0.085483988358090512,0,0.173555741872086,-0.48483267954819598,0,1
1727,0.1726999999999973,1,1,0.48505915344069056,0.085483988358090512,0,-0.173555741872086,0.48483267954819598,0,1
1728,0.17279999999999729,0,1,-0.48504179786650337,-0.085532471626045325,0,0.17365723243337669,-0.48481479344523659,0,1
1728,0.17279999999999729,1,1,0.48504179786650337,0.085532471626045325,0,-0.17365723243337669,0.48481479344523659,0,1
1729,0.17289999999999728,0,1,-0.48502443214326002,-0.085580953105389851,0,0.17375872472584961,-0.4847968962523258,0,1
1729,0.17289999999999728,1,1,0.48502443214326002,0.085580953105389851,0,-0.17375872472584961,0.4847968962523258,0,1
1730,0.17299999999999727,0,1,-0.48500705627078744,-0.085629432795015087,0,0.17386021875051183,-0.48477898796814572,0,1
1730,0.17299999999999727,1,1,0.48500705627078744,0.085629432795015087,0,-0.17386021875051183,0.48477898796814572,0,1
1731,0.17309999999999726,0,1,-0.48498967024891237,-0.085677910693811907,0,0.17396171450837047,-0.48476106859137758,0,1
1731,0.17309999999999726,1,1,0.48498967024891237,0.085677910693811907,0,-0.17396171450837047,0.48476106859137758,0,1
1732,0.17319999999999725,0,1,-0.48497227407746152,-0.085726386800671045,0,0.17406321200043265,-0.48474313812070158,0,1
1732,0.17319999999999725,1,1,0.48497227407746152,0.085726386800671045,0,-0.17406321200043265,0.48474313812070158,0,1
1733,0.17329999999999723,0,1,-0.48495486775626145,-0.085774861114483111,0,0.17416471122770547,-0.48472519655479718,0,1
1733,0.17329999999999723,1,1,0.48495486775626145,0.085774861114483111,0,-0.17416471122770547,0.48472519655479718,0,1
1734,0.17339999999999722,0,1,-0.48493745128513871,-0.085823333634138591,0,0.17426621219119603,-0.48470724389234288,0,1
1734,0.17339999999999722,1,1,0.48493745128513871,0.085823333634138591,0,-0.17426621219119603,0.48470724389234288,0,1
1735,0.17349999999999721,0,1,-0.48492002466391959,-0.085871804358527828,0,0.17436771489191147,-0.48468928013201629,0,1
1735,0.17349999999999721,1,1,0.48492002466391959,0.085871804358527828,0,-0.17436771489191147,0.48468928013201629,0,1
1736,0.1735999999999972,0,1,-0.4849025878924304,-0.085920273286541032,0,0.17446921933085888,-0.48467130527249414,0,1
1736,0.1735999999999972,1,1,0.4849025878924304,0.085920273286541032,0,-0.17446921933085888,0.48467130527249414,0,1
1737,0.17369999999999719,0,1,-0.48488514097049734,-0.085968740417068285,0,0.17457072550904537,-0.4846533193124522,0,1
1737,0.17369999999999719,1,1,0.48488514097049734,0.085968740417068285,0,-0.17457072550904537,0.4846533193124522,0,1
1738,0.17379999999999718,0,1,-0.48486768389794643,-0.086017205748999528,0,0.17467223342747806,-0.48463532225056544,0,1
1738,0.17379999999999718,1,1,0.48486768389794643,0.086017205748999528,0,-0.17467223342747806,0.48463532225056544,0,1
1739,0.17389999999999717,0,1,-0.48485021667460371,-0.086065669281224583,0,0.17477374308716406,-0.48461731408550784,0,1
1739,0.17389999999999717,1,1,0.48485021667460371,0.086065669281224583,0,-0.17477374308716406,0.48461731408550784,0,1
1740,0.17399999999999716,0,1,-0.48483273930029497,-0.086114131012633127,0,0.17487525448911045,-0.4845992948159526,0,1
1740,0.17399999999999716,1,1,0.48483273930029497,0.086114131012633127,0,-0.17487525448911045,0.4845992948159526,0,1
1741,0.17409999999999715,0,1,-0.48481525177484608,-0.086162590942114717,0,0.17497676763432438,-0.48458126444057187,0,1
1741,0.17409999999999715,1,1,0.48481525177484608,0.086162590942114717,0,-0.17497676763432438,0.48458126444057187,0,1
1742,0.17419999999999713,0,1,-0.48479775409808262,-0.086211049068558768,0,0.17507828252381291,-0.484563222958037,0,1
1742,0.17419999999999713,1,1,0.48479775409808262,0.086211049068558768,0,-0.17507828252381291,0.484563222958037,0,1
1743,0.17429999999999712,0,1,-0.48478024626983024,-0.086259505390854571,0,0.17517979915858314,-0.48454517036701844,0,1
1743,0.17429999999999712,1,1,0.48478024626983024,0.086259505390854571,0,-0.17517979915858314,0.48454517036701844,0,1
1744,0.17439999999999711,0,1,-0.4847627282899144,-0.08630795990789128,0,0.17528131753964221,-0.4845271066661857,0,1
1744,0.17439999999999711,1,1,0.4847627282899144,0.08630795990789128,0,-0.17528131753964221,0.4845271066661857,0,1
1745,0.1744999999999971,0,1,-0.48474520015816042,-0.086356412618557893,0,0.1753828376679972,-0.48450903185420746,0,1
1745,0.1744999999999971,1,1,0.48474520015816042,0.086356412618557893,0,-0.1753828376679972,0.48450903185420746,0,1
1746,0.17459999999999709,0,1,-0.48472766187439359,-0.086404863521743314,0,0.17548435954465519,-0.48449094592975145,0,1
1746,0.17459999999999709,1,1,0.48472766187439359,0.086404863521743314,0,-0.17548435954465519,0.48449094592975145,0,1
1747,0.17469999999999708,0,1,-0.48471011343843912,-0.086453312616336292,0,0.17558588317062332,-0.48447284889148445,0,1
1747,0.17469999999999708,1,1,0.48471011343843912,0.086453312616336292,0,-0.17558588317062332,0.48447284889148445,0,1
1748,0.17479999999999707,0,1,-0.48469255485012208,-0.086501759901225439,0,0.17568740854690865,-0.48445474073807249,0,1
1748,0.17479999999999707,1,1,0.48469255485012208,0.086501759901225439,0,-0.17568740854690865,0.48445474073807249,0,1
1749,0.17489999999999706,0,1,-0.4846749861092674,-0.086550205375299241,0,0.17578893567451831,-0.48443662146818051,0,1
1749,0.17489999999999706,1,1,0.4846749861092674,0.086550205375299241,0,-0.17578893567451831,0.48443662146818051,0,1
1750,0.17499999999999705,0,1,-0.48465740721569994,-0.08659864903744606,0,0.17589046455445939,-0.48441849108047275,0,1
1750,0.17499999999999705,1,1,0.48465740721569994,0.08659864903744606,0,-0.17589046455445939,0.48441849108047275,0,1
1751,0.17509999999999704,0,1,-0.48463981816924451,-0.086647090886554104,0,0.17599199518773898,-0.48440034957361239,0,1
1751,0.17509999999999704,1,1,0.48463981816924451,0.086647090886554104,0,-0.17599199518773898,0.48440034957361239,0,1
1752,0.17519999999999702,0,1,-0.48462221896972574,-0.086695530921511471,0,0.17609352757536414,-0.48438219694626178,0,1
1752,0.17519999999999702,1,1,0.48462221896972574,0.086695530921511471,0,-0.17609352757536414,0.48438219694626178,0,1
1753,0.17529999999999701,0,1,-0.48460460961696822,-0.086743969141206093,0,0.17619506171834201,-0.48436403319708238,0,1
1753,0.17529999999999701,1,1,0.48460460961696822,0.086743969141206093,0,-0.17619506171834201,0.48436403319708238,0,1
1754,0.175399999999997,0,1,-0.48458699011079637,-0.086792405544525802,0,0.17629659761767968,-0.4843458583247347,0,1
1754,0.175399999999997,1,1,0.48458699011079637,0.086792405544525802,0,-0.17629659761767968,0.4843458583247347,0,1
1755,0.17549999999999699,0,1,-0.4845693604510346,-0.086840840130358282,0,0.17639813527438422,-0.48432767232787843,0,1
1755,0.17549999999999699,1,1,0.4845693604510346,0.086840840130358282,0,-0.17639813527438422,0.48432767232787843,0,1
1756,0.17559999999999698,0,1,-0.48455172063750718,-0.086889272897591074,0,0.17649967468946273,-0.48430947520517231,0,1
1756,0.17559999999999698,1,1,0.48455172063750718,0.086889272897591074,0,-0.17649967468946273,0.48430947520517231,0,1
1757,0.17569999999999697,0,1,-0.48453407067003823,-0.086937703845111597,0,0.1766012158639223,-0.48429126695527414,0,1
1757,0.17569999999999697,1,1,0.48453407067003823,0.086937703845111597,0,-0.1766012158639223,0.48429126695527414,0,1
1758,0.17579999999999696,0,1,-0.48451641054845185,-0.086986132971807129,0,0.17670275879877001,-0.48427304757684086,0,1
1758,0.17579999999999696,1,1,0.48451641054845185,0.086986132971807129,0,-0.17670275879877001,0.48427304757684086,0,1
1759,0.17589999999999695,0,1,-0.48449874027257195,-0.08703456027656481,0,0.17680430349501294,-0.48425481706852852,0,1
1759,0.17589999999999695,1,1,0.48449874027257195,0.08703456027656481,0,-0.17680430349501294,0.48425481706852852,0,1
1760,0.17599999999999694,0,1,-0.48448105984222245,-0.087082985758271669,0,0.17690584995365818,-0.48423657542899223,0,1
1760,0.17599999999999694,1,1,0.48448105984222245,0.087082985758271669,0,-0.17690584995365818,0.48423657542899223,0,1
1761,0.17609999999999693,0,1,-0.48446336925722711,-0.08713140941581457,0,0.17700739817571282,-0.48421832265688625,0,1
1761,0.17609999999999693,1,1,0.48446336925722711,0.08713140941581457,0,-0.17700739817571282,0.48421832265688625,0,1
1762,0.17619999999999691,0,1,-0.48444566851740956,-0.087179831248080264,0,0.17710894816218392,-0.48420005875086392,0,1
1762,0.17619999999999691,1,1,0.48444566851740956,0.087179831248080264,0,-0.17710894816218392,0.48420005875086392,0,1
1763,0.1762999999999969,0,1,-0.48442795762259333,-0.08722825125395535,0,0.17721049991407858,-0.4841817837095776,0,1
1763,0.1762999999999969,1,1,0.48442795762259333,0.08722825125395535,0,-0.17721049991407858,0.4841817837095776,0,1
1764,0.17639999999999689,0,1,-0.4844102365726019,-0.087276669432326301,0,0.17731205343240389,-0.48416349753167887,0,1
1764,0.17639999999999689,1,1,0.4844102365726019,0.087276669432326301,0,-0.17731205343240389,0.48416349753167887,0,1
1765,0.17649999999999688,0,1,-0.48439250536725864,-0.087325085782079467,0,0.17741360871816689,-0.48414520021581836,0,1
1765,0.17649999999999688,1,1,0.48439250536725864,0.087325085782079467,0,-0.17741360871816689,0.48414520021581836,0,1
1766,0.17659999999999687,0,1,-0.48437476400638685,-0.087373500302101045,0,0.17751516577237469,-0.48412689176064572,0,1
1766,0.17659999999999687,1,1,0.48437476400638685,0.087373500302101045,0,-0.17751516577237469,0.48412689176064572,0,1
1767,0.17669999999999686,0,1,-0.48435701248980961,-0.087421912991277106,0,0.17761672459603436,-0.48410857216480979,0,1
1767,0.17669999999999686,1,1,0.48435701248980961,0.087421912991277106,0,-0.17761672459603436,0.48410857216480979,0,1
1768,0.17679999999999685,0,1,-0.48433925081735002,-0.087470323848493584,0,0.17771828519015295,-0.4840902414269585,0,1
1768,0.17679999999999685,1,1,0.48433925081735002,0.087470323848493584,0,-0.17771828519015295,0.4840902414269585,0,1
1769,0.17689999999999684,0,1,-0.48432147898883099,-0.087518732872636285,0,0.17781984755573754,-0.48407189954573887,0,1
1769,0.17689999999999684,1,1,0.48432147898883099,0.087518732872636285,0,-0.17781984755573754,0.48407189954573887,0,1
1770,0.17699999999999683,0,1,-0.48430369700407544,-0.087567140062590865,0,0.17792141169379522,-0.48405354651979693,0,1
1770,0.17699999999999683,1,1,0.48430369700407544,0.087567140062590865,0,-0.17792141169379522,0.48405354651979693,0,1
1771,0.17709999999999682,0,1,-0.48428590486290607,-0.087615545417242841,0,0.17802297760533303,-0.48403518234777793,0,1
1771,0.17709999999999682,1,1,0.48428590486290607,0.087615545417242841,0,-0.17802297760533303,0.48403518234777793,0,1
1772,0.1771999999999968,0,1,-0.48426810256514552,-0.087663948935477617,0,0.17812454529135807,-0.48401680702832617,0,1
1772,0.1771999999999968,1,1,0.48426810256514552,0.087663948935477617,0,-0.17812454529135807,0.48401680702832617,0,1
1773,0.17729999999999679,0,1,-0.48425029011061638,-0.087712350616180448,0,0.17822611475287739,-0.48399842056008496,0,1
1773,0.17729999999999679,1,1,0.48425029011061638,0.087712350616180448,0,-0.17822611475287739,0.48399842056008496,0,1
1774,0.17739999999999678,0,1,-0.48423246749914112,-0.087760750458236461,0,0.17832768599089804,-0.48398002294169684,0,1
1774,0.17739999999999678,1,1,0.48423246749914112,0.087760750458236461,0,-0.17832768599089804,0.48398002294169684,0,1
1775,0.17749999999999677,0,1,-0.48421463473054205,-0.087809148460530631,0,0.17842925900642709,-0.48396161417180339,0,1
1775,0.17749999999999677,1,1,0.48421463473054205,0.087809148460530631,0,-0.17842925900642709,0.48396161417180339,0,1
1776,0.17759999999999676,0,1,-0.48419679180464142,-0.087857544621947808,0,0.17853083380047161,-0.48394319424904525,0,1
1776,0.17759999999999676,1,1,0.48419679180464142,0.087857544621947808,0,-0.17853083380047161,0.48394319424904525,0,1
1777,0.17769999999999675,0,1,-0.48417893872126139,-0.087905938941372719,0,0.17863241037403862,-0.48392476317206218,0,1
1777,0.17769999999999675,1,1,0.48417893872126139,0.087905938941372719,0,-0.17863241037403862,0.48392476317206218,0,1
1778,0.17779999999999674,0,1,-0.48416107548022397,-0.087954331417689921,0,0.17873398872813523,-0.48390632093949304,0,1
1778,0.17779999999999674,1,1,0.48416107548022397,0.087954331417689921,0,-0.17873398872813523,0.48390632093949304,0,1
1779,0.17789999999999673,0,1,-0.48414320208135114,-0.088002722049783877,0,0.17883556886376847,-0.48388786754997576,0,1
1779,0.17789999999999673,1,1,0.48414320208135114,0.088002722049783877,0,-0.17883556886376847,0.48388786754997576,0,1
1780,0.17799999999999672,0,1,-0.48412531852446478,-0.088051110836538868,0,0.17893715078194539,-0.48386940300214742,0,1
1780,0.17799999999999672,1,1,0.48412531852446478,0.088051110836538868,0,-0.17893715078194539,0.48386940300214742,0,1
1781,0.17809999999999671,0,1,-0.48410742480938657,-0.088099497776839078,0,0.17903873448367305,-0.48385092729464413,0,1
1781,0.17809999999999671,1,1,0.48410742480938657,0.088099497776839078,0,-0.17903873448367305,0.48385092729464413,0,1
1782,0.17819999999999669,0,1,-0.48408952093593821,-0.088147882869568539,0,0.17914031996995849,-0.48383244042610107,0,1
1782,0.17819999999999669,1,1,0.48408952093593821,0.088147882869568539,0,-0.17914031996995849,0.48383244042610107,0,1
1783,0.17829999999999668,0,1,-0.48407160690394124,-0.088196266113611144,0,0.17924190724180877,-0.48381394239515263,0,1
1783,0.17829999999999668,1,1,0.48407160690394124,0.088196266113611144,0,-0.17924190724180877,0.48381394239515263,0,1
1784,0.17839999999999667,0,1,-0.48405368271321708,-0.08824464750785066,0,0.17934349630023091,-0.48379543320043217,0,1
1784,0.17839999999999667,1,1,0.48405368271321708,0.08824464750785066,0,-0.17934349630023091,0.48379543320043217,0,1
1785,0.17849999999999666,0,1,-0.48403574836358704,-0.088293027051170703,0,0.17944508714623197,-0.48377691284057223,0,1
1785,0.17849999999999666,1,1,0.48403574836358704,0.088293027051170703,0,-0.17944508714623197,0.48377691284057223,0,1
1786,0.17859999999999665,0,1,-0.48401780385487242,-0.088341404742454763,0,0.17954667978081901,-0.48375838131420434,0,1
1786,0.17859999999999665,1,1,0.48401780385487242,0.088341404742454763,0,-0.17954667978081901,0.48375838131420434,0,1
1787,0.17869999999999664,0,1,-0.48399984918689432,-0.088389780580586177,0,0.17964827420499901,-0.48373983861995923,0,1
1787,0.17869999999999664,1,1,0.48399984918689432,0.088389780580586177,0,-0.17964827420499901,0.48373983861995923,0,1
1788,0.17879999999999663,0,1,-0.48398188435947381,-0.088438154564448174,0,0.17974987041977908,-0.4837212847564667,0,1
1788,0.17879999999999663,1,1,0.48398188435947381,0.088438154564448174,0,-0.17974987041977908,0.4837212847564667,0,1
1789,0.17889999999999662,0,1,-0.48396390937243183,-0.088486526692923825,0,0.1798514684261662,-0.48370271972235557,0,1
1789,0.17889999999999662,1,1,0.48396390937243183,0.088486526692923825,0,-0.1798514684261662,0.48370271972235557,0,1
1790,0.17899999999999661,0,1,-0.48394592422558924,-0.088534896964896068,0,0.17995306822516743,-0.48368414351625383,0,1
1790,0.17899999999999661,1,1,0.48394592422558924,0.088534896964896068,0,-0.17995306822516743,0.48368414351625383,0,1
1791,0.1790999999999966,0,1,-0.48392792891876674,-0.088583265379247697,0,0.18005466981778981,-0.48366555613678847,0,1
1791,0.1790999999999966,1,1,0.48392792891876674,0.088583265379247697,0,-0.18005466981778981,0.48366555613678847,0,1
1792,0.17919999999999658,0,1,-0.48390992345178496,-0.088631631934861371,0,0.18015627320504035,-0.48364695758258569,0,1
1792,0.17919999999999658,1,1,0.48390992345178496,0.088631631934861371,0,-0.18015627320504035,0.48364695758258569,0,1
1793,0.17929999999999657,0,1,-0.48389190782446445,-0.088679996630619623,0,0.18025787838792609,-0.48362834785227066,0,1
1793,0.17929999999999657,1,1,0.48389190782446445,0.088679996630619623,0,-0.18025787838792609,0.48362834785227066,0,1
1794,0.17939999999999656,0,1,-0.48387388203662568,-0.088728359465404846,0,0.18035948536745405,-0.48360972694446774,0,1
1794,0.17939999999999656,1,1,0.48387388203662568,0.088728359465404846,0,-0.18035948536745405,0.48360972694446774,0,1
1795,0.17949999999999655,0,1,-0.48385584608808896,-0.088776720438099296,0,0.18046109414463124,-0.48359109485780027,0,1
1795,0.17949999999999655,1,1,0.48385584608808896,0.088776720438099296,0,-0.18046109414463124,0.48359109485780027,0,1
1796,0.17959999999999654,0,1,-0.48383779997867449,-0.088825079547585076,0,0.18056270472046468,-0.4835724515908908,0,1
1796,0.17959999999999654,1,1,0.48383779997867449,0.088825079547585076,0,-0.18056270472046468,0.4835724515908908,0,1
1797,0.17969999999999653,0,1,-0.48381974370820247,-0.088873436792744162,0,0.1806643170959614,-0.48355379714236091,0,1
1797,0.17969999999999653,1,1,0.48381974370820247,0.088873436792744162,0,-0.1806643170959614,0.48355379714236091,0,1
1798,0.17979999999999652,0,1,-0.48380167727649287,-0.088921792172458394,0,0.18076593127212842,-0.48353513151083127,0,1
1798,0.17979999999999652,1,1,0.48380167727649287,0.088921792172458394,0,-0.18076593127212842,0.48353513151083127,0,1
1799,0.17989999999999651,0,1,-0.48378360068336568,-0.088970145685609472,0,0.18086754724997275,-0.4835164546949216,0,1
1799,0.17989999999999651,1,1,0.48378360068336568,0.088970145685609472,0,-0.18086754724997275,0.4835164546949216,0,1
1800,0.1799999999999965,0,1,-0.4837655139286407,-0.089018497331078958,0,0.18096916503050139,-0.48349776669325079,0,1
1800,0.1799999999999965,1,1,0.4837655139286407,0.089018497331078958,0,-0.18096916503050139,0.48349776669325079,0,1
1801,0.18009999999999649,0,1,-0.48374741701213764,-0.089066847107748287,0,0.18107078461472137,-0.48347906750443675,0,1
1801,0.18009999999999649,1,1,0.48374741701213764,0.089066847107748287,0,-0.18107078461472137,0.48347906750443675,0,1
1802,0.18019999999999647,0,1,-0.48372930993367619,-0.08911519501449873,0,0.18117240600363968,-0.48346035712709651,0,1
1802,0.18019999999999647,1,1,0.48372930993367619,0.08911519501449873,0,-0.18117240600363968,0.48346035712709651,0,1
1803,0.18029999999999646,0,1,-0.48371119269307583,-0.089163541050211445,0,0.18127402919826333,-0.48344163555984615,0,1
1803,0.18029999999999646,1,1,0.48371119269307583,0.089163541050211445,0,-0.18127402919826333,0.48344163555984615,0,1
1804,0.18039999999999645,0,1,-0.48369306529015599,-0.089211885213767425,0,0.18137565419959931,-0.4834229028013009,0,1
1804,0.18039999999999645,1,1,0.48369306529015599,0.089211885213767425,0,-0.18137565419959931,0.4834229028013009,0,1
1805,0.18049999999999644,0,1,-0.48367492772473603,-0.089260227504047551,0,0.18147728100865465,-0.48340415885007504,0,1
1805,0.18049999999999644,1,1,0.48367492772473603,0.089260227504047551,0,-0.18147728100865465,0.48340415885007504,0,1
1806,0.18059999999999643,0,1,-0.48365677999663514,-0.089308567919932552,0,0.18157890962643633,-0.48338540370478195,0,1
1806,0.18059999999999643,1,1,0.48365677999663514,0.089308567919932552,0,-0.18157890962643633,0.48338540370478195,0,1
1807,0.18069999999999642,0,1,-0.48363862210567249,-0.089356906460303032,0,0.18168054005395132,-0.48336663736403401,0,1
1807,0.18069999999999642,1,1,0.48363862210567249,0.089356906460303032,0,-0.18168054005395132,0.48336663736403401,0,1
1808,0.18079999999999641,0,1,-0.48362045405166709,-0.089405243124039441,0,0.18178217229220664,-0.48334785982644285,0,1
1808,0.18079999999999641,1,1,0.48362045405166709,0.089405243124039441,0,-0.18178217229220664,0.48334785982644285,0,1
1809,0.1808999999999964,0,1,-0.48360227583443788,-0.089453577910022092,0,0.18188380634220927,-0.48332907109061907,0,1
1809,0.1808999999999964,1,1,0.48360227583443788,0.089453577910022092,0,-0.18188380634220927,0.48332907109061907,0,1
1810,0.18099999999999639,0,1,-0.48358408745380366,-0.089501910817131158,0,0.18198544220496621,-0.48331027115517233,0,1
1810,0.18099999999999639,1,1,0.48358408745380366,0.089501910817131158,0,-0.18198544220496621,0.48331027115517233,0,1
1811,0.18109999999999637,0,1,-0.48356588890958319,-0.089550241844246675,0,0.18208707988148443,-0.48329146001871148,0,1
1811,0.18109999999999637,1,1,0.48356588890958319,0.089550241844246675,0,-0.18208707988148443,0.48329146001871148,0,1
1812,0.18119999999999636,0,1,-0.48354768020159505,-0.089598570990248552,0,0.1821887193727709,-0.48327263767984435,0,1
1812,0.18119999999999636,1,1,0.48354768020159505,0.089598570990248552,0,-0.1821887193727709,0.48327263767984435,0,1
1813,0.18129999999999635,0,1,-0.48352946132965779,-0.089646898254016533,0,0.18229036067983262,-0.48325380413717794,0,1
1813,0.18129999999999635,1,1,0.48352946132965779,0.089646898254016533,0,-0.18229036067983262,0.48325380413717794,0,1
1814,0.18139999999999634,0,1,-0.48351123229358983,-0.089695223634430249,0,0.18239200380367654,-0.48323495938931832,0,1
1814,0.18139999999999634,1,1,0.48351123229358983,0.089695223634430249,0,-0.18239200380367654,0.48323495938931832,0,1
1815,0.18149999999999633,0,1,-0.48349299309320948,-0.089743547130369181,0,0.18249364874530966,-0.48321610343487059,0,1
1815,0.18149999999999633,1,1,0.48349299309320948,0.089743547130369181,0,-0.18249364874530966,0.48321610343487059,0,1
1816,0.18159999999999632,0,1,-0.48347474372833493,-0.089791868740712669,0,0.18259529550573894,-0.48319723627243899,0,1
1816,0.18159999999999632,1,1,0.48347474372833493,0.089791868740712669,0,-0.18259529550573894,0.48319723627243899,0,1
1817,0.18169999999999631,0,1,-0.48345648419878434,-0.089840188464339915,0,0.18269694408597134,-0.4831783579006268,0,1
1817,0.18169999999999631,1,1,0.48345648419878434,0.089840188464339915,0,-0.18269694408597134,0.4831783579006268,0,1
1818,0.1817999999999963,0,1,-0.48343821450437574,-0.089888506300129983,0,0.18279859448701385,-0.48315946831803641,0,1
1818,0.1817999999999963,1,1,0.48343821450437574,0.089888506300129983,0,-0.18279859448701385,0.48315946831803641,0,1
1819,0.18189999999999629,0,1,-0.48341993464492705,-0.089936822246961784,0,0.1829002467098734,-0.48314056752326928,0,1
1819,0.18189999999999629,1,1,0.48341993464492705,0.089936822246961784,0,-0.1829002467098734,0.48314056752326928,0,1
1820,0.18199999999999628,0,1,-0.48340164462025609,-0.089985136303714117,0,0.18300190075555697,-0.48312165551492597,0,1
1820,0.18199999999999628,1,1,0.48340164462025609,0.089985136303714117,0,-0.18300190075555697,0.48312165551492597,0,1
1821,0.18209999999999626,0,1,-0.48338334443018055,-0.090033448469265615,0,0.18310355662507152,-0.48310273229160611,0,1
1821,0.18209999999999626,1,1,0.48338334443018055,0.090033448469265615,0,-0.18310355662507152,0.48310273229160611,0,1
1822,0.18219999999999625,0,1,-0.48336503407451803,-0.090081758742494772,0,0.18320521431942399,-0.48308379785190841,0,1
1822,0.18219999999999625,1,1,0.48336503407451803,0.090081758742494772,0,-0.18320521431942399,0.48308379785190841,0,1
1823,0.18229999999999624,0,1,-0.48334671355308606,-0.090130067122279958,0,0.18330687383962133,-0.48306485219443068,0,1
1823,0.18229999999999624,1,1,0.48334671355308606,0.090130067122279958,0,-0.18330687383962133,0.48306485219443068,0,1
1824,0.18239999999999623,0,1,-0.48332838286570212,-0.090178373607499404,0,0.18340853518667047,-0.48304589531776976,0,1
1824,0.18239999999999623,1,1,0.48332838286570212,0.090178373607499404,0,-0.18340853518667047,0.48304589531776976,0,1
1825,0.18249999999999622,0,1,-0.48331004201218347,-0.090226678197031188,0,0.18351019836157839,-0.48302692722052165,0,1
1825,0.18249999999999622,1,1,0.48331004201218347,0.090226678197031188,0,-0.18351019836157839,0.48302692722052165,0,1
1826,0.18259999999999621,0,1,-0.48329169099234731,-0.090274980889753234,0,0.18361186336535201,-0.48300794790128138,0,1
1826,0.18259999999999621,1,1,0.48329169099234731,0.090274980889753234,0,-0.18361186336535201,0.48300794790128138,0,1
1827,0.1826999999999962,0,1,-0.48327332980601079,-0.090323281684543358,0,0.18371353019899828,-0.48298895735864306,0,1
1827,0.1826999999999962,1,1,0.48327332980601079,0.090323281684543358,0,-0.18371353019899828,0.48298895735864306,0,1
1828,0.18279999999999619,0,1,-0.48325495845299088,-0.09037158058027922,0,0.18381519886352413,-0.48296995559119987,0,1
1828,0.18279999999999619,1,1,0.48325495845299088,0.09037158058027922,0,-0.18381519886352413,0.48296995559119987,0,1
1829,0.18289999999999618,0,1,-0.48323657693310451,-0.090419877575838345,0,0.18391686935993648,-0.48295094259754412,0,1
1829,0.18289999999999618,1,1,0.48323657693310451,0.090419877575838345,0,-0.18391686935993648,0.48295094259754412,0,1
1830,0.18299999999999617,0,1,-0.4832181852461685,-0.090468172670098101,0,0.18401854168924228,-0.4829319183762672,0,1
1830,0.18299999999999617,1,1,0.4832181852461685,0.090468172670098101,0,-0.18401854168924228,0.4829319183762672,0,1
1831,0.18309999999999615,0,1,-0.48319978339199959,-0.090516465861935722,0,0.18412021585244845,-0.48291288292595952,0,1
1831,0.18309999999999615,1,1,0.48319978339199959,0.090516465861935722,0,-0.18412021585244845,0.48291288292595952,0,1
1832,0.18319999999999614,0,1,-0.48318137137041434,-0.090564757150228312,0,0.1842218918505619,-0.48289383624521059,0,1
1832,0.18319999999999614,1,1,0.48318137137041434,0.090564757150228312,0,-0.1842218918505619,0.48289383624521059,0,1
1833,0.18329999999999613,0,1,-0.48316294918122926,-0.09061304653385284,0,0.18432356968458954,-0.48287477833260906,0,1
1833,0.18329999999999613,1,1,0.48316294918122926,0.09061304653385284,0,-0.18432356968458954,0.48287477833260906,0,1
1834,0.18339999999999612,0,1,-0.48314451682426079,-0.090661334011686107,0,0.18442524935553831,-0.48285570918674253,0,1
1834,0.18339999999999612,1,1,0.48314451682426079,0.090661334011686107,0,-0.18442524935553831,0.48285570918674253,0,1
1835,0.18349999999999611,0,1,-0.48312607429932525,-0.090709619582604775,0,0.1845269308644151,-0.48283662880619782,0,1
1835,0.18349999999999611,1,1,0.48312607429932525,0.090709619582604775,0,-0.1845269308644151,0.48283662880619782,0,1
1836,0.1835999999999961,0,1,-0.48310762160623882,-0.090757903245485397,0,0.18462861421222684,-0.48281753718956077,0,1
1836,0.1835999999999961,1,1,0.48310762160623882,0.090757903245485397,0,-0.18462861421222684,0.48281753718956077,0,1
1837,0.18369999999999609,0,1,-0.48308915874481761,-0.090806184999204356,0,0.18473029939998045,-0.48279843433541625,0,1
1837,0.18369999999999609,1,1,0.48308915874481761,0.090806184999204356,0,-0.18473029939998045,0.48279843433541625,0,1
1838,0.18379999999999608,0,1,-0.4830706857148776,-0.0908544648426379,0,0.18483198642868282,-0.48277932024234832,0,1
1838,0.18379999999999608,1,1,0.4830706857148776,0.0908544648426379,0,-0.18483198642868282,0.48277932024234832,0,1
1839,0.18389999999999607,0,1,-0.48305220251623471,-0.090902742774662135,0,0.18493367529934082,-0.48276019490894001,0,1
1839,0.18389999999999607,1,1,0.48305220251623471,0.090902742774662135,0,-0.18493367529934082,0.48276019490894001,0,1
1840,0.18399999999999606,0,1,-0.48303370914870475,-0.09095101879415303,0,0.18503536601296139,-0.48274105833377345,0,1
1840,0.18399999999999606,1,1,0.48303370914870475,0.09095101879415303,0,-0.18503536601296139,0.48274105833377345,0,1
1841,0.18409999999999604,0,1,-0.48301520561210343,-0.0909992928999864,0,0.18513705857055138,-0.4827219105154299,0,1
1841,0.18409999999999604,1,1,0.48301520561210343,0.0909992928999864,0,-0.18513705857055138,0.4827219105154299,0,1
1842,0.18419999999999603,0,1,-0.48299669190624639,-0.091047565091037938,0,0.1852387529731177,-0.48270275145248964,0,1
1842,0.18419999999999603,1,1,0.48299669190624639,0.091047565091037938,0,-0.1852387529731177,0.48270275145248964,0,1
1843,0.18429999999999602,0,1,-0.48297816803094906,-0.091095835366183181,0,0.18534044922166723,-0.48268358114353205,0,1
1843,0.18429999999999602,1,1,0.48297816803094906,0.091095835366183181,0,-0.18534044922166723,0.48268358114353205,0,1
1844,0.18439999999999601,0,1,-0.48295963398602687,-0.091144103724297529,0,0.18544214731720687,-0.48266439958713558,0,1
1844,0.18439999999999601,1,1,0.48295963398602687,0.091144103724297529,0,-0.18544214731720687,0.48266439958713558,0,1
1845,0.184499999999996,0,1,-0.48294108977129513,-0.091192370164256242,0,0.18554384726074349,-0.48264520678187783,0,1
1845,0.184499999999996,1,1,0.48294108977129513,0.091192370164256242,0,-0.18554384726074349,0.48264520678187783,0,1
1846,0.18459999999999599,0,1,-0.48292253538656904,-0.09124063468493443,0,0.18564554905328395,-0.48262600272633532,0,1
1846,0.18459999999999599,1,1,0.48292253538656904,0.09124063468493443,0,-0.18564554905328395,0.48262600272633532,0,1
1847,0.18469999999999598,0,1,-0.4829039708316637,-0.09128889728520706,0,0.18574725269583514,-0.4826067874190838,0,1
1847,0.18469999999999598,1,1,0.4829039708316637,0.09128889728520706,0,-0.18574725269583514,0.4826067874190838,0,1
1848,0.18479999999999597,0,1,-0.48288539610639414,-0.091337157963948964,0,0.18584895818940392,-0.48258756085869797,0,1
1848,0.18479999999999597,1,1,0.48288539610639414,0.091337157963948964,0,-0.18584895818940392,0.48258756085869797,0,1
1849,0.18489999999999596,0,1,-0.48286681121057518,-0.091385416720034834,0,0.18595066553499714,-0.48256832304375175,0,1
1849,0.18489999999999596,1,1,0.48286681121057518,0.091385416720034834,0,-0.18595066553499714,0.48256832304375175,0,1
1850,0.18499999999999595,0,1,-0.48284821614402168,-0.091433673552339209,0,0.18605237473362168,-0.48254907397281793,0,1
1850,0.18499999999999595,1,1,0.48284821614402168,0.091433673552339209,0,-0.18605237473362168,0.48254907397281793,0,1
1851,0.18509999999999593,0,1,-0.4828296109065483,-0.091481928459736489,0,0.1861540857862844,-0.48252981364446862,0,1
1851,0.18509999999999593,1,1,0.4828296109065483,0.091481928459736489,0,-0.1861540857862844,0.48252981364446862,0,1
1852,0.18519999999999592,0,1,-0.48281099549796969,-0.091530181441100936,0,0.18625579869399211,-0.48251054205727478,0,1
1852,0.18519999999999592,1,1,0.48281099549796969,0.091530181441100936,0,-0.18625579869399211,0.48251054205727478,0,1
1853,0.18529999999999591,0,1,-0.48279236991810026,-0.091578432495306658,0,0.1863575134577517,-0.48249125920980657,0,1
1853,0.18529999999999591,1,1,0.48279236991810026,0.091578432495306658,0,-0.1863575134577517,0.48249125920980657,0,1
1854,0.1853999999999959,0,1,-0.48277373416675451,-0.09162668162122764,0,0.18645923007857002,-0.48247196510063323,0,1
1854,0.1853999999999959,1,1,0.48277373416675451,0.09162668162122764,0,-0.18645923007857002,0.48247196510063323,0,1
1855,0.18549999999999589,0,1,-0.48275508824374663,-0.0916749288177377,0,0.18656094855745387,-0.48245265972832302,0,1
1855,0.18549999999999589,1,1,0.48275508824374663,0.0916749288177377,0,-0.18656094855745387,0.48245265972832302,0,1
1856,0.18559999999999588,0,1,-0.48273643214889089,-0.091723174083710529,0,0.18666266889541011,-0.48243334309144326,0,1
1856,0.18559999999999588,1,1,0.48273643214889089,0.091723174083710529,0,-0.18666266889541011,0.48243334309144326,0,1
1857,0.18569999999999587,0,1,-0.48271776588200133,-0.091771417418019668,0,0.18676439109344559,-0.48241401518856042,0,1
1857,0.18569999999999587,1,1,0.48271776588200133,0.091771417418019668,0,-0.18676439109344559,0.48241401518856042,0,1
1858,0.18579999999999586,0,1,-0.48269908944289197,-0.091819658819538519,0,0.18686611515256712,-0.48239467601823999,0,1
1858,0.18579999999999586,1,1,0.48269908944289197,0.091819658819538519,0,-0.18686611515256712,0.48239467601823999,0,1
1859,0.18589999999999585,0,1,-0.4826804028313767,-0.091867898287140343,0,0.18696784107378153,-0.4823753255790465,0,1
1859,0.18589999999999585,1,1,0.4826804028313767,0.091867898287140343,0,-0.18696784107378153,0.4823753255790465,0,1
1860,0.18599999999999584,0,1,-0.48266170604726932,-0.09191613581969825,0,0.18706956885809564,-0.48235596386954366,0,1
1860,0.18599999999999584,1,1,0.48266170604726932,0.09191613581969825,0,-0.18706956885809564,0.48235596386954366,0,1
1861,0.18609999999999582,0,1,-0.4826429990903835,-0.091964371416085211,0,0.18717129850651626,-0.48233659088829411,0,1
1861,0.18609999999999582,1,1,0.4826429990903835,0.091964371416085211,0,-0.18717129850651626,0.48233659088829411,0,1
1862,0.18619999999999581,0,1,-0.48262428196053286,-0.092012605075174045,0,0.18727303002005022,-0.48231720663385969,0,1
1862,0.18619999999999581,1,1,0.48262428196053286,0.092012605075174045,0,-0.18727303002005022,0.48231720663385969,0,1
1863,0.1862999999999958,0,1,-0.48260555465753086,-0.092060836795837431,0,0.18737476339970432,-0.48229781110480124,0,1
1863,0.1862999999999958,1,1,0.48260555465753086,0.092060836795837431,0,-0.18737476339970432,0.48229781110480124,0,1
1864,0.18639999999999579,0,1,-0.4825868171811909,-0.092109066576947909,0,0.18747649864648536,-0.48227840429967872,0,1
1864,0.18639999999999579,1,1,0.4825868171811909,0.092109066576947909,0,-0.18747649864648536,0.48227840429967872,0,1
1865,0.18649999999999578,0,1,-0.48256806953132625,-0.092157294417377883,0,0.18757823576140015,-0.4822589862170511,0,1
1865,0.18649999999999578,1,1,0.48256806953132625,0.092157294417377883,0,-0.18757823576140015,0.4822589862170511,0,1
1866,0.18659999999999577,0,1,-0.48254931170775012,-0.092205520315999587,0,0.18767997474545547,-0.48223955685547643,0,1
1866,0.18659999999999577,1,1,0.48254931170775012,0.092205520315999587,0,-0.18767997474545547,0.48223955685547643,0,1
1867,0.18669999999999576,0,1,-0.48253054371027559,-0.092253744271685131,0,0.18778171559965814,-0.48222011621351185,0,1
1867,0.18669999999999576,1,1,0.48253054371027559,0.092253744271685131,0,-0.18778171559965814,0.48222011621351185,0,1
1868,0.18679999999999575,0,1,-0.48251176553871561,-0.092301966283306489,0,0.18788345832501493,-0.48220066428971364,0,1
1868,0.18679999999999575,1,1,0.48251176553871561,0.092301966283306489,0,-0.18788345832501493,0.48220066428971364,0,1
1869,0.18689999999999574,0,1,-0.48249297719288309,-0.092350186349735464,0,0.18798520292253262,-0.48218120108263701,0,1
1869,0.18689999999999574,1,1,0.48249297719288309,0.092350186349735464,0,-0.18798520292253262,0.48218120108263701,0,1
1870,0.18699999999999573,0,1,-0.48247417867259085,-0.092398404469843723,0,0.18808694939321802,-0.48216172659083634,0,1
1870,0.18699999999999573,1,1,0.48247417867259085,0.092398404469843723,0,-0.18808694939321802,0.48216172659083634,0,1
1871,0.18709999999999571,0,1,-0.48245536997765154,-0.092446620642502808,0,0.18818869773807786,-0.48214224081286505,0,1
1871,0.18709999999999571,1,1,0.48245536997765154,0.092446620642502808,0,-0.18818869773807786,0.48214224081286505,0,1
1872,0.1871999999999957,0,1,-0.48243655110787775,-0.092494834866584094,0,0.18829044795811894,-0.4821227437472756,0,1
1872,0.1871999999999957,1,1,0.48243655110787775,0.092494834866584094,0,-0.18829044795811894,0.4821227437472756,0,1
1873,0.18729999999999569,0,1,-0.48241772206308192,-0.092543047140958817,0,0.18839220005434801,-0.48210323539261957,0,1
1873,0.18729999999999569,1,1,0.48241772206308192,0.092543047140958817,0,-0.18839220005434801,0.48210323539261957,0,1
1874,0.18739999999999568,0,1,-0.48239888284307647,-0.092591257464498075,0,0.18849395402777183,-0.48208371574744757,0,1
1874,0.18739999999999568,1,1,0.48239888284307647,0.092591257464498075,0,-0.18849395402777183,0.48208371574744757,0,1
1875,0.18749999999999567,0,1,-0.48238003344767372,-0.092639465836072826,0,0.18859570987939719,-0.48206418481030933,0,1
1875,0.18749999999999567,1,1,0.48238003344767372,0.092639465836072826,0,-0.18859570987939719,0.48206418481030933,0,1
1876,0.18759999999999566,0,1,-0.48236117387668576,-0.092687672254553863,0,0.18869746761023082,-0.4820446425797536,0,1
1876,0.18759999999999566,1,1,0.48236117387668576,0.092687672254553863,0,-0.18869746761023082,0.4820446425797536,0,1
1877,0.18769999999999565,0,1,-0.48234230412992474,-0.092735876718811838,0,0.18879922722127945,-0.48202508905432817,0,1
1877,0.18769999999999565,1,1,0.48234230412992474,0.092735876718811838,0,-0.18879922722127945,0.48202508905432817,0,1
1878,0.18779999999999564,0,1,-0.48232342420720259,-0.092784079227717267,0,0.18890098871354988,-0.48200552423257997,0,1
1878,0.18779999999999564,1,1,0.48232342420720259,0.092784079227717267,0,-0.18890098871354988,0.48200552423257997,0,1
1879,0.18789999999999563,0,1,-0.48230453410833124,-0.092832279780140525,0,0.18900275208804879,-0.48198594811305495,0,1
1879,0.18789999999999563,1,1,0.48230453410833124,0.092832279780140525,0,-0.18900275208804879,0.48198594811305495,0,1
1880,0.18799999999999562,0,1,-0.48228563383312245,-0.092880478374951836,0,0.18910451734578293,-0.48196636069429816,0,1
1880,0.18799999999999562,1,1,0.48228563383312245,0.092880478374951836,0,-0.18910451734578293,0.48196636069429816,0,1
1881,0.1880999999999956,0,1,-0.48226672338138787,-0.092928675011021269,0,0.18920628448775906,-0.4819467619748537,0,1
1881,0.1880999999999956,1,1,0.48226672338138787,0.092928675011021269,0,-0.18920628448775906,0.4819467619748537,0,1
1882,0.18819999999999559,0,1,-0.4822478027529391,-0.092976869687218758,0,0.18930805351498387,-0.48192715195326469,0,1
1882,0.18819999999999559,1,1,0.4822478027529391,0.092976869687218758,0,-0.18930805351498387,0.48192715195326469,0,1
1883,0.18829999999999558,0,1,-0.48222887194758762,-0.09302506240241408,0,0.1894098244284641,-0.4819075306280734,0,1
1883,0.18829999999999558,1,1,0.48222887194758762,0.09302506240241408,0,-0.1894098244284641,0.4819075306280734,0,1
1884,0.18839999999999557,0,1,-0.48220993096514475,-0.09307325315547689,0,0.18951159722920646,-0.48188789799782111,0,1
1884,0.18839999999999557,1,1,0.48220993096514475,0.09307325315547689,0,-0.18951159722920646,0.48188789799782111,0,1
1885,0.18849999999999556,0,1,-0.4821909798054218,-0.093121441945276676,0,0.18961337191821767,-0.48186825406104816,0,1
1885,0.18849999999999556,1,1,0.4821909798054218,0.093121441945276676,0,-0.18961337191821767,0.48186825406104816,0,1
1886,0.18859999999999555,0,1,-0.48217201846822999,-0.093169628770682786,0,0.18971514849650442,-0.48184859881629399,0,1
1886,0.18859999999999555,1,1,0.48217201846822999,0.093169628770682786,0,-0.18971514849650442,0.48184859881629399,0,1
1887,0.18869999999999554,0,1,-0.48215304695338035,-0.093217813630564417,0,0.18981692696507343,-0.48182893226209711,0,1
1887,0.18869999999999554,1,1,0.48215304695338035,0.093217813630564417,0,-0.18981692696507343,0.48182893226209711,0,1
1888,0.18879999999999553,0,1,-0.48213406526068386,-0.093265996523790626,0,0.18991870732493141,-0.48180925439699507,0,1
1888,0.18879999999999553,1,1,0.48213406526068386,0.093265996523790626,0,-0.18991870732493141,0.48180925439699507,0,1
1889,0.18889999999999552,0,1,-0.48211507338995135,-0.093314177449230332,0,0.19002048957708501,-0.48178956521952448,0,1
1889,0.18889999999999552,1,1,0.48211507338995135,0.093314177449230332,0,-0.19002048957708501,0.48178956521952448,0,1
1890,0.1889999999999955,0,1,-0.48209607134099364,-0.093362356405752286,0,0.19012227372254092,-0.48176986472822103,0,1
1890,0.1889999999999955,1,1,0.48209607134099364,0.093362356405752286,0,-0.19012227372254092,0.48176986472822103,0,1
1891,0.18909999999999549,0,1,-0.48207705911362136,-0.093410533392225104,0,0.19022405976230586,-0.48175015292161943,0,1
1891,0.18909999999999549,1,1,0.48207705911362136,0.093410533392225104,0,-0.19022405976230586,0.48175015292161943,0,1
1892,0.18919999999999548,0,1,-0.48205803670764513,-0.093458708407517271,0,0.19032584769738647,-0.48173042979825353,0,1
1892,0.18919999999999548,1,1,0.48205803670764513,0.093458708407517271,0,-0.19032584769738647,0.48173042979825353,0,1
1893,0.18929999999999547,0,1,-0.48203900412287537,-0.093506881450497098,0,0.19042763752878947,-0.48171069535665617,0,1
1893,0.18929999999999547,1,1,0.48203900412287537,0.093506881450497098,0,-0.19042763752878947,0.48171069535665617,0,1
1894,0.18939999999999546,0,1,-0.48201996135912251,-0.093555052520032767,0,0.19052942925752148,-0.4816909495953593,0,1
1894,0.18939999999999546,1,1,0.48201996135912251,0.093555052520032767,0,-0.19052942925752148,0.4816909495953593,0,1
1895,0.18949999999999545,0,1,-0.48200090841619675,-0.093603221614992307,0,0.19063122288458917,-0.48167119251289392,0,1
1895,0.18949999999999545,1,1,0.48200090841619675,0.093603221614992307,0,-0.19063122288458917,0.48167119251289392,0,1
1896,0.18959999999999544,0,1,-0.48198184529390831,-0.093651388734243599,0,0.19073301841099921,-0.4816514241077901,0,1
1896,0.18959999999999544,1,1,0.48198184529390831,0.093651388734243599,0,-0.19073301841099921,0.4816514241077901,0,1
1897,0.18969999999999543,0,1,-0.48196277199206722,-0.093699553876654379,0,0.19083481583775824,-0.48163164437857697,0,1
1897,0.18969999999999543,1,1,0.48196277199206722,0.093699553876654379,0,-0.19083481583775824,0.48163164437857697,0,1
1898,0.18979999999999542,0,1,-0.48194368851048347,-0.093747717041092235,0,0.19093661516587293,-0.4816118533237827,0,1
1898,0.18979999999999542,1,1,0.48194368851048347,0.093747717041092235,0,-0.19093661516587293,0.4816118533237827,0,1
1899,0.18989999999999541,0,1,-0.48192459484896688,-0.093795878226424614,0,0.19103841639634991,-0.48159205094193458,0,1
1899,0.18989999999999541,1,1,0.48192459484896688,0.093795878226424614,0,-0.19103841639634991,0.48159205094193458,0,1
1900,0.18999999999999539,0,1,-0.48190549100732727,-0.093844037431518812,0,0.1911402195301958,-0.48157223723155884,0,1
1900,0.18999999999999539,1,1,0.48190549100732727,0.093844037431518812,0,-0.1911402195301958,0.48157223723155884,0,1
1901,0.19009999999999538,0,1,-0.48188637698537423,-0.09389219465524197,0,0.19124202456841724,-0.48155241219118089,0,1
1901,0.19009999999999538,1,1,0.48188637698537423,0.09389219465524197,0,-0.19124202456841724,0.48155241219118089,0,1
1902,0.19019999999999537,0,1,-0.48186725278291737,-0.093940349896461092,0,0.19134383151202086,-0.48153257581932518,0,1
1902,0.19019999999999537,1,1,0.48186725278291737,0.093940349896461092,0,-0.19134383151202086,0.48153257581932518,0,1
1903,0.19029999999999536,0,1,-0.48184811839976616,-0.093988503154043029,0,0.19144564036201328,-0.48151272811451518,0,1
1903,0.19029999999999536,1,1,0.48184811839976616,0.093988503154043029,0,-0.19144564036201328,0.48151272811451518,0,1
1904,0.19039999999999535,0,1,-0.48182897383572998,-0.09403665442685448,0,0.19154745111940111,-0.48149286907527344,0,1
1904,0.19039999999999535,1,1,0.48182897383572998,0.09403665442685448,0,-0.19154745111940111,0.48149286907527344,0,1
1905,0.19049999999999534,0,1,-0.48180981909061804,-0.094084803713762002,0,0.19164926378519098,-0.48147299870012156,0,1
1905,0.19049999999999534,1,1,0.48180981909061804,0.094084803713762002,0,-0.19164926378519098,0.48147299870012156,0,1
1906,0.19059999999999533,0,1,-0.4817906541642395,-0.094132951013632019,0,0.19175107836038949,-0.48145311698758025,0,1
1906,0.19059999999999533,1,1,0.4817906541642395,0.094132951013632019,0,-0.19175107836038949,0.48145311698758025,0,1
1907,0.19069999999999532,0,1,-0.48177147905640344,-0.094181096325330782,0,0.19185289484600321,-0.48143322393616922,0,1
1907,0.19069999999999532,1,1,0.48177147905640344,0.094181096325330782,0,-0.19185289484600321,0.48143322393616922,0,1
1908,0.19079999999999531,0,1,-0.48175229376691886,-0.094229239647724394,0,0.19195471324303875,-0.48141331954440725,0,1
1908,0.19079999999999531,1,1,0.48175229376691886,0.094229239647724394,0,-0.19195471324303875,0.48141331954440725,0,1
1909,0.1908999999999953,0,1,-0.48173309829559458,-0.094277380979678832,0,0.19205653355250271,-0.48139340381081214,0,1
1909,0.1908999999999953,1,1,0.48173309829559458,0.094277380979678832,0,-0.19205653355250271,0.48139340381081214,0,1
1910,0.19099999999999528,0,1,-0.48171389264223935,-0.094325520320059919,0,0.19215835577540166,-0.48137347673390085,0,1
1910,0.19099999999999528,1,1,0.48171389264223935,0.094325520320059919,0,-0.19215835577540166,0.48137347673390085,0,1
1911,0.19109999999999527,0,1,-0.48169467680666184,-0.094373657667733313,0,0.19226017991274216,-0.48135353831218936,0,1
1911,0.19109999999999527,1,1,0.48169467680666184,0.094373657667733313,0,-0.19226017991274216,0.48135353831218936,0,1
1912,0.19119999999999526,0,1,-0.48167545078867058,-0.094421793021564532,0,0.1923620059655308,-0.48133358854419267,0,1
1912,0.19119999999999526,1,1,0.48167545078867058,0.094421793021564532,0,-0.1923620059655308,0.48133358854419267,0,1
1913,0.19129999999999525,0,1,-0.48165621458807401,-0.094469926380418956,0,0.19246383393477415,-0.48131362742842487,0,1
1913,0.19129999999999525,1,1,0.48165621458807401,0.094469926380418956,0,-0.19246383393477415,0.48131362742842487,0,1
1914,0.19139999999999524,0,1,-0.48163696820468055,-0.094518057743161799,0,0.19256566382147877,-0.4812936549633991,0,1
1914,0.19139999999999524,1,1,0.48163696820468055,0.094518057743161799,0,-0.19256566382147877,0.4812936549633991,0,1
1915,0.19149999999999523,0,1,-0.48161771163829842,-0.094566187108658134,0,0.1926674956266512,-0.48127367114762754,0,1
1915,0.19149999999999523,1,1,0.48161771163829842,0.094566187108658134,0,-0.1926674956266512,0.48127367114762754,0,1
1916,0.19159999999999522,0,1,-0.48159844488873577,-0.094614314475772898,0,0.19276932935129798,-0.48125367597962143,0,1
1916,0.19159999999999522,1,1,0.48159844488873577,0.094614314475772898,0,-0.19276932935129798,0.48125367597962143,0,1
1917,0.19169999999999521,0,1,-0.48157916795580064,-0.09466243984337086,0,0.19287116499642568,-0.48123366945789109,0,1
1917,0.19169999999999521,1,1,0.48157916795580064,0.09466243984337086,0,-0.19287116499642568,0.48123366945789109,0,1
1918,0.1917999999999952,0,1,-0.48155988083930101,-0.094710563210316651,0,0.19297300256304081,-0.48121365158094592,0,1
1918,0.1917999999999952,1,1,0.48155988083930101,0.094710563210316651,0,-0.19297300256304081,0.48121365158094592,0,1
1919,0.19189999999999519,0,1,-0.48154058353904472,-0.094758684575474747,0,0.19307484205214995,-0.48119362234729429,0,1
1919,0.19189999999999519,1,1,0.48154058353904472,0.094758684575474747,0,-0.19307484205214995,0.48119362234729429,0,1
1920,0.19199999999999517,0,1,-0.48152127605483952,-0.094806803937709475,0,0.19317668346475958,-0.48117358175544372,0,1
1920,0.19199999999999517,1,1,0.48152127605483952,0.094806803937709475,0,-0.19317668346475958,0.48117358175544372,0,1
1921,0.19209999999999516,0,1,-0.48150195838649307,-0.09485492129588502,0,0.19327852680187624,-0.48115352980390069,0,1
1921,0.19209999999999516,1,1,0.48150195838649307,0.09485492129588502,0,-0.19327852680187624,0.48115352980390069,0,1
1922,0.19219999999999515,0,1,-0.48148263053381291,-0.094903036648865416,0,0.19338037206450642,-0.48113346649117084,0,1
1922,0.19219999999999515,1,1,0.48148263053381291,0.094903036648865416,0,-0.19338037206450642,0.48113346649117084,0,1
1923,0.19229999999999514,0,1,-0.48146329249660647,-0.09495114999551453,0,0.19348221925365663,-0.4811133918157588,0,1
1923,0.19229999999999514,1,1,0.48146329249660647,0.09495114999551453,0,-0.19348221925365663,0.4811133918157588,0,1
1924,0.19239999999999513,0,1,-0.48144394427468112,-0.094999261334696106,0,0.1935840683703334,-0.48109330577616821,0,1
1924,0.19239999999999513,1,1,0.48144394427468112,0.094999261334696106,0,-0.1935840683703334,0.48109330577616821,0,1
1925,0.19249999999999512,0,1,-0.48142458586784409,-0.095047370665273717,0,0.1936859194155432,-0.48107320837090189,0,1
1925,0.19249999999999512,1,1,0.48142458586784409,0.095047370665273717,0,-0.1936859194155432,0.48107320837090189,0,1
1926,0.19259999999999511,0,1,-0.48140521727590252,-0.095095477986110802,0,0.19378777239029252,-0.48105309959846165,0,1
1926,0.19259999999999511,1,1,0.48140521727590252,0.095095477986110802,0,-0.19378777239029252,0.48105309959846165,0,1
1927,0.1926999999999951,0,1,-0.48138583849866351,-0.095143583296070644,0,0.19388962729558787,-0.4810329794573483,0,1
1927,0.1926999999999951,1,1,0.48138583849866351,0.095143583296070644,0,-0.19388962729558787,0.4810329794573483,0,1
1928,0.19279999999999509,0,1,-0.48136644953593394,-0.095191686594016375,0,0.19399148413243569,-0.48101284794606181,0,1
1928,0.19279999999999509,1,1,0.48136644953593394,0.095191686594016375,0,-0.19399148413243569,0.48101284794606181,0,1
1929,0.19289999999999508,0,1,-0.48134705038752068,-0.095239787878810975,0,0.19409334290184246,-0.4809927050631011,0,1
1929,0.19289999999999508,1,1,0.48134705038752068,0.095239787878810975,0,-0.19409334290184246,0.4809927050631011,0,1
1930,0.19299999999999506,0,1,-0.4813276410532305,-0.095287887149317282,0,0.19419520360481465,-0.48097255080696416,0,1
1930,0.19299999999999506,1,1,0.4813276410532305,0.095287887149317282,0,-0.19419520360481465,0.48097255080696416,0,1
1931,0.19309999999999505,0,1,-0.48130822153287001,-0.095335984404397972,0,0.19429706624235873,-0.48095238517614813,0,1
1931,0.19309999999999505,1,1,0.48130822153287001,0.095335984404397972,0,-0.19429706624235873,0.48095238517614813,0,1
1932,0.19319999999999504,0,1,-0.48128879182624579,-0.095384079642915592,0,0.19439893081548115,-0.48093220816914911,0,1
1932,0.19319999999999504,1,1,0.48128879182624579,0.095384079642915592,0,-0.19439893081548115,0.48093220816914911,0,1
1933,0.19329999999999503,0,1,-0.48126935193316422,-0.095432172863732512,0,0.19450079732518835,-0.48091201978446224,0,1
1933,0.19329999999999503,1,1,0.48126935193316422,0.095432172863732512,0,-0.19450079732518835,0.48091201978446224,0,1
1934,0.19339999999999502,0,1,-0.48124990185343169,-0.09548026406571096,0,0.19460266577248675,-0.48089182002058178,0,1
1934,0.19339999999999502,1,1,0.48124990185343169,0.09548026406571096,0,-0.19460266577248675,0.48089182002058178,0,1
1935,0.19349999999999501,0,1,-0.48123044158685446,-0.095528353247713013,0,0.19470453615838282,-0.48087160887600106,0,1
1935,0.19349999999999501,1,1,0.48123044158685446,0.095528353247713013,0,-0.19470453615838282,0.48087160887600106,0,1
1936,0.193599999999995,0,1,-0.48121097113323863,-0.09557644040860061,0,0.19480640848388295,-0.48085138634921232,0,1
1936,0.193599999999995,1,1,0.48121097113323863,0.09557644040860061,0,-0.19480640848388295,0.48085138634921232,0,1
1937,0.19369999999999499,0,1,-0.48119149049239024,-0.095624525547235537,0,0.19490828274999358,-0.480831152438707,0,1
1937,0.19369999999999499,1,1,0.48119149049239024,0.095624525547235537,0,-0.19490828274999358,0.480831152438707,0,1
1938,0.19379999999999498,0,1,-0.48117199966411522,-0.095672608662479411,0,0.19501015895772111,-0.48081090714297553,0,1
1938,0.19379999999999498,1,1,0.48117199966411522,0.095672608662479411,0,-0.19501015895772111,0.48081090714297553,0,1
1939,0.19389999999999497,0,1,-0.48115249864821946,-0.095720689753193713,0,0.19511203710807198,-0.48079065046050734,0,1
1939,0.19389999999999497,1,1,0.48115249864821946,0.095720689753193713,0,-0.19511203710807198,0.48079065046050734,0,1
1940,0.19399999999999495,0,1,-0.48113298744450866,-0.095768768818239758,0,0.19521391720205256,-0.48077038238979103,0,1
1940,0.19399999999999495,1,1,0.48113298744450866,0.095768768818239758,0,-0.19521391720205256,0.48077038238979103,0,1
1941,0.19409999999999494,0,1,-0.48111346605278849,-0.095816845856478733,0,0.19531579924066925,-0.48075010292931414,0,1
1941,0.19409999999999494,1,1,0.48111346605278849,0.095816845856478733,0,-0.19531579924066925,0.48075010292931414,0,1
1942,0.19419999999999493,0,1,-0.48109393447286442,-0.095864920866771661,0,0.19541768322492845,-0.48072981207756332,0,1
1942,0.19419999999999493,1,1,0.48109393447286442,0.095864920866771661,0,-0.19541768322492845,0.48072981207756332,0,1
1943,0.19429999999999492,0,1,-0.48107439270454194,-0.095912993847979411,0,0.19551956915583651,-0.48070950983302424,0,1
1943,0.19429999999999492,1,1,0.48107439270454194,0.095912993847979411,0,-0.19551956915583651,0.48070950983302424,0,1
1944,0.19439999999999491,0,1,-0.48105484074762633,-0.095961064798962714,0,0.19562145703439984,-0.48068919619418166,0,1
1944,0.19439999999999491,1,1,0.48105484074762633,0.095961064798962714,0,-0.19562145703439984,0.48068919619418166,0,1
1945,0.1944999999999949,0,1,-0.48103527860192291,-0.096009133718582135,0,0.19572334686162479,-0.48066887115951928,0,1
1945,0.1944999999999949,1,1,0.48103527860192291,0.096009133718582135,0,-0.19572334686162479,0.48066887115951928,0,1
1946,0.19459999999999489,0,1,-0.48101570626723678,-0.096057200605698084,0,0.19582523863851772,-0.48064853472752,0,1
1946,0.19459999999999489,1,1,0.48101570626723678,0.096057200605698084,0,-0.19582523863851772,0.48064853472752,0,1
1947,0.19469999999999488,0,1,-0.48099612374337292,-0.096105265459170836,0,0.195927132366085,-0.4806281868966657,0,1
1947,0.19469999999999488,1,1,0.48099612374337292,0.096105265459170836,0,-0.195927132366085,0.4806281868966657,0,1
1948,0.19479999999999487,0,1,-0.48097653103013632,-0.096153328277860509,0,0.19602902804533295,-0.48060782766543725,0,1
1948,0.19479999999999487,1,1,0.48097653103013632,0.096153328277860509,0,-0.19602902804533295,0.48060782766543725,0,1
1949,0.19489999999999486,0,1,-0.48095692812733176,-0.096201389060627057,0,0.19613092567726795,-0.4805874570323147,0,1
1949,0.19489999999999486,1,1,0.48095692812733176,0.096201389060627057,0,-0.19613092567726795,0.4805874570323147,0,1
1950,0.19499999999999484,0,1,-0.48093731503476406,-0.096249447806330282,0,0.19623282526289629,-0.480567074995777,0,1
1950,0.19499999999999484,1,1,0.48093731503476406,0.096249447806330282,0,-0.19623282526289629,0.480567074995777,0,1
1951,0.19509999999999483,0,1,-0.48091769175223775,-0.09629750451382986,0,0.19633472680322431,-0.48054668155430225,0,1
1951,0.19509999999999483,1,1,0.48091769175223775,0.09629750451382986,0,-0.19633472680322431,0.48054668155430225,0,1
1952,0.19519999999999482,0,1,-0.48089805827955745,-0.096345559181985285,0,0.19643663029925834,-0.48052627670636755,0,1
1952,0.19519999999999482,1,1,0.48089805827955745,0.096345559181985285,0,-0.19643663029925834,0.48052627670636755,0,1
1953,0.19529999999999481,0,1,-0.48087841461652753,-0.096393611809655916,0,0.19653853575200469,-0.48050586045044907,0,1
1953,0.19529999999999481,1,1,0.48087841461652753,0.096393611809655916,0,-0.19653853575200469,0.48050586045044907,0,1
1954,0.1953999999999948,0,1,-0.48085876076295231,-0.096441662395700956,0,0.19664044316246967,-0.48048543278502198,0,1
1954,0.1953999999999948,1,1,0.48085876076295231,0.096441662395700956,0,-0.19664044316246967,0.48048543278502198,0,1
1955,0.19549999999999479,0,1,-0.48083909671863606,-0.096489710938979456,0,0.19674235253165956,-0.48046499370856055,0,1
1955,0.19549999999999479,1,1,0.48083909671863606,0.096489710938979456,0,-0.19674235253165956,0.48046499370856055,0,1
1956,0.19559999999999478,0,1,-0.48081942248338289,-0.096537757438350316,0,0.19684426386058065,-0.48044454321953811,0,1
1956,0.19559999999999478,1,1,0.48081942248338289,0.096537757438350316,0,-0.19684426386058065,0.48044454321953811,0,1
1957,0.19569999999999477,0,1,-0.48079973805699683,-0.096585801892672268,0,0.19694617715023927,-0.480424081316427,0,1
1957,0.19569999999999477,1,1,0.48079973805699683,0.096585801892672268,0,-0.19694617715023927,0.480424081316427,0,1
1958,0.19579999999999476,0,1,-0.48078004343928182,-0.096633844300803906,0,0.19704809240164164,-0.48040360799769855,0,1
1958,0.19579999999999476,1,1,0.48078004343928182,0.096633844300803906,0,-0.19704809240164164,0.48040360799769855,0,1
1959,0.19589999999999475,0,1,-0.48076033863004164,-0.09668188466160367,0,0.19715000961579407,-0.48038312326182325,0,1
1959,0.19589999999999475,1,1,0.48076033863004164,0.09668188466160367,0,-0.19715000961579407,0.48038312326182325,0,1
1960,0.19599999999999473,0,1,-0.48074062362908004,-0.096729922973929849,0,0.19725192879370279,-0.48036262710727051,0,1
1960,0.19599999999999473,1,1,0.48074062362908004,0.096729922973929849,0,-0.19725192879370279,0.48036262710727051,0,1
1961,0.19609999999999472,0,1,-0.48072089843620069,-0.096777959236640579,0,0.19735384993637409,-0.48034211953250894,0,1
1961,0.19609999999999472,1,1,0.48072089843620069,0.096777959236640579,0,-0.19735384993637409,0.48034211953250894,0,1
1962,0.19619999999999471,0,1,-0.48070116305120708,-0.096825993448593828,0,0.19745577304481418,-0.48032160053600603,0,1
1962,0.19619999999999471,1,1,0.48070116305120708,0.096825993448593828,0,-0.19745577304481418,0.48032160053600603,0,1
1963,0.1962999999999947,0,1,-0.48068141747390258,-0.096874025608647427,0,0.19755769812002932,-0.48030107011622841,0,1
1963,0.1962999999999947,1,1,0.48068141747390258,0.096874025608647427,0,-0.19755769812002932,0.48030107011622841,0,1
1964,0.19639999999999469,0,1,-0.48066166170409058,-0.096922055715659053,0,0.19765962516302577,-0.48028052827164175,0,1
1964,0.19639999999999469,1,1,0.48066166170409058,0.096922055715659053,0,-0.19765962516302577,0.48028052827164175,0,1
1965,0.19649999999999468,0,1,-0.48064189574157429,-0.096970083768486218,0,0.1977615541748097,-0.48025997500071071,0,1
1965,0.19649999999999468,1,1,0.48064189574157429,0.096970083768486218,0,-0.1977615541748097,0.48025997500071071,0,1
1966,0.19659999999999467,0,1,-0.4806221195861568,-0.097018109765986293,0,0.19786348515638738,-0.48023941030189904,0,1
1966,0.19659999999999467,1,1,0.4806221195861568,0.097018109765986293,0,-0.19786348515638738,0.48023941030189904,0,1
1967,0.19669999999999466,0,1,-0.48060233323764118,-0.097066133707016486,0,0.197965418108765,-0.48021883417366951,0,1
1967,0.19669999999999466,1,1,0.48060233323764118,0.097066133707016486,0,-0.197965418108765,0.48021883417366951,0,1
1968,0.19679999999999465,0,1,-0.48058253669583029,-0.097114155590433848,0,0.19806735303294876,-0.48019824661448396,0,1
1968,0.19679999999999465,1,1,0.48058253669583029,0.097114155590433848,0,-0.19806735303294876,0.48019824661448396,0,1
1969,0.19689999999999463,0,1,-0.48056272996052701,-0.097162175415095295,0,0.19816928992994487,-0.48017764762280324,0,1
1969,0.19689999999999463,1,1,0.48056272996052701,0.097162175415095295,0,-0.19816928992994487,0.48017764762280324,0,1
1970,0.19699999999999462,0,1,-0.48054291303153401,-0.097210193179857574,0,0.19827122880075951,-0.4801570371970873,0,1
1970,0.19699999999999462,1,1,0.48054291303153401,0.097210193179857574,0,-0.19827122880075951,0.4801570371970873,0,1
1971,0.19709999999999461,0,1,-0.48052308590865395,-0.09725820888357728,0,0.19837316964639884,-0.48013641533579504,0,1
1971,0.19709999999999461,1,1,0.48052308590865395,0.09725820888357728,0,-0.19837316964639884,0.48013641533579504,0,1
1972,0.1971999999999946,0,1,-0.4805032485916893,-0.097306222525110855,0,0.19847511246786906,-0.48011578203738448,0,1
1972,0.1971999999999946,1,1,0.4805032485916893,0.097306222525110855,0,-0.19847511246786906,0.48011578203738448,0,1
1973,0.19729999999999459,0,1,-0.48048340108044252,-0.097354234103314591,0,0.19857705726617633,-0.48009513730031256,0,1
1973,0.19729999999999459,1,1,0.48048340108044252,0.097354234103314591,0,-0.19857705726617633,0.48009513730031256,0,1
1974,0.19739999999999458,0,1,-0.48046354337471592,-0.097402243617044623,0,0.19867900404232683,-0.48007448112303541,0,1
1974,0.19739999999999458,1,1,0.48046354337471592,0.097402243617044623,0,-0.19867900404232683,0.48007448112303541,0,1
1975,0.19749999999999457,0,1,-0.48044367547431166,-0.097450251065156923,0,0.19878095279732666,-0.48005381350400816,0,1
1975,0.19749999999999457,1,1,0.48044367547431166,0.097450251065156923,0,-0.19878095279732666,0.48005381350400816,0,1
1976,0.19759999999999456,0,1,-0.4804237973790319,-0.097498256446507323,0,0.19888290353218199,-0.48003313444168494,0,1
1976,0.19759999999999456,1,1,0.4804237973790319,0.097498256446507323,0,-0.19888290353218199,0.48003313444168494,0,1
1977,0.19769999999999455,0,1,-0.48040390908867869,-0.097546259759951487,0,0.19898485624789897,-0.48001244393451892,0,1
1977,0.19769999999999455,1,1,0.48040390908867869,0.097546259759951487,0,-0.19898485624789897,0.48001244393451892,0,1
1978,0.19779999999999454,0,1,-0.48038401060305391,-0.097594261004344943,0,0.19908681094548369,-0.47999174198096234,0,1
1978,0.19779999999999454,1,1,0.48038401060305391,0.097594261004344943,0,-0.19908681094548369,0.47999174198096234,0,1
1979,0.19789999999999452,0,1,-0.48036410192195939,-0.097642260178543036,0,0.19918876762594231,-0.4799710285794665,0,1
1979,0.19789999999999452,1,1,0.48036410192195939,0.097642260178543036,0,-0.19918876762594231,0.4799710285794665,0,1
1980,0.19799999999999451,0,1,-0.48034418304519677,-0.097690257281400988,0,0.19929072629028091,-0.47995030372848163,0,1
1980,0.19799999999999451,1,1,0.48034418304519677,0.097690257281400988,0,-0.19929072629028091,0.47995030372848163,0,1
1981,0.1980999999999945,0,1,-0.48032425397256773,-0.097738252311773841,0,0.19939268693950563,-0.47992956742645715,0,1
1981,0.1980999999999945,1,1,0.48032425397256773,0.097738252311773841,0,-0.19939268693950563,0.47992956742645715,0,1
1982,0.19819999999999449,0,1,-0.4803043147038738,-0.097786245268516481,0,0.19949464957462251,-0.47990881967184135,0,1
1982,0.19819999999999449,1,1,0.4803043147038738,0.097786245268516481,0,-0.19949464957462251,0.47990881967184135,0,1
1983,0.19829999999999448,0,1,-0.48028436523891632,-0.097834236150483658,0,0.19959661419663768,-0.47988806046308174,0,1
1983,0.19829999999999448,1,1,0.48028436523891632,0.097834236150483658,0,-0.19959661419663768,0.47988806046308174,0,1
1984,0.19839999999999447,0,1,-0.48026440557749667,-0.09788222495652997,0,0.1996985808065572,-0.4798672897986247,0,1
1984,0.19839999999999447,1,1,0.48026440557749667,0.09788222495652997,0,-0.1996985808065572,0.4798672897986247,0,1
1985,0.19849999999999446,0,1,-0.480244435719416,-0.097930211685509833,0,0.19980054940538713,-0.47984650767691578,0,1
1985,0.19849999999999446,1,1,0.480244435719416,0.097930211685509833,0,-0.19980054940538713,0.47984650767691578,0,1
1986,0.19859999999999445,0,1,-0.48022445566447547,-0.097978196336277523,0,0.19990251999413358,-0.47982571409639946,0,1
1986,0.19859999999999445,1,1,0.48022445566447547,0.097978196336277523,0,-0.19990251999413358,0.47982571409639946,0,1
1987,0.19869999999999444,0,1,-0.48020446541247608,-0.098026178907687167,0,0.20000449257380257,-0.47980490905551937,0,1
1987,0.19869999999999444,1,1,0.48020446541247608,0.098026178907687167,0,-0.20000449257380257,0.47980490905551937,0,1
1988,0.19879999999999443,0,1,-0.4801844649632187,-0.098074159398592722,0,0.20010646714540012,-0.47978409255271809,0,1
1988,0.19879999999999443,1,1,0.4801844649632187,0.098074159398592722,0,-0.20010646714540012,0.47978409255271809,0,1
1989,0.19889999999999441,0,1,-0.48016445431650417,-0.098122137807847995,0,0.20020844370993232,-0.4797632645864372,0,1
1989,0.19889999999999441,1,1,0.48016445431650417,0.098122137807847995,0,-0.20020844370993232,0.4797632645864372,0,1
1990,0.1989999999999944,0,1,-0.4801444334721332,-0.098170114134306638,0,0.20031042226840517,-0.47974242515511745,0,1
1990,0.1989999999999944,1,1,0.4801444334721332,0.098170114134306638,0,-0.20031042226840517,0.47974242515511745,0,1
1991,0.19909999999999439,0,1,-0.48012440242990634,-0.098218088376822152,0,0.20041240282182471,-0.47972157425719852,0,1
1991,0.19909999999999439,1,1,0.48012440242990634,0.098218088376822152,0,-0.20041240282182471,0.47972157425719852,0,1
1992,0.19919999999999438,0,1,-0.48010436118962413,-0.09826606053424787,0,0.20051438537119692,-0.47970071189111912,0,1
1992,0.19919999999999438,1,1,0.48010436118962413,0.09826606053424787,0,-0.20051438537119692,0.47970071189111912,0,1
1993,0.19929999999999437,0,1,-0.48008430975108701,-0.098314030605436989,0,0.20061636991752782,-0.47967983805531711,0,1
1993,0.19929999999999437,1,1,0.48008430975108701,0.098314030605436989,0,-0.20061636991752782,0.47967983805531711,0,1
1994,0.19939999999999436,0,1,-0.48006424811409526,-0.098361998589242522,0,0.2007183564618234,-0.47965895274822923,0,1
1994,0.19939999999999436,1,1,0.48006424811409526,0.098361998589242522,0,-0.2007183564618234,0.47965895274822923,0,1
1995,0.19949999999999435,0,1,-0.48004417627844909,-0.098409964484517345,0,0.20082034500508966,-0.47963805596829134,0,1
1995,0.19949999999999435,1,1,0.48004417627844909,0.098409964484517345,0,-0.20082034500508966,0.47963805596829134,0,1
1996,0.19959999999999434,0,1,-0.4800240942439486,-0.098457928290114169,0,0.20092233554833258,-0.47961714771393837,0,1
1996,0.19959999999999434,1,1,0.4800240942439486,0.098457928290114169,0,-0.20092233554833258,0.47961714771393837,0,1
1997,0.19969999999999433,0,1,-0.48000400201039378,-0.098505890004885563,0,0.20102432809255813,-0.47959622798360418,0,1
1997,0.19969999999999433,1,1,0.48000400201039378,0.098505890004885563,0,-0.20102432809255813,0.47959622798360418,0,1
1998,0.19979999999999432,0,1,-0.47998389957758453,-0.098553849627683918,0,0.20112632263877225,-0.47957529677572175,0,1
1998,0.19979999999999432,1,1,0.47998389957758453,0.098553849627683918,0,-0.20112632263877225,0.47957529677572175,0,1
1999,0.1998999999999943,0,1,-0.47996378694532066,-0.098601807157361485,0,0.20122831918798093,-0.4795543540887231,0,1
1999,0.1998999999999943,1,1,0.47996378694532066,0.098601807157361485,0,-0.20122831918798093,0.4795543540887231,0,1
2000,0.19999999999999429,0,1,-0.47994366411340184,-0.098649762592770363,0,0.20133031774119009,-0.47953339992103916,0,1
2000,0.19999999999999429,1,1,0.47994366411340184,0.098649762592770363,0,-0.20133031774119009,0.47953339992103916,0,1
